repository,unit_type,unit,status,size,detail,in_live_readme,matched_in,method,score,disposition
aspose-3d-foss/Aspose.3D-FOSS-for-.NET,readme_unit,Aspose.3D FOSS for .NET,PRESENT_IN_README,12,12 lines,n/a,sealed_readme,heading+overlap,0.57,
aspose-3d-foss/Aspose.3D-FOSS-for-.NET,readme_unit,Navigation,PRESENT_IN_README,13,13 lines,n/a,sealed_readme,heading+overlap,1.00,
aspose-3d-foss/Aspose.3D-FOSS-for-.NET,readme_unit,At a Glance,PRESENT_IN_README,35,35 lines,n/a,sealed_readme,heading+overlap,0.69,
aspose-3d-foss/Aspose.3D-FOSS-for-.NET,readme_unit,Key Capabilities,PRESENT_IN_README,27,27 lines,n/a,sealed_readme,heading+overlap,0.72,
aspose-3d-foss/Aspose.3D-FOSS-for-.NET,readme_unit,Installation,PRESENT_IN_README,13,13 lines,n/a,sealed_readme,heading+overlap,0.45,
aspose-3d-foss/Aspose.3D-FOSS-for-.NET,readme_unit,Required Package Dependencies,PRESENT_IN_README,4,4 lines,n/a,sealed_readme,heading+overlap,0.65,
aspose-3d-foss/Aspose.3D-FOSS-for-.NET,readme_unit,Native and System Requirements,PRESENT_IN_FACTS,4,4 lines,n/a,facts,heading+overlap,1.00,SUPERSEDE_REDUNDANT->dependencies x1
aspose-3d-foss/Aspose.3D-FOSS-for-.NET,readme_unit,Development Dependencies,PRESENT_IN_FACTS,6,6 lines,n/a,facts,heading+overlap,1.00,SUPERSEDE_REDUNDANT->dependencies x1
aspose-3d-foss/Aspose.3D-FOSS-for-.NET,readme_unit,Quick Start,PRESENT_IN_README,20,20 lines,n/a,sealed_readme,heading+overlap,0.93,
aspose-3d-foss/Aspose.3D-FOSS-for-.NET,readme_unit,Additional Examples,PRESENT_IN_README,14,14 lines,n/a,sealed_readme,heading+overlap,0.73,
aspose-3d-foss/Aspose.3D-FOSS-for-.NET,readme_unit,Enumerate a Scene's Node Hierarchy,PRESENT_IN_README,13,13 lines,n/a,sealed_readme,content_overlap,0.62,
aspose-3d-foss/Aspose.3D-FOSS-for-.NET,readme_unit,Convert a Lambert Material to PBR,PRESENT_IN_README,10,10 lines,n/a,sealed_readme,content_overlap,0.81,
aspose-3d-foss/Aspose.3D-FOSS-for-.NET,readme_unit,Load OBJ With Custom Options and Export to STL,PRESENT_IN_README,16,16 lines,n/a,sealed_readme,content_overlap,0.95,
aspose-3d-foss/Aspose.3D-FOSS-for-.NET,readme_unit,Save a Scene to COLLADA Through a Stream,PRESENT_IN_README,17,17 lines,n/a,sealed_readme,content_overlap,0.94,
aspose-3d-foss/Aspose.3D-FOSS-for-.NET,readme_unit,Handle an Unrecognized 3D File Format,PRESENT_IN_README,19,19 lines,n/a,sealed_readme,content_overlap,0.95,
aspose-3d-foss/Aspose.3D-FOSS-for-.NET,readme_unit,API Reference,PRESENT_IN_README,8,8 lines,n/a,sealed_readme,heading+overlap,0.83,
aspose-3d-foss/Aspose.3D-FOSS-for-.NET,readme_unit,Main,PRESENT_IN_README,205,205 lines,n/a,sealed_readme,content_overlap,0.81,
aspose-3d-foss/Aspose.3D-FOSS-for-.NET,readme_unit,Interfaces,PRESENT_IN_README,26,26 lines,n/a,sealed_readme,content_overlap,0.93,
aspose-3d-foss/Aspose.3D-FOSS-for-.NET,readme_unit,Structs,PRESENT_IN_README,19,19 lines,n/a,sealed_readme,content_overlap,0.68,
aspose-3d-foss/Aspose.3D-FOSS-for-.NET,readme_unit,Enumerations,PRESENT_IN_README,60,60 lines,n/a,sealed_readme,heading+overlap,0.90,
aspose-3d-foss/Aspose.3D-FOSS-for-.NET,readme_unit,Documentation & Resources,PRESENT_IN_README,9,9 lines,n/a,sealed_readme,heading+overlap,0.91,
aspose-3d-foss/Aspose.3D-FOSS-for-.NET,readme_unit,Scope and Limitations,PRESENT_IN_README,34,34 lines,n/a,sealed_readme,heading+overlap,0.54,
aspose-3d-foss/Aspose.3D-FOSS-for-.NET,readme_unit,Development and Testing,PRESENT_IN_README,18,18 lines,n/a,sealed_readme,heading+overlap,0.95,
aspose-3d-foss/Aspose.3D-FOSS-for-.NET,readme_unit,License,PRESENT_IN_README,2,2 lines,n/a,sealed_readme,heading+overlap,1.00,
aspose-3d-foss/Aspose.3D-FOSS-for-.NET,doc_page,docs/foss-net-progress.md,PRESENT_IN_README,204,204 lines; headings: FOSS .NET Development Progress | Current Version: 26.2.0 | Status: COMPLETE \u2705 | Task #93: 3DS Import Support | Task #112: 3DS Export Support,true,sealed_readme,path,1.00,
aspose-3d-foss/Aspose.3D-FOSS-for-.NET,doc_page,docs/release-26.2.0.md,PRESENT_IN_README,161,161 lines; headings: FOSS 26.2.0 Release Notes | Version Information | API Coverage | API Alignment Status | Implementation Categories,true,sealed_readme,path,1.00,
aspose-3d-foss/Aspose.3D-FOSS-for-.NET,license_notice,LICENSE,PRESENT_IN_README,22,22 lines,true,sealed_readme,pattern,1.00,
aspose-3d-foss/Aspose.3D-FOSS-for-.NET,cli_entry,Converter,MISSING,0,OutputType Exe in src/converter/Converter.csproj,false,,,,
aspose-3d-foss/Aspose.3D-FOSS-for-.NET,target_framework,target framework net10.0,MISSING,0,dotnet; declared in 2 file(s): src/converter/Converter.csproj,true,,,,
aspose-3d-foss/Aspose.3D-FOSS-for-.NET,target_framework,target framework net6.0,MISSING,0,dotnet; declared in 1 file(s): src/main/Aspose.ThreeD/Aspose.ThreeD.csproj,true,,,,
aspose-3d-foss/Aspose.3D-FOSS-for-.NET,target_framework,target framework net8.0,MISSING,0,dotnet; declared in 1 file(s): src/main/Aspose.ThreeD/Aspose.ThreeD.csproj,true,,,,
aspose-3d-foss/Aspose.3D-FOSS-for-.NET,target_framework,target framework netcoreapp3.1,PRESENT_IN_README,0,dotnet; declared in 1 file(s): src/main/Aspose.ThreeD/Aspose.ThreeD.csproj,true,sealed_readme,pattern,1.00,
aspose-3d-foss/Aspose.3D-FOSS-for-.NET,test_suite,src/test,MISSING,18,18 test file(s),false,,,,
aspose-3d-foss/Aspose.3D-FOSS-for-.NET,build_command,dotnet build,PRESENT_IN_README,0,2 source(s): convention:src/converter/Converter.csproj; convention:src/main/Aspose.ThreeD/Aspose.ThreeD.csproj,true,sealed_readme,command,1.00,
aspose-3d-foss/Aspose.3D-FOSS-for-.NET,test_command,dotnet test,MISSING,0,2 source(s): convention:src/converter/Converter.csproj; convention:src/main/Aspose.ThreeD/Aspose.ThreeD.csproj,true,,,,
aspose-3d-foss/Aspose.3D-FOSS-for-Java,readme_unit,Aspose.3D FOSS for Java,PRESENT_IN_FACTS,14,14 lines,n/a,facts,heading+overlap,1.00,SUPERSEDE_REDUNDANT->additional_examples x1; SUPERSEDE_REDUNDANT->at_a_glance x1; SUPERSEDE_REDUNDANT->badges x1; SUPERSEDE_REDUNDANT->banner x1; SUPERSEDE_REDUNDANT->dependencies x1; SUPERSEDE_REDUNDANT->identity x1; SUPERSEDE_REDUNDANT->installation x1; SUPERSEDE_REDUNDANT->key_capabilities x1; SUPERSEDE_REDUNDANT->license x1; SUPERSEDE_REDUNDANT->navigation x1; SUPERSEDE_REDUNDANT->opening x1; SUPERSEDE_REDUNDANT->quick_start x1; VERIFIED_PRESERVE->api_reference x1; VERIFIED_PRESERVE->development_testing x1; VERIFIED_PRESERVE->documentation_resources x1; VERIFIED_PRESERVE->scope_limitations x1
aspose-3d-foss/Aspose.3D-FOSS-for-Java,readme_unit,Navigation,PRESENT_IN_README,13,13 lines,n/a,sealed_readme,heading+overlap,0.79,
aspose-3d-foss/Aspose.3D-FOSS-for-Java,readme_unit,At a Glance,PRESENT_IN_README,30,30 lines,n/a,sealed_readme,heading+overlap,0.74,
aspose-3d-foss/Aspose.3D-FOSS-for-Java,readme_unit,Key Capabilities,PRESENT_IN_README,10,10 lines,n/a,sealed_readme,heading+overlap,0.85,
aspose-3d-foss/Aspose.3D-FOSS-for-Java,readme_unit,Installation,PRESENT_IN_FACTS,30,30 lines,n/a,facts,heading+overlap,1.00,SUPERSEDE_REDUNDANT->installation x1
aspose-3d-foss/Aspose.3D-FOSS-for-Java,readme_unit,Required Package Dependencies,PRESENT_IN_README,3,3 lines,n/a,sealed_readme,heading+overlap,1.00,
aspose-3d-foss/Aspose.3D-FOSS-for-Java,readme_unit,Native and System Requirements,PRESENT_IN_README,4,4 lines,n/a,sealed_readme,heading+overlap,0.59,
aspose-3d-foss/Aspose.3D-FOSS-for-Java,readme_unit,Development Dependencies,PRESENT_IN_README,3,3 lines,n/a,sealed_readme,heading+overlap,0.56,
aspose-3d-foss/Aspose.3D-FOSS-for-Java,readme_unit,Quick Start,PRESENT_IN_README,29,29 lines,n/a,sealed_readme,content_overlap,0.61,
aspose-3d-foss/Aspose.3D-FOSS-for-Java,readme_unit,Additional Examples,PRESENT_IN_FACTS,4,4 lines,n/a,facts,heading+overlap,1.00,SUPERSEDE_REDUNDANT->additional_examples x1
aspose-3d-foss/Aspose.3D-FOSS-for-Java,readme_unit,Build a Scene From a Primitive,PRESENT_IN_README,14,14 lines,n/a,sealed_readme,content_overlap,0.68,
aspose-3d-foss/Aspose.3D-FOSS-for-Java,readme_unit,Assign a PBR Material,PRESENT_IN_README,19,19 lines,n/a,sealed_readme,content_overlap,0.66,
aspose-3d-foss/Aspose.3D-FOSS-for-Java,readme_unit,Define a NURBS Curve's Control Points,PRESENT_IN_README,12,12 lines,n/a,sealed_readme,content_overlap,0.75,
aspose-3d-foss/Aspose.3D-FOSS-for-Java,readme_unit,Detect a Format From a Stream and Load It,PRESENT_IN_README,13,13 lines,n/a,sealed_readme,content_overlap,0.70,
aspose-3d-foss/Aspose.3D-FOSS-for-Java,readme_unit,Read and Set a Node's Transform,PRESENT_IN_README,12,12 lines,n/a,sealed_readme,content_overlap,0.68,
aspose-3d-foss/Aspose.3D-FOSS-for-Java,readme_unit,API Reference,PRESENT_IN_README,9,9 lines,n/a,sealed_readme,heading+overlap,0.92,
aspose-3d-foss/Aspose.3D-FOSS-for-Java,readme_unit,Core API,PRESENT_IN_README,204,204 lines,n/a,sealed_readme,heading+overlap,0.76,
aspose-3d-foss/Aspose.3D-FOSS-for-Java,readme_unit,Interfaces,PRESENT_IN_README,25,25 lines,n/a,sealed_readme,content_overlap,0.89,
aspose-3d-foss/Aspose.3D-FOSS-for-Java,readme_unit,Enumerations,PRESENT_IN_README,49,49 lines,n/a,sealed_readme,heading+overlap,0.87,
aspose-3d-foss/Aspose.3D-FOSS-for-Java,readme_unit,Scene Graph,PRESENT_IN_README,9,9 lines,n/a,sealed_readme,content_overlap,1.00,
aspose-3d-foss/Aspose.3D-FOSS-for-Java,readme_unit,Geometry and Primitives,PRESENT_IN_README,10,10 lines,n/a,sealed_readme,content_overlap,1.00,
aspose-3d-foss/Aspose.3D-FOSS-for-Java,readme_unit,Materials and Textures,PRESENT_IN_README,8,8 lines,n/a,sealed_readme,content_overlap,0.97,
aspose-3d-foss/Aspose.3D-FOSS-for-Java,readme_unit,Format I/O,PRESENT_IN_README,7,7 lines,n/a,sealed_readme,content_overlap,1.00,
aspose-3d-foss/Aspose.3D-FOSS-for-Java,readme_unit,Math,PRESENT_IN_README,6,6 lines,n/a,sealed_readme,content_overlap,0.95,
aspose-3d-foss/Aspose.3D-FOSS-for-Java,readme_unit,Exceptions,PRESENT_IN_README,6,6 lines,n/a,sealed_readme,content_overlap,0.91,
aspose-3d-foss/Aspose.3D-FOSS-for-Java,readme_unit,Documentation & Resources,PRESENT_IN_README,10,10 lines,n/a,sealed_readme,heading+overlap,1.00,
aspose-3d-foss/Aspose.3D-FOSS-for-Java,readme_unit,Scope and Limitations,PRESENT_IN_README,17,17 lines,n/a,sealed_readme,heading+overlap,0.54,
aspose-3d-foss/Aspose.3D-FOSS-for-Java,readme_unit,Development and Testing,PRESENT_IN_README,24,24 lines,n/a,sealed_readme,heading+overlap,0.89,
aspose-3d-foss/Aspose.3D-FOSS-for-Java,readme_unit,License,PRESENT_IN_README,7,7 lines,n/a,sealed_readme,heading+overlap,0.79,
aspose-3d-foss/Aspose.3D-FOSS-for-Java,root_doc,FILE_FORMATS.md,PRESENT_IN_README,65,65 lines; headings: File Format Support | Summary | Format Details | OBJ | STL,true,sealed_readme,path,1.00,
aspose-3d-foss/Aspose.3D-FOSS-for-Java,root_doc,PUBLISHING.md,PRESENT_IN_README,99,99 lines; headings: Maven Central Publishing - Aspose.3D-FOSS-for-Java | What Was Changed and Why | pom.xml changes | Files added by this skill | Files NOT changed,true,sealed_readme,path,1.00,
aspose-3d-foss/Aspose.3D-FOSS-for-Java,root_doc,TODO.md,PRESENT_IN_README,283,283 lines; headings: TODO - Aspose.3D FOSS Port (Java) | Phase 1: Core Infrastructure | Phase 2: File Format Plugins | Phase 3: Core 3D Operations | Phase 4: Advanced Features,true,sealed_readme,path,1.00,
aspose-3d-foss/Aspose.3D-FOSS-for-Java,doc_page,docs/api-diff-26.1.0.md,PRESENT_IN_README,839,839 lines; headings: API Diff: Java FOSS vs On-Premise 26.1.0 | Summary | Added Types | Core Types | Removed Types,true,sealed_readme,path,1.00,
aspose-3d-foss/Aspose.3D-FOSS-for-Java,doc_page,docs/directory-structures.md,PRESENT_IN_README,70,70 lines; headings: .NET FOSS to Java FOSS Directory Structure Mapping | Summary | Mapping | Current Java Structure (Maven) | Notes,true,sealed_readme,path,1.00,
aspose-3d-foss/Aspose.3D-FOSS-for-Java,doc_page,docs/foss-java-progress.md,PRESENT_IN_README,168,168 lines; headings: FOSS Java Progress Tracking | Current Phase: Stage 1 - Source Port (IN PROGRESS) | Date: 2026-07-10 | Session: 471 | Session 469 - 2026-07-04,true,sealed_readme,path,1.00,
aspose-3d-foss/Aspose.3D-FOSS-for-Java,license_notice,LICENSE,PRESENT_IN_README,22,22 lines,true,sealed_readme,pattern,1.00,
aspose-3d-foss/Aspose.3D-FOSS-for-Java,github_release,release v26.5.0,PRESENT_IN_README,93,latest release v26.5.0 published 2026-07-16; 93 chars,true,sealed_readme,content_overlap,0.64,
aspose-3d-foss/Aspose.3D-FOSS-for-Java,target_framework,java release 21,PRESENT_IN_README,0,java; declared in 1 file(s): pom.xml,true,sealed_readme,pattern,1.00,
aspose-3d-foss/Aspose.3D-FOSS-for-Java,test_suite,src/test,MISSING,11,11 test file(s),false,,,,
aspose-3d-foss/Aspose.3D-FOSS-for-Java,test_command,mvn test,MISSING,0,1 source(s): convention:pom.xml,true,,,,
aspose-3d-foss/Aspose.3D-FOSS-for-Java,test_command,mvn verify,MISSING,0,1 source(s): ci:.github/workflows/maven-central-release.yml,false,,,,
aspose-3d-foss/Aspose.3D-FOSS-for-Python,readme_unit,Aspose.3D FOSS for Python,PRESENT_IN_README,10,10 lines,n/a,sealed_readme,heading+overlap,0.61,
aspose-3d-foss/Aspose.3D-FOSS-for-Python,readme_unit,Navigation,PRESENT_IN_README,13,13 lines,n/a,sealed_readme,heading+overlap,1.00,
aspose-3d-foss/Aspose.3D-FOSS-for-Python,readme_unit,At a Glance,PRESENT_IN_README,32,32 lines,n/a,sealed_readme,heading+overlap,0.62,
aspose-3d-foss/Aspose.3D-FOSS-for-Python,readme_unit,Key Capabilities,PRESENT_IN_README,22,22 lines,n/a,sealed_readme,heading+overlap,0.65,
aspose-3d-foss/Aspose.3D-FOSS-for-Python,readme_unit,Installation,PRESENT_IN_README,24,24 lines,n/a,sealed_readme,heading+overlap,0.79,
aspose-3d-foss/Aspose.3D-FOSS-for-Python,readme_unit,Required Package Dependencies,PRESENT_IN_README,3,3 lines,n/a,sealed_readme,heading+overlap,1.00,
aspose-3d-foss/Aspose.3D-FOSS-for-Python,readme_unit,Native and System Requirements,PRESENT_IN_README,3,3 lines,n/a,sealed_readme,heading+overlap,1.00,
aspose-3d-foss/Aspose.3D-FOSS-for-Python,readme_unit,Development Dependencies,PRESENT_IN_FACTS,6,6 lines,n/a,facts,heading+overlap,1.00,SUPERSEDE_REDUNDANT->dependencies x1
aspose-3d-foss/Aspose.3D-FOSS-for-Python,readme_unit,Quick Start,PRESENT_IN_README,35,35 lines,n/a,sealed_readme,heading+overlap,0.64,
aspose-3d-foss/Aspose.3D-FOSS-for-Python,readme_unit,Additional Examples,PRESENT_IN_FACTS,4,4 lines,n/a,facts,heading+overlap,1.00,SUPERSEDE_REDUNDANT->additional_examples x1
aspose-3d-foss/Aspose.3D-FOSS-for-Python,readme_unit,Convert Between Formats,PRESENT_IN_README,12,12 lines,n/a,sealed_readme,content_overlap,0.78,
aspose-3d-foss/Aspose.3D-FOSS-for-Python,readme_unit,Assign a PBR Material to a Primitive,PRESENT_IN_README,17,17 lines,n/a,sealed_readme,content_overlap,1.00,
aspose-3d-foss/Aspose.3D-FOSS-for-Python,readme_unit,Build a Mesh From Control Points and Export It to glTF,PRESENT_IN_README,43,43 lines,n/a,sealed_readme,content_overlap,0.90,
aspose-3d-foss/Aspose.3D-FOSS-for-Python,readme_unit,Triangulate an Imported Mesh,PRESENT_IN_README,15,15 lines,n/a,sealed_readme,content_overlap,0.68,
aspose-3d-foss/Aspose.3D-FOSS-for-Python,readme_unit,Walk the Scene Graph,PRESENT_IN_README,15,15 lines,n/a,sealed_readme,content_overlap,1.00,
aspose-3d-foss/Aspose.3D-FOSS-for-Python,readme_unit,Position a Node With Transform,PRESENT_IN_README,15,15 lines,n/a,sealed_readme,content_overlap,0.68,
aspose-3d-foss/Aspose.3D-FOSS-for-Python,readme_unit,Build a Mesh and Export It to STL,PRESENT_IN_README,28,28 lines,n/a,sealed_readme,content_overlap,1.00,
aspose-3d-foss/Aspose.3D-FOSS-for-Python,readme_unit,Convert a Parametric Primitive to a Mesh,PRESENT_IN_README,9,9 lines,n/a,sealed_readme,content_overlap,0.94,
aspose-3d-foss/Aspose.3D-FOSS-for-Python,readme_unit,Import a COLLADA File,PRESENT_IN_README,12,12 lines,n/a,sealed_readme,content_overlap,0.74,
aspose-3d-foss/Aspose.3D-FOSS-for-Python,readme_unit,Build a Cube and Export It to 3MF,PRESENT_IN_README,40,40 lines,n/a,sealed_readme,content_overlap,1.00,
aspose-3d-foss/Aspose.3D-FOSS-for-Python,readme_unit,API Reference,PRESENT_IN_README,9,9 lines,n/a,sealed_readme,heading+overlap,0.74,
aspose-3d-foss/Aspose.3D-FOSS-for-Python,readme_unit,Core API,PRESENT_IN_README,304,304 lines,n/a,sealed_readme,heading+overlap,0.72,
aspose-3d-foss/Aspose.3D-FOSS-for-Python,readme_unit,Enumerations,PRESENT_IN_README,11,11 lines,n/a,sealed_readme,heading+overlap,0.66,
aspose-3d-foss/Aspose.3D-FOSS-for-Python,readme_unit,Documentation & Resources,PRESENT_IN_README,9,9 lines,n/a,sealed_readme,heading+overlap,0.67,
aspose-3d-foss/Aspose.3D-FOSS-for-Python,readme_unit,Scope and Limitations,PRESENT_IN_README,46,46 lines,n/a,sealed_readme,heading+overlap,0.62,
aspose-3d-foss/Aspose.3D-FOSS-for-Python,readme_unit,Development and Testing,PRESENT_IN_README,23,23 lines,n/a,sealed_readme,heading+overlap,0.57,
aspose-3d-foss/Aspose.3D-FOSS-for-Python,readme_unit,License,PRESENT_IN_README,4,4 lines,n/a,sealed_readme,heading+overlap,1.00,
aspose-3d-foss/Aspose.3D-FOSS-for-Python,doc_page,docs/FBX_IMPLEMENTATION_SUMMARY.md,PRESENT_IN_FACTS,43,43 lines; headings: FBX Parser Implementation Summary | What Was Implemented | 1. Tokenizer (`aspose/threed/formats/fbx/tokenizer.py`) | 2. Parser (`aspose/threed/formats/fbx/parser.py`) | 3. FBX Module Files,true,facts,path,1.00,
aspose-3d-foss/Aspose.3D-FOSS-for-Python,doc_page,docs/IMPLEMENTATION_SUMMARY.md,PRESENT_IN_FACTS,248,248 lines; headings: Scene/Node/Entity/Transform Implementation Summary | Overview | Implemented Classes | Core Classes (Primary Target) | Base Classes (Infrastructure),true,facts,path,1.00,
aspose-3d-foss/Aspose.3D-FOSS-for-Python,doc_page,docs/OBJ_IMPORTER_IMPLEMENTATION.md,PRESENT_IN_FACTS,164,164 lines; headings: Wavefront OBJ Importer Implementation | Overview | Files Created | Implementation Files (`aspose/threed/formats/obj/`) | Support Files,true,facts,path,1.00,
aspose-3d-foss/Aspose.3D-FOSS-for-Python,doc_page,docs/PYPI_READINESS.md,PRESENT_IN_FACTS,208,208 lines; headings: PyPI Package Structure Verification | ✅ Ready for PyPI Publishing | Package Structure | PyPI Required Files | Package Features,true,facts,path,1.00,
aspose-3d-foss/Aspose.3D-FOSS-for-Python,doc_page,docs/STL_IMPORT_IMPLEMENTATION.md,PRESENT_IN_FACTS,272,272 lines; headings: STL Import/Export Implementation | Overview | Files Created | Core Implementation Files | Test Files,true,facts,path,1.00,
aspose-3d-foss/Aspose.3D-FOSS-for-Python,doc_page,docs/foss-python-progress.md,PRESENT_IN_FACTS,224,224 lines; headings: FOSS Python Progress | Current Version | Porting Status | Stage: Source Port (Initial Sync) - COMPLETE | Completed Ports,true,facts,path,1.00,
aspose-3d-foss/Aspose.3D-FOSS-for-Python,doc_page,docs/releasing.md,PRESENT_IN_FACTS,57,57 lines; headings: Releasing aspose-3d-foss to PyPI | One-time setup (project owner) | Cutting a release | Notes,true,facts,path,1.00,
aspose-3d-foss/Aspose.3D-FOSS-for-Python,license_notice,LICENSE,PRESENT_IN_README,22,22 lines,true,sealed_readme,pattern,1.00,
aspose-3d-foss/Aspose.3D-FOSS-for-Python,target_framework,python_requires 3.7,PRESENT_IN_README,0,python; declared in 1 file(s): setup.py,true,sealed_readme,pattern,1.00,
aspose-3d-foss/Aspose.3D-FOSS-for-Python,test_suite,tests,PRESENT_IN_README,34,34 test file(s),true,sealed_readme,dir_pointer,0.00,
aspose-3d-foss/Aspose.3D-FOSS-for-Python,build_command,python -m build,MISSING,0,1 source(s): ci:.github/workflows/publish.yml,false,,,,
aspose-3d-foss/Aspose.3D-FOSS-for-TypeScript,readme_unit,Aspose.3D FOSS for TypeScript,NO_BUNDLE,12,12 lines,n/a,,,,
aspose-3d-foss/Aspose.3D-FOSS-for-TypeScript,readme_unit,Navigation,NO_BUNDLE,13,13 lines,n/a,,,,
aspose-3d-foss/Aspose.3D-FOSS-for-TypeScript,readme_unit,At a Glance,NO_BUNDLE,34,34 lines,n/a,,,,
aspose-3d-foss/Aspose.3D-FOSS-for-TypeScript,readme_unit,Key Capabilities,NO_BUNDLE,28,28 lines,n/a,,,,
aspose-3d-foss/Aspose.3D-FOSS-for-TypeScript,readme_unit,Installation,NO_BUNDLE,14,14 lines,n/a,,,,
aspose-3d-foss/Aspose.3D-FOSS-for-TypeScript,readme_unit,Required Package Dependencies,NO_BUNDLE,4,4 lines,n/a,,,,
aspose-3d-foss/Aspose.3D-FOSS-for-TypeScript,readme_unit,Development Dependencies,NO_BUNDLE,9,9 lines,n/a,,,,
aspose-3d-foss/Aspose.3D-FOSS-for-TypeScript,readme_unit,Quick Start,NO_BUNDLE,12,12 lines,n/a,,,,
aspose-3d-foss/Aspose.3D-FOSS-for-TypeScript,readme_unit,Additional Examples,NO_BUNDLE,21,21 lines,n/a,,,,
aspose-3d-foss/Aspose.3D-FOSS-for-TypeScript,readme_unit,Load OBJ With Custom Options and Export to Binary STL,NO_BUNDLE,19,19 lines,n/a,,,,
aspose-3d-foss/Aspose.3D-FOSS-for-TypeScript,readme_unit,Triangulate Raw Control Points With PolygonModifier,NO_BUNDLE,20,20 lines,n/a,,,,
aspose-3d-foss/Aspose.3D-FOSS-for-TypeScript,readme_unit,API Reference,NO_BUNDLE,8,8 lines,n/a,,,,
aspose-3d-foss/Aspose.3D-FOSS-for-TypeScript,readme_unit,Core Scene Graph,NO_BUNDLE,9,9 lines,n/a,,,,
aspose-3d-foss/Aspose.3D-FOSS-for-TypeScript,readme_unit,Geometry and Mesh,NO_BUNDLE,14,14 lines,n/a,,,,
aspose-3d-foss/Aspose.3D-FOSS-for-TypeScript,readme_unit,Transform and Spatial,NO_BUNDLE,7,7 lines,n/a,,,,
aspose-3d-foss/Aspose.3D-FOSS-for-TypeScript,readme_unit,Materials,NO_BUNDLE,8,8 lines,n/a,,,,
aspose-3d-foss/Aspose.3D-FOSS-for-TypeScript,readme_unit,Camera and Lighting,NO_BUNDLE,8,8 lines,n/a,,,,
aspose-3d-foss/Aspose.3D-FOSS-for-TypeScript,readme_unit,Math Utilities,NO_BUNDLE,10,10 lines,n/a,,,,
aspose-3d-foss/Aspose.3D-FOSS-for-TypeScript,readme_unit,Animation,NO_BUNDLE,14,14 lines,n/a,,,,
aspose-3d-foss/Aspose.3D-FOSS-for-TypeScript,readme_unit,Format I/O,NO_BUNDLE,10,10 lines,n/a,,,,
aspose-3d-foss/Aspose.3D-FOSS-for-TypeScript,readme_unit,OBJ Format,NO_BUNDLE,9,9 lines,n/a,,,,
aspose-3d-foss/Aspose.3D-FOSS-for-TypeScript,readme_unit,GLTF Format,NO_BUNDLE,9,9 lines,n/a,,,,
aspose-3d-foss/Aspose.3D-FOSS-for-TypeScript,readme_unit,STL Format,NO_BUNDLE,9,9 lines,n/a,,,,
aspose-3d-foss/Aspose.3D-FOSS-for-TypeScript,readme_unit,3MF Format,NO_BUNDLE,9,9 lines,n/a,,,,
aspose-3d-foss/Aspose.3D-FOSS-for-TypeScript,readme_unit,FBX Format,NO_BUNDLE,9,9 lines,n/a,,,,
aspose-3d-foss/Aspose.3D-FOSS-for-TypeScript,readme_unit,COLLADA Format,NO_BUNDLE,7,7 lines,n/a,,,,
aspose-3d-foss/Aspose.3D-FOSS-for-TypeScript,readme_unit,Properties System,NO_BUNDLE,7,7 lines,n/a,,,,
aspose-3d-foss/Aspose.3D-FOSS-for-TypeScript,readme_unit,Asset Info,NO_BUNDLE,8,8 lines,n/a,,,,
aspose-3d-foss/Aspose.3D-FOSS-for-TypeScript,readme_unit,Documentation & Resources,NO_BUNDLE,6,6 lines,n/a,,,,
aspose-3d-foss/Aspose.3D-FOSS-for-TypeScript,readme_unit,Scope and Limitations,NO_BUNDLE,40,40 lines,n/a,,,,
aspose-3d-foss/Aspose.3D-FOSS-for-TypeScript,readme_unit,Development and Testing,NO_BUNDLE,21,21 lines,n/a,,,,
aspose-3d-foss/Aspose.3D-FOSS-for-TypeScript,readme_unit,License,NO_BUNDLE,2,2 lines,n/a,,,,
aspose-3d-foss/Aspose.3D-FOSS-for-TypeScript,target_framework,tsconfig target ES2020,NO_BUNDLE,0,ts; declared in 1 file(s): tsconfig.json,false,,,,
aspose-3d-foss/Aspose.3D-FOSS-for-TypeScript,test_suite,tests,NO_BUNDLE,33,33 test file(s),false,,,,
aspose-3d-foss/Aspose.3D-FOSS-for-TypeScript,build_command,npm build,NO_BUNDLE,0,1 source(s): manifest:package.json,true,,,,
aspose-3d-foss/Aspose.3D-FOSS-for-TypeScript,test_command,npm test,NO_BUNDLE,0,1 source(s): manifest:package.json,true,,,,
aspose-barcode-foss/Aspose.BarCode-FOSS-for-Python,readme_unit,Aspose.BarCode FOSS for Python,PRESENT_IN_README,12,12 lines,n/a,sealed_readme,heading+overlap,0.42,
aspose-barcode-foss/Aspose.BarCode-FOSS-for-Python,readme_unit,Navigation,PRESENT_IN_README,13,13 lines,n/a,sealed_readme,heading+overlap,1.00,
aspose-barcode-foss/Aspose.BarCode-FOSS-for-Python,readme_unit,At a Glance,PRESENT_IN_README,20,20 lines,n/a,sealed_readme,heading+overlap,0.71,
aspose-barcode-foss/Aspose.BarCode-FOSS-for-Python,readme_unit,Key Capabilities,PRESENT_IN_README,16,16 lines,n/a,sealed_readme,heading+overlap,0.48,
aspose-barcode-foss/Aspose.BarCode-FOSS-for-Python,readme_unit,Installation,PRESENT_IN_README,14,14 lines,n/a,sealed_readme,heading+overlap,0.52,
aspose-barcode-foss/Aspose.BarCode-FOSS-for-Python,readme_unit,Required Package Dependencies,PRESENT_IN_FACTS,3,3 lines,n/a,facts,heading+overlap,1.00,SUPERSEDE_REDUNDANT->dependencies x1
aspose-barcode-foss/Aspose.BarCode-FOSS-for-Python,readme_unit,Native and System Requirements,PRESENT_IN_README,3,3 lines,n/a,sealed_readme,heading+overlap,1.00,
aspose-barcode-foss/Aspose.BarCode-FOSS-for-Python,readme_unit,Development Dependencies,PRESENT_IN_FACTS,4,4 lines,n/a,facts,heading+overlap,1.00,SUPERSEDE_REDUNDANT->dependencies x1
aspose-barcode-foss/Aspose.BarCode-FOSS-for-Python,readme_unit,Quick Start,PRESENT_IN_README,11,11 lines,n/a,sealed_readme,heading+overlap,0.94,
aspose-barcode-foss/Aspose.BarCode-FOSS-for-Python,readme_unit,Additional Examples,PRESENT_IN_README,61,61 lines,n/a,sealed_readme,heading+overlap,0.62,
aspose-barcode-foss/Aspose.BarCode-FOSS-for-Python,readme_unit,API Reference,PRESENT_IN_README,7,7 lines,n/a,sealed_readme,heading+overlap,0.85,
aspose-barcode-foss/Aspose.BarCode-FOSS-for-Python,readme_unit,Core API,PRESENT_IN_README,5,5 lines,n/a,sealed_readme,heading+overlap,0.88,
aspose-barcode-foss/Aspose.BarCode-FOSS-for-Python,readme_unit,Internal,PRESENT_IN_FACTS,25,25 lines,n/a,facts,heading+overlap,1.00,SUPERSEDE_REDUNDANT->api_reference x1
aspose-barcode-foss/Aspose.BarCode-FOSS-for-Python,readme_unit,Enumerations,PRESENT_IN_README,10,10 lines,n/a,sealed_readme,heading+overlap,0.50,
aspose-barcode-foss/Aspose.BarCode-FOSS-for-Python,readme_unit,Documentation & Resources,PRESENT_IN_README,6,6 lines,n/a,sealed_readme,heading+overlap,0.88,
aspose-barcode-foss/Aspose.BarCode-FOSS-for-Python,readme_unit,Scope and Limitations,PRESENT_IN_README,17,17 lines,n/a,sealed_readme,heading+overlap,0.63,
aspose-barcode-foss/Aspose.BarCode-FOSS-for-Python,readme_unit,Development and Testing,PRESENT_IN_README,13,13 lines,n/a,sealed_readme,heading+overlap,0.62,
aspose-barcode-foss/Aspose.BarCode-FOSS-for-Python,readme_unit,License,PRESENT_IN_README,2,2 lines,n/a,sealed_readme,heading+overlap,1.00,
aspose-barcode-foss/Aspose.BarCode-FOSS-for-Python,license_notice,LICENSE,PRESENT_IN_README,22,22 lines,true,sealed_readme,pattern,1.00,
aspose-barcode-foss/Aspose.BarCode-FOSS-for-Python,target_framework,requires-python >=3.12,PRESENT_IN_README,0,python; declared in 1 file(s): pyproject.toml,true,sealed_readme,pattern,1.00,
aspose-barcode-foss/Aspose.BarCode-FOSS-for-Python,example_file,examples/README.md,PRESENT_IN_README,19,19 lines,true,sealed_readme,path,1.00,
aspose-barcode-foss/Aspose.BarCode-FOSS-for-Python,example_file,examples/all_symbologies.py,PRESENT_IN_README,28,28 lines,true,sealed_readme,basename,1.00,
aspose-barcode-foss/Aspose.BarCode-FOSS-for-Python,example_file,examples/error_handling.py,PRESENT_IN_README,28,28 lines,true,sealed_readme,basename,1.00,
aspose-barcode-foss/Aspose.BarCode-FOSS-for-Python,example_file,examples/quickstart.py,PRESENT_IN_README,25,25 lines,true,sealed_readme,basename,1.00,
aspose-barcode-foss/Aspose.BarCode-FOSS-for-Python,example_file,examples/render_options.py,PRESENT_IN_README,35,35 lines,true,sealed_readme,basename,1.00,
aspose-barcode-foss/Aspose.BarCode-FOSS-for-Python,test_suite,tests,PRESENT_IN_README,47,47 test file(s),false,sealed_readme,dir_pointer,0.00,
aspose-barcode-foss/Aspose.BarCode-FOSS-for-Python,test_command,pytest,MISSING,0,2 source(s): convention:pyproject.toml; convention:tests/conftest.py,true,,,,
aspose-cells-foss/Aspose.Cells-FOSS-for-.NET,readme_unit,Aspose.Cells FOSS for .NET,PRESENT_IN_README,7,7 lines,n/a,sealed_readme,heading+overlap,0.56,
aspose-cells-foss/Aspose.Cells-FOSS-for-.NET,readme_unit,Navigation,PRESENT_IN_README,12,12 lines,n/a,sealed_readme,heading+overlap,0.89,
aspose-cells-foss/Aspose.Cells-FOSS-for-.NET,readme_unit,At a Glance,PRESENT_IN_README,32,32 lines,n/a,sealed_readme,heading+overlap,0.56,
aspose-cells-foss/Aspose.Cells-FOSS-for-.NET,readme_unit,Key Capabilities,PRESENT_IN_README,12,12 lines,n/a,sealed_readme,heading+overlap,0.51,
aspose-cells-foss/Aspose.Cells-FOSS-for-.NET,readme_unit,Installation,PRESENT_IN_README,11,11 lines,n/a,sealed_readme,heading+overlap,0.41,
aspose-cells-foss/Aspose.Cells-FOSS-for-.NET,readme_unit,Quick Start,PRESENT_IN_README,70,70 lines,n/a,sealed_readme,heading+overlap,0.82,
aspose-cells-foss/Aspose.Cells-FOSS-for-.NET,readme_unit,Additional Examples,PRESENT_IN_README,3,3 lines,n/a,sealed_readme,heading+overlap,1.00,
aspose-cells-foss/Aspose.Cells-FOSS-for-.NET,readme_unit,Build a Table With Totals,PRESENT_IN_FACTS,27,27 lines,n/a,facts,heading+overlap,1.00,OMIT_UNSUPPORTED->- x1
aspose-cells-foss/Aspose.Cells-FOSS-for-.NET,readme_unit,Validate Cell Input,PRESENT_IN_FACTS,19,19 lines,n/a,facts,heading+overlap,1.00,OMIT_UNSUPPORTED->- x1
aspose-cells-foss/Aspose.Cells-FOSS-for-.NET,readme_unit,Highlight Data With Conditional Formatting,PRESENT_IN_FACTS,19,19 lines,n/a,facts,heading+overlap,1.00,OMIT_UNSUPPORTED->- x1
aspose-cells-foss/Aspose.Cells-FOSS-for-.NET,readme_unit,Add Hyperlinks and Named Ranges,PRESENT_IN_FACTS,15,15 lines,n/a,facts,heading+overlap,1.00,OMIT_UNSUPPORTED->- x1
aspose-cells-foss/Aspose.Cells-FOSS-for-.NET,readme_unit,Create a Chart,PRESENT_IN_README,19,19 lines,n/a,sealed_readme,content_overlap,0.60,
aspose-cells-foss/Aspose.Cells-FOSS-for-.NET,readme_unit,Convert XLSX to PDF,PRESENT_IN_README,12,12 lines,n/a,sealed_readme,content_overlap,0.77,
aspose-cells-foss/Aspose.Cells-FOSS-for-.NET,readme_unit,API Reference,PRESENT_IN_README,6,6 lines,n/a,sealed_readme,heading+overlap,0.93,
aspose-cells-foss/Aspose.Cells-FOSS-for-.NET,readme_unit,Core API,PRESENT_IN_README,75,75 lines,n/a,sealed_readme,heading+overlap,0.95,
aspose-cells-foss/Aspose.Cells-FOSS-for-.NET,readme_unit,Interfaces,PRESENT_IN_README,5,5 lines,n/a,sealed_readme,content_overlap,0.78,
aspose-cells-foss/Aspose.Cells-FOSS-for-.NET,readme_unit,Structs,PRESENT_IN_README,6,6 lines,n/a,sealed_readme,content_overlap,0.75,
aspose-cells-foss/Aspose.Cells-FOSS-for-.NET,readme_unit,Enumerations,PRESENT_IN_README,29,29 lines,n/a,sealed_readme,heading+overlap,1.00,
aspose-cells-foss/Aspose.Cells-FOSS-for-.NET,readme_unit,Workbook and Worksheets,PRESENT_IN_README,11,11 lines,n/a,sealed_readme,content_overlap,1.00,
aspose-cells-foss/Aspose.Cells-FOSS-for-.NET,readme_unit,"Cells, Values, Styling, and Save Options",PRESENT_IN_README,13,13 lines,n/a,sealed_readme,content_overlap,0.97,
aspose-cells-foss/Aspose.Cells-FOSS-for-.NET,readme_unit,"Validation, Conditional Formatting, and Tables",PRESENT_IN_README,20,20 lines,n/a,sealed_readme,content_overlap,0.95,
aspose-cells-foss/Aspose.Cells-FOSS-for-.NET,readme_unit,"Links, Names, and Drawing Objects",PRESENT_IN_README,13,13 lines,n/a,sealed_readme,content_overlap,0.90,
aspose-cells-foss/Aspose.Cells-FOSS-for-.NET,readme_unit,Exceptions,PRESENT_IN_README,8,8 lines,n/a,sealed_readme,content_overlap,1.00,
aspose-cells-foss/Aspose.Cells-FOSS-for-.NET,readme_unit,Documentation & Resources,PRESENT_IN_README,7,7 lines,n/a,sealed_readme,heading+overlap,0.79,
aspose-cells-foss/Aspose.Cells-FOSS-for-.NET,readme_unit,Scope and Limitations,PRESENT_IN_README,11,11 lines,n/a,sealed_readme,heading+overlap,0.86,
aspose-cells-foss/Aspose.Cells-FOSS-for-.NET,readme_unit,Development and Testing,PRESENT_IN_FACTS,42,42 lines,n/a,facts,heading+overlap,1.00,VERIFIED_PRESERVE->development_testing x1
aspose-cells-foss/Aspose.Cells-FOSS-for-.NET,readme_unit,License,PRESENT_IN_README,2,2 lines,n/a,sealed_readme,heading+overlap,1.00,
aspose-cells-foss/Aspose.Cells-FOSS-for-.NET,license_notice,License/LICENSE.txt,PRESENT_IN_README,22,22 lines,true,sealed_readme,pattern,1.00,
aspose-cells-foss/Aspose.Cells-FOSS-for-.NET,license_notice,License/SkiaSharp.LICENSE.txt,PRESENT_IN_README,20,20 lines,true,sealed_readme,heading,0.00,
aspose-cells-foss/Aspose.Cells-FOSS-for-.NET,license_notice,License/ThirdPartyNotices.txt,PRESENT_IN_README,39,39 lines,true,sealed_readme,pattern,1.00,
aspose-cells-foss/Aspose.Cells-FOSS-for-.NET,github_release,release V26.9.0,MISSING,4163,latest release V26.9.0 published 2026-09-01; 4163 chars,false,,,,
aspose-cells-foss/Aspose.Cells-FOSS-for-.NET,target_framework,target framework net8.0,MISSING,0,dotnet; declared in 1 file(s): src/Aspose.Cells_FOSS/Aspose.Cells_FOSS.csproj,true,,,,
aspose-cells-foss/Aspose.Cells-FOSS-for-.NET,target_framework,target framework netstandard2.0,PRESENT_IN_README,0,dotnet; declared in 1 file(s): src/Aspose.Cells_FOSS/Aspose.Cells_FOSS.csproj,true,sealed_readme,pattern,1.00,
aspose-cells-foss/Aspose.Cells-FOSS-for-.NET,example_file,samples/Aspose.Cells_FOSS.Samples.Basic/Program.cs,PRESENT_IN_README,48,48 lines,true,sealed_readme,dir_pointer,0.00,
aspose-cells-foss/Aspose.Cells-FOSS-for-.NET,example_file,samples/Aspose.Cells_FOSS.Samples.Charts/Program.cs,PRESENT_IN_README,49,49 lines,true,sealed_readme,dir_pointer,0.00,
aspose-cells-foss/Aspose.Cells-FOSS-for-.NET,example_file,samples/Aspose.Cells_FOSS.Samples.Comments/Program.cs,PRESENT_IN_README,58,58 lines,true,sealed_readme,dir_pointer,0.00,
aspose-cells-foss/Aspose.Cells-FOSS-for-.NET,example_file,samples/Aspose.Cells_FOSS.Samples.ConditionalFormatting/Program.cs,PRESENT_IN_README,83,83 lines,true,sealed_readme,dir_pointer,0.00,
aspose-cells-foss/Aspose.Cells-FOSS-for-.NET,example_file,samples/Aspose.Cells_FOSS.Samples.DocumentProperties/Program.cs,PRESENT_IN_README,58,58 lines,true,sealed_readme,dir_pointer,0.00,
aspose-cells-foss/Aspose.Cells-FOSS-for-.NET,example_file,samples/Aspose.Cells_FOSS.Samples.HyperlinksAndNames/Program.cs,PRESENT_IN_README,65,65 lines,true,sealed_readme,dir_pointer,0.00,
aspose-cells-foss/Aspose.Cells-FOSS-for-.NET,example_file,samples/Aspose.Cells_FOSS.Samples.ListObjects/Program.cs,PRESENT_IN_README,73,73 lines,true,sealed_readme,dir_pointer,0.00,
aspose-cells-foss/Aspose.Cells-FOSS-for-.NET,example_file,samples/Aspose.Cells_FOSS.Samples.Loading/Program.cs,PRESENT_IN_README,49,49 lines,true,sealed_readme,dir_pointer,0.00,
aspose-cells-foss/Aspose.Cells-FOSS-for-.NET,example_file,samples/Aspose.Cells_FOSS.Samples.PageSetup/Program.cs,PRESENT_IN_README,63,63 lines,true,sealed_readme,dir_pointer,0.00,
aspose-cells-foss/Aspose.Cells-FOSS-for-.NET,example_file,samples/Aspose.Cells_FOSS.Samples.PdfConversion/Program.cs,PRESENT_IN_README,120,120 lines,true,sealed_readme,dir_pointer,0.00,
aspose-cells-foss/Aspose.Cells-FOSS-for-.NET,example_file,samples/Aspose.Cells_FOSS.Samples.Pictures/Program.cs,PRESENT_IN_README,121,121 lines,true,sealed_readme,dir_pointer,0.00,
aspose-cells-foss/Aspose.Cells-FOSS-for-.NET,example_file,samples/Aspose.Cells_FOSS.Samples.Shapes/Program.cs,PRESENT_IN_README,162,162 lines,true,sealed_readme,dir_pointer,0.00,
aspose-cells-foss/Aspose.Cells-FOSS-for-.NET,example_file,samples/Aspose.Cells_FOSS.Samples.Styles/Program.cs,PRESENT_IN_README,24,24 lines,true,sealed_readme,content_overlap,0.61,
aspose-cells-foss/Aspose.Cells-FOSS-for-.NET,example_file,samples/Aspose.Cells_FOSS.Samples.Validations/Program.cs,PRESENT_IN_README,82,82 lines,true,sealed_readme,dir_pointer,0.00,
aspose-cells-foss/Aspose.Cells-FOSS-for-.NET,example_file,samples/Aspose.Cells_FOSS.Samples.WorksheetSettings/Program.cs,PRESENT_IN_README,70,70 lines,true,sealed_readme,dir_pointer,0.00,
aspose-cells-foss/Aspose.Cells-FOSS-for-.NET,example_file,samples/README.md,PRESENT_IN_README,22,22 lines,true,sealed_readme,path,1.00,
aspose-cells-foss/Aspose.Cells-FOSS-for-.NET,build_command,dotnet build,PRESENT_IN_README,0,2 source(s): convention:Aspose.Cells_FOSS.sln; convention:src/Aspose.Cells_FOSS/Aspose.Cells_FOSS.csproj,true,sealed_readme,command,1.00,
aspose-cells-foss/Aspose.Cells-FOSS-for-Cpp,readme_unit,Aspose.Cells FOSS for C++,PRESENT_IN_FACTS,11,11 lines,n/a,facts,heading+overlap,1.00,SUPERSEDE_REDUNDANT->additional_examples x1; SUPERSEDE_REDUNDANT->api_reference x1; SUPERSEDE_REDUNDANT->at_a_glance x1; SUPERSEDE_REDUNDANT->badges x1; SUPERSEDE_REDUNDANT->banner x1; SUPERSEDE_REDUNDANT->identity x1; SUPERSEDE_REDUNDANT->installation x1; SUPERSEDE_REDUNDANT->key_capabilities x1; SUPERSEDE_REDUNDANT->license x1; SUPERSEDE_REDUNDANT->navigation x1; SUPERSEDE_REDUNDANT->opening x1; SUPERSEDE_REDUNDANT->quick_start x1; VERIFIED_MOVE->development_testing x1; VERIFIED_MOVE->documentation_resources x1; VERIFIED_MOVE->scope_limitations x1
aspose-cells-foss/Aspose.Cells-FOSS-for-Cpp,readme_unit,Navigation,PRESENT_IN_README,12,12 lines,n/a,sealed_readme,heading+overlap,0.78,
aspose-cells-foss/Aspose.Cells-FOSS-for-Cpp,readme_unit,At a Glance,PRESENT_IN_README,33,33 lines,n/a,sealed_readme,heading+overlap,0.67,
aspose-cells-foss/Aspose.Cells-FOSS-for-Cpp,readme_unit,Key Capabilities,PRESENT_IN_README,30,30 lines,n/a,sealed_readme,heading+overlap,0.55,
aspose-cells-foss/Aspose.Cells-FOSS-for-Cpp,readme_unit,Installation,PRESENT_IN_FACTS,33,33 lines,n/a,facts,heading+overlap,1.00,SUPERSEDE_REDUNDANT->installation x1
aspose-cells-foss/Aspose.Cells-FOSS-for-Cpp,readme_unit,Quick Start,PRESENT_IN_README,42,42 lines,n/a,sealed_readme,heading+overlap,0.92,
aspose-cells-foss/Aspose.Cells-FOSS-for-Cpp,readme_unit,Additional Examples,PRESENT_IN_FACTS,3,3 lines,n/a,facts,heading+overlap,1.00,SUPERSEDE_REDUNDANT->additional_examples x1
aspose-cells-foss/Aspose.Cells-FOSS-for-Cpp,readme_unit,Load an Existing Workbook and Read Cells,PRESENT_IN_FACTS,23,23 lines,n/a,facts,heading+overlap,1.00,VERIFIED_PRESERVE->additional_examples x1
aspose-cells-foss/Aspose.Cells-FOSS-for-Cpp,readme_unit,Highlight Cells With Conditional Formatting,PRESENT_IN_FACTS,16,16 lines,n/a,facts,heading+overlap,1.00,OMIT_UNSUPPORTED->- x1
aspose-cells-foss/Aspose.Cells-FOSS-for-Cpp,readme_unit,Constrain Input With Data Validation,PRESENT_IN_FACTS,14,14 lines,n/a,facts,heading+overlap,1.00,OMIT_UNSUPPORTED->- x1
aspose-cells-foss/Aspose.Cells-FOSS-for-Cpp,readme_unit,Add a Hyperlink,PRESENT_IN_FACTS,9,9 lines,n/a,facts,heading+overlap,1.00,OMIT_UNSUPPORTED->- x1
aspose-cells-foss/Aspose.Cells-FOSS-for-Cpp,readme_unit,Configure Page Setup for Printing,PRESENT_IN_README,11,11 lines,n/a,sealed_readme,content_overlap,0.61,
aspose-cells-foss/Aspose.Cells-FOSS-for-Cpp,readme_unit,Define a Named Range,PRESENT_IN_FACTS,9,9 lines,n/a,facts,heading+overlap,1.00,OMIT_UNSUPPORTED->- x1
aspose-cells-foss/Aspose.Cells-FOSS-for-Cpp,readme_unit,API Reference,PRESENT_IN_README,9,9 lines,n/a,sealed_readme,heading+overlap,0.59,
aspose-cells-foss/Aspose.Cells-FOSS-for-Cpp,readme_unit,Core API,PRESENT_IN_README,166,166 lines,n/a,sealed_readme,heading+overlap,0.75,
aspose-cells-foss/Aspose.Cells-FOSS-for-Cpp,readme_unit,Structs,PRESENT_IN_README,12,12 lines,n/a,sealed_readme,content_overlap,0.70,
aspose-cells-foss/Aspose.Cells-FOSS-for-Cpp,readme_unit,Enumerations,PRESENT_IN_README,31,31 lines,n/a,sealed_readme,heading+overlap,0.92,
aspose-cells-foss/Aspose.Cells-FOSS-for-Cpp,readme_unit,Detailed Member Reference,PRESENT_IN_README,52,52 lines,n/a,sealed_readme,heading+overlap,0.45,
aspose-cells-foss/Aspose.Cells-FOSS-for-Cpp,readme_unit,Documentation & Resources,PRESENT_IN_README,7,7 lines,n/a,sealed_readme,heading+overlap,0.72,
aspose-cells-foss/Aspose.Cells-FOSS-for-Cpp,readme_unit,Scope and Limitations,PRESENT_IN_FACTS,26,26 lines,n/a,facts,heading+overlap,1.00,VERIFIED_MOVE->scope_limitations x1
aspose-cells-foss/Aspose.Cells-FOSS-for-Cpp,readme_unit,Development and Testing,PRESENT_IN_FACTS,25,25 lines,n/a,facts,heading+overlap,1.00,VERIFIED_MOVE->development_testing x1
aspose-cells-foss/Aspose.Cells-FOSS-for-Cpp,readme_unit,License,PRESENT_IN_README,2,2 lines,n/a,sealed_readme,heading+overlap,1.00,
aspose-cells-foss/Aspose.Cells-FOSS-for-Cpp,license_notice,License/LICENSE.txt,PRESENT_IN_README,21,21 lines,true,sealed_readme,pattern,1.00,
aspose-cells-foss/Aspose.Cells-FOSS-for-Cpp,target_framework,C++ standard 17,PRESENT_IN_README,0,cxx; declared in 1 file(s): Aspose.Cells.Foss.Cpp/CMakeLists.txt,true,sealed_readme,pattern,1.00,
aspose-cells-foss/Aspose.Cells-FOSS-for-Cpp,example_file,samples/src/main.cpp,PRESENT_IN_README,61,61 lines,true,sealed_readme,content_overlap,0.66,
aspose-cells-foss/Aspose.Cells-FOSS-for-Cpp,test_suite,Aspose.Cells.Foss.Cpp.Tests,MISSING,15,15 test file(s),false,,,,
aspose-cells-foss/Aspose.Cells-FOSS-for-Cpp,test_suite,Aspose.Cells.Foss.Cpp/tests,MISSING,1,1 test file(s),false,,,,
aspose-cells-foss/Aspose.Cells-FOSS-for-Cpp,build_command,cmake --build,MISSING,0,3 source(s): convention:Aspose.Cells.Foss.Cpp.Tests/CMakeLists.txt; convention:Aspose.Cells.Foss.Cpp/CMakeLists.txt; convention:samples/CMakeLists.txt,true,,,,
aspose-cells-foss/Aspose.Cells-FOSS-for-Go,readme_unit,Aspose.Cells FOSS for Go,PRESENT_IN_README,11,11 lines,n/a,sealed_readme,heading+overlap,0.51,
aspose-cells-foss/Aspose.Cells-FOSS-for-Go,readme_unit,Navigation,PRESENT_IN_README,29,29 lines,n/a,sealed_readme,heading+overlap,0.51,
aspose-cells-foss/Aspose.Cells-FOSS-for-Go,readme_unit,At a Glance,PRESENT_IN_README,33,33 lines,n/a,sealed_readme,heading+overlap,0.71,
aspose-cells-foss/Aspose.Cells-FOSS-for-Go,readme_unit,Key Capabilities,PRESENT_IN_README,21,21 lines,n/a,sealed_readme,heading+overlap,0.61,
aspose-cells-foss/Aspose.Cells-FOSS-for-Go,readme_unit,Installation,PRESENT_IN_README,5,5 lines,n/a,sealed_readme,heading+overlap,1.00,
aspose-cells-foss/Aspose.Cells-FOSS-for-Go,readme_unit,Requires **Go 1.24.5+** (see `go.mod`). Depends only on the Go standard library — no third-party modules.,PRESENT_IN_FACTS,9,9 lines,n/a,facts,content_overlap,0.95,
aspose-cells-foss/Aspose.Cells-FOSS-for-Go,readme_unit,Required Package Dependencies,PRESENT_IN_README,3,3 lines,n/a,sealed_readme,heading+overlap,1.00,
aspose-cells-foss/Aspose.Cells-FOSS-for-Go,readme_unit,Native and System Requirements,PRESENT_IN_README,3,3 lines,n/a,sealed_readme,heading+overlap,0.67,
aspose-cells-foss/Aspose.Cells-FOSS-for-Go,readme_unit,Quick Start,PRESENT_IN_README,37,37 lines,n/a,sealed_readme,heading+overlap,0.88,
aspose-cells-foss/Aspose.Cells-FOSS-for-Go,readme_unit,Additional Examples,PRESENT_IN_README,4,4 lines,n/a,sealed_readme,heading+overlap,0.94,
aspose-cells-foss/Aspose.Cells-FOSS-for-Go,readme_unit,Formulas and the Calculation Engine,PRESENT_IN_README,57,57 lines,n/a,sealed_readme,content_overlap,0.98,
aspose-cells-foss/Aspose.Cells-FOSS-for-Go,readme_unit,Data Validation,PRESENT_IN_README,30,30 lines,n/a,sealed_readme,content_overlap,1.00,
aspose-cells-foss/Aspose.Cells-FOSS-for-Go,readme_unit,Picture Embedding,PRESENT_IN_FACTS,24,24 lines,n/a,facts,heading+overlap,1.00,OMIT_UNSUPPORTED->- x1
aspose-cells-foss/Aspose.Cells-FOSS-for-Go,readme_unit,Streaming Large Files,PRESENT_IN_README,24,24 lines,n/a,sealed_readme,content_overlap,0.97,
aspose-cells-foss/Aspose.Cells-FOSS-for-Go,readme_unit,Styling,PRESENT_IN_README,30,30 lines,n/a,sealed_readme,content_overlap,1.00,
aspose-cells-foss/Aspose.Cells-FOSS-for-Go,readme_unit,Structured Tables,PRESENT_IN_README,22,22 lines,n/a,sealed_readme,content_overlap,0.97,
aspose-cells-foss/Aspose.Cells-FOSS-for-Go,readme_unit,CSV Import,PRESENT_IN_README,20,20 lines,n/a,sealed_readme,content_overlap,1.00,
aspose-cells-foss/Aspose.Cells-FOSS-for-Go,readme_unit,Project Structure,PRESENT_IN_FACTS,46,46 lines,n/a,facts,heading+overlap,1.00,SUPERSEDE_REDUNDANT->api_reference x1
aspose-cells-foss/Aspose.Cells-FOSS-for-Go,readme_unit,API Reference,PRESENT_IN_README,9,9 lines,n/a,sealed_readme,heading+overlap,0.77,
aspose-cells-foss/Aspose.Cells-FOSS-for-Go,readme_unit,Cells Foss,PRESENT_IN_README,20,20 lines,n/a,sealed_readme,content_overlap,0.99,
aspose-cells-foss/Aspose.Cells-FOSS-for-Go,readme_unit,Documentation & Resources,PRESENT_IN_README,13,13 lines,n/a,sealed_readme,heading+overlap,0.88,
aspose-cells-foss/Aspose.Cells-FOSS-for-Go,readme_unit,Scope and Limitations,PRESENT_IN_README,18,18 lines,n/a,sealed_readme,heading+overlap,0.62,
aspose-cells-foss/Aspose.Cells-FOSS-for-Go,readme_unit,Development and Testing,PRESENT_IN_README,35,35 lines,n/a,sealed_readme,heading+overlap,0.88,
aspose-cells-foss/Aspose.Cells-FOSS-for-Go,readme_unit,Detailed Documentation,PRESENT_IN_README,3,3 lines,n/a,sealed_readme,content_overlap,0.78,
aspose-cells-foss/Aspose.Cells-FOSS-for-Go,readme_unit,Constraints,PRESENT_IN_README,7,7 lines,n/a,sealed_readme,content_overlap,0.63,
aspose-cells-foss/Aspose.Cells-FOSS-for-Go,readme_unit,License,PRESENT_IN_README,4,4 lines,n/a,sealed_readme,heading+overlap,1.00,
aspose-cells-foss/Aspose.Cells-FOSS-for-Go,doc_page,docs/usage.md,PRESENT_IN_README,445,445 lines; headings: Aspose.Cells for Go — Usage Guide | Table of Contents | Quick Start | Workbook Operations | Creating and Loading,true,sealed_readme,path,1.00,
aspose-cells-foss/Aspose.Cells-FOSS-for-Go,license_notice,LICENSE,PRESENT_IN_README,22,22 lines,true,sealed_readme,pattern,1.00,
aspose-cells-foss/Aspose.Cells-FOSS-for-Go,github_release,release v26.7.0,PRESENT_IN_README,780,latest release v26.7.0 published 2026-07-19; 780 chars,true,sealed_readme,content_overlap,0.63,
aspose-cells-foss/Aspose.Cells-FOSS-for-Go,cli_entry,verify,MISSING,0,go main package in verify,false,,,,
aspose-cells-foss/Aspose.Cells-FOSS-for-Go,target_framework,go 1.24,PRESENT_IN_README,0,go; declared in 2 file(s): examples/go.mod,true,sealed_readme,pattern,1.00,
aspose-cells-foss/Aspose.Cells-FOSS-for-Go,example_file,examples/basic/main.go,PRESENT_IN_README,29,29 lines,true,sealed_readme,basename,1.00,
aspose-cells-foss/Aspose.Cells-FOSS-for-Go,example_file,examples/csv_export/main.go,PRESENT_IN_README,67,67 lines,true,sealed_readme,basename,1.00,
aspose-cells-foss/Aspose.Cells-FOSS-for-Go,example_file,examples/csv_import/main.go,PRESENT_IN_README,55,55 lines,true,sealed_readme,basename,1.00,
aspose-cells-foss/Aspose.Cells-FOSS-for-Go,example_file,examples/data_validation/main.go,PRESENT_IN_README,60,60 lines,true,sealed_readme,basename,1.00,
aspose-cells-foss/Aspose.Cells-FOSS-for-Go,example_file,examples/formula/main.go,PRESENT_IN_README,84,84 lines,true,sealed_readme,basename,1.00,
aspose-cells-foss/Aspose.Cells-FOSS-for-Go,example_file,examples/load_modify_save/main.go,PRESENT_IN_README,62,62 lines,true,sealed_readme,basename,1.00,
aspose-cells-foss/Aspose.Cells-FOSS-for-Go,example_file,examples/picture/main.go,PRESENT_IN_README,60,60 lines,true,sealed_readme,basename,1.00,
aspose-cells-foss/Aspose.Cells-FOSS-for-Go,example_file,examples/streaming/main.go,PRESENT_IN_README,79,79 lines,true,sealed_readme,basename,1.00,
aspose-cells-foss/Aspose.Cells-FOSS-for-Go,example_file,examples/style/main.go,PRESENT_IN_README,114,114 lines,true,sealed_readme,basename,1.00,
aspose-cells-foss/Aspose.Cells-FOSS-for-Go,example_file,examples/table/main.go,PRESENT_IN_README,71,71 lines,true,sealed_readme,path,1.00,
aspose-cells-foss/Aspose.Cells-FOSS-for-Go,example_file,examples/typed_access/main.go,PRESENT_IN_README,79,79 lines,true,sealed_readme,basename,1.00,
aspose-cells-foss/Aspose.Cells-FOSS-for-Go,test_suite,aspose/cells_foss,MISSING,1,1 test file(s),true,,,,
aspose-cells-foss/Aspose.Cells-FOSS-for-Go,test_suite,tests,PRESENT_IN_README,23,23 test file(s),true,sealed_readme,dir_pointer,0.00,
aspose-cells-foss/Aspose.Cells-FOSS-for-Go,build_command,go build,MISSING,0,2 source(s): convention:examples/go.mod; convention:go.mod,false,,,,
aspose-cells-foss/Aspose.Cells-FOSS-for-Go,test_command,go test,PRESENT_IN_README,0,2 source(s): convention:examples/go.mod; convention:go.mod,true,sealed_readme,command,1.00,
aspose-cells-foss/Aspose.Cells-FOSS-for-Java,readme_unit,Aspose.Cells FOSS for Java,PRESENT_IN_README,13,13 lines,n/a,sealed_readme,heading+overlap,0.44,
aspose-cells-foss/Aspose.Cells-FOSS-for-Java,readme_unit,Navigation,PRESENT_IN_README,14,14 lines,n/a,sealed_readme,heading+overlap,0.90,
aspose-cells-foss/Aspose.Cells-FOSS-for-Java,readme_unit,At a Glance,PRESENT_IN_README,37,37 lines,n/a,sealed_readme,heading+overlap,0.56,
aspose-cells-foss/Aspose.Cells-FOSS-for-Java,readme_unit,Key Capabilities,PRESENT_IN_README,42,42 lines,n/a,sealed_readme,heading+overlap,0.51,
aspose-cells-foss/Aspose.Cells-FOSS-for-Java,readme_unit,Installation,PRESENT_IN_README,19,19 lines,n/a,sealed_readme,heading+overlap,0.43,
aspose-cells-foss/Aspose.Cells-FOSS-for-Java,readme_unit,Required Package Dependencies,PRESENT_IN_README,4,4 lines,n/a,sealed_readme,heading+overlap,0.56,
aspose-cells-foss/Aspose.Cells-FOSS-for-Java,readme_unit,Native and System Requirements,PRESENT_IN_README,4,4 lines,n/a,sealed_readme,heading+overlap,0.69,
aspose-cells-foss/Aspose.Cells-FOSS-for-Java,readme_unit,Development Dependencies,PRESENT_IN_README,7,7 lines,n/a,sealed_readme,heading+overlap,0.42,
aspose-cells-foss/Aspose.Cells-FOSS-for-Java,readme_unit,Quick Start,PRESENT_IN_README,61,61 lines,n/a,sealed_readme,heading+overlap,0.99,
aspose-cells-foss/Aspose.Cells-FOSS-for-Java,readme_unit,Additional Examples,PRESENT_IN_README,47,47 lines,n/a,sealed_readme,heading+overlap,1.00,
aspose-cells-foss/Aspose.Cells-FOSS-for-Java,readme_unit,Project Structure,PRESENT_IN_FACTS,15,15 lines,n/a,facts,heading+overlap,1.00,OMIT_UNSUPPORTED->- x1
aspose-cells-foss/Aspose.Cells-FOSS-for-Java,readme_unit,API Reference,PRESENT_IN_README,7,7 lines,n/a,sealed_readme,heading+overlap,0.71,
aspose-cells-foss/Aspose.Cells-FOSS-for-Java,readme_unit,Core API,PRESENT_IN_README,152,152 lines,n/a,sealed_readme,heading+overlap,1.00,
aspose-cells-foss/Aspose.Cells-FOSS-for-Java,readme_unit,Interfaces,PRESENT_IN_README,7,7 lines,n/a,sealed_readme,content_overlap,0.95,
aspose-cells-foss/Aspose.Cells-FOSS-for-Java,readme_unit,Enumerations,PRESENT_IN_README,38,38 lines,n/a,sealed_readme,heading+overlap,0.95,
aspose-cells-foss/Aspose.Cells-FOSS-for-Java,readme_unit,Documentation & Resources,PRESENT_IN_README,8,8 lines,n/a,sealed_readme,heading+overlap,0.53,
aspose-cells-foss/Aspose.Cells-FOSS-for-Java,readme_unit,Scope and Limitations,PRESENT_IN_README,18,18 lines,n/a,sealed_readme,heading+overlap,0.72,
aspose-cells-foss/Aspose.Cells-FOSS-for-Java,readme_unit,Development and Testing,PRESENT_IN_README,19,19 lines,n/a,sealed_readme,heading+overlap,0.57,
aspose-cells-foss/Aspose.Cells-FOSS-for-Java,readme_unit,License,PRESENT_IN_README,4,4 lines,n/a,sealed_readme,heading+overlap,1.00,
aspose-cells-foss/Aspose.Cells-FOSS-for-Java,root_doc,PUBLISHING.md,PRESENT_IN_README,125,125 lines; headings: Maven Central Publication Guide | Quick Reference | Workflow Overview | Publishing a New Version | Step 1: Update version in pom.xml,true,sealed_readme,path,1.00,
aspose-cells-foss/Aspose.Cells-FOSS-for-Java,doc_page,docs/apidocs/legal/jquery.md,PRESENT_IN_README,73,73 lines; headings: jQuery v3.6.1 | jQuery License,false,sealed_readme,dir_pointer,0.00,
aspose-cells-foss/Aspose.Cells-FOSS-for-Java,doc_page,docs/apidocs/legal/jqueryUI.md,PRESENT_IN_README,50,50 lines; headings: jQuery UI v1.13.2 | jQuery UI License,false,sealed_readme,dir_pointer,0.00,
aspose-cells-foss/Aspose.Cells-FOSS-for-Java,license_notice,License/LICENSE.txt,PRESENT_IN_README,22,22 lines,true,sealed_readme,pattern,1.00,
aspose-cells-foss/Aspose.Cells-FOSS-for-Java,github_release,release V26.7.0,MISSING,2593,latest release V26.7.0 published 2026-07-22; 2593 chars,false,,,,
aspose-cells-foss/Aspose.Cells-FOSS-for-Java,target_framework,java release 17,PRESENT_IN_README,0,java; declared in 1 file(s): pom.xml,true,sealed_readme,pattern,1.00,
aspose-cells-foss/Aspose.Cells-FOSS-for-Java,test_suite,src/test,MISSING,38,38 test file(s),false,,,,
aspose-cells-foss/Aspose.Cells-FOSS-for-Java,test_command,mvn test,PRESENT_IN_README,0,1 source(s): convention:pom.xml,true,sealed_readme,command,1.00,
aspose-cells-foss/Aspose.Cells-FOSS-for-Java,test_command,mvn verify,MISSING,0,1 source(s): ci:.github/workflows/maven-central-release.yml,false,,,,
aspose-cells-foss/Aspose.Cells-FOSS-for-Python,readme_unit,Aspose.Cells FOSS for Python,PRESENT_IN_README,12,12 lines,n/a,sealed_readme,heading+overlap,0.54,
aspose-cells-foss/Aspose.Cells-FOSS-for-Python,readme_unit,Navigation,PRESENT_IN_README,13,13 lines,n/a,sealed_readme,heading+overlap,1.00,
aspose-cells-foss/Aspose.Cells-FOSS-for-Python,readme_unit,At a Glance,PRESENT_IN_README,42,42 lines,n/a,sealed_readme,heading+overlap,0.60,
aspose-cells-foss/Aspose.Cells-FOSS-for-Python,readme_unit,Key Capabilities,PRESENT_IN_README,35,35 lines,n/a,sealed_readme,heading+overlap,0.42,
aspose-cells-foss/Aspose.Cells-FOSS-for-Python,readme_unit,Installation,PRESENT_IN_README,8,8 lines,n/a,sealed_readme,heading+overlap,0.65,
aspose-cells-foss/Aspose.Cells-FOSS-for-Python,readme_unit,Required Package Dependencies,PRESENT_IN_README,6,6 lines,n/a,sealed_readme,heading+overlap,0.73,
aspose-cells-foss/Aspose.Cells-FOSS-for-Python,readme_unit,Native and System Requirements,PRESENT_IN_README,3,3 lines,n/a,sealed_readme,heading+overlap,1.00,
aspose-cells-foss/Aspose.Cells-FOSS-for-Python,readme_unit,Development Dependencies,PRESENT_IN_README,4,4 lines,n/a,sealed_readme,heading+overlap,0.50,
aspose-cells-foss/Aspose.Cells-FOSS-for-Python,readme_unit,Quick Start,PRESENT_IN_README,29,29 lines,n/a,sealed_readme,heading+overlap,1.00,
aspose-cells-foss/Aspose.Cells-FOSS-for-Python,readme_unit,Additional Examples,PRESENT_IN_README,24,24 lines,n/a,sealed_readme,heading+overlap,1.00,
aspose-cells-foss/Aspose.Cells-FOSS-for-Python,readme_unit,Add Data Validation (Dropdown List),PRESENT_IN_README,14,14 lines,n/a,sealed_readme,content_overlap,0.95,
aspose-cells-foss/Aspose.Cells-FOSS-for-Python,readme_unit,Export to CSV,PRESENT_IN_README,8,8 lines,n/a,sealed_readme,content_overlap,0.91,
aspose-cells-foss/Aspose.Cells-FOSS-for-Python,readme_unit,Password-Protect a Workbook,PRESENT_IN_README,15,15 lines,n/a,sealed_readme,content_overlap,0.95,
aspose-cells-foss/Aspose.Cells-FOSS-for-Python,readme_unit,API Reference,PRESENT_IN_README,8,8 lines,n/a,sealed_readme,heading+overlap,0.91,
aspose-cells-foss/Aspose.Cells-FOSS-for-Python,readme_unit,Core API,PRESENT_IN_README,118,118 lines,n/a,sealed_readme,heading+overlap,0.99,
aspose-cells-foss/Aspose.Cells-FOSS-for-Python,readme_unit,Enumerations,PRESENT_IN_README,22,22 lines,n/a,sealed_readme,heading+overlap,0.93,
aspose-cells-foss/Aspose.Cells-FOSS-for-Python,readme_unit,Documentation & Resources,PRESENT_IN_README,8,8 lines,n/a,sealed_readme,heading+overlap,0.95,
aspose-cells-foss/Aspose.Cells-FOSS-for-Python,readme_unit,Scope and Limitations,PRESENT_IN_README,13,13 lines,n/a,sealed_readme,heading+overlap,0.84,
aspose-cells-foss/Aspose.Cells-FOSS-for-Python,readme_unit,Development and Testing,PRESENT_IN_README,8,8 lines,n/a,sealed_readme,heading+overlap,1.00,
aspose-cells-foss/Aspose.Cells-FOSS-for-Python,readme_unit,License,PRESENT_IN_README,4,4 lines,n/a,sealed_readme,heading+overlap,1.00,
aspose-cells-foss/Aspose.Cells-FOSS-for-Python,root_doc,llms.md,MISSING,279,279 lines; headings: Aspose.Cells FOSS - Complete Reference | Installation | Core Usage | Naming Conventions | Color Strings,false,,,,
aspose-cells-foss/Aspose.Cells-FOSS-for-Python,license_notice,License/LICENSE.txt,PRESENT_IN_README,22,22 lines,true,sealed_readme,pattern,1.00,
aspose-cells-foss/Aspose.Cells-FOSS-for-Python,github_release,release V26.7.0,MISSING,2222,latest release V26.7.0 published 2026-07-24; 2222 chars,false,,,,
aspose-cells-foss/Aspose.Cells-FOSS-for-Python,target_framework,requires-python >=3.7,PRESENT_IN_README,0,python; declared in 1 file(s): pyproject.toml,true,sealed_readme,pattern,1.00,
aspose-cells-foss/Aspose.Cells-FOSS-for-Python,example_file,examples/__init__.py,PRESENT_IN_FACTS,0,0 lines,false,facts,path,1.00,
aspose-cells-foss/Aspose.Cells-FOSS-for-Python,example_file,examples/output_path_helper.py,PRESENT_IN_FACTS,18,18 lines,false,facts,path,1.00,
aspose-cells-foss/Aspose.Cells-FOSS-for-Python,test_command,pytest,PRESENT_IN_README,0,1 source(s): convention:pyproject.toml,true,sealed_readme,command,1.00,
aspose-cells-foss/Aspose.Cells-FOSS-for-Rust,readme_unit,Aspose.Cells FOSS for Rust,PRESENT_IN_FACTS,15,15 lines,n/a,facts,heading+overlap,1.00,SUPERSEDE_REDUNDANT->identity x1
aspose-cells-foss/Aspose.Cells-FOSS-for-Rust,readme_unit,Navigation,PRESENT_IN_README,14,14 lines,n/a,sealed_readme,heading+overlap,0.86,
aspose-cells-foss/Aspose.Cells-FOSS-for-Rust,readme_unit,At a Glance,PRESENT_IN_README,34,34 lines,n/a,sealed_readme,heading+overlap,0.71,
aspose-cells-foss/Aspose.Cells-FOSS-for-Rust,readme_unit,Key Capabilities,PRESENT_IN_README,35,35 lines,n/a,sealed_readme,heading+overlap,0.56,
aspose-cells-foss/Aspose.Cells-FOSS-for-Rust,readme_unit,Installation,PRESENT_IN_README,29,29 lines,n/a,sealed_readme,heading+overlap,0.40,
aspose-cells-foss/Aspose.Cells-FOSS-for-Rust,readme_unit,Required Package Dependencies,PRESENT_IN_README,9,9 lines,n/a,sealed_readme,heading+overlap,0.40,
aspose-cells-foss/Aspose.Cells-FOSS-for-Rust,readme_unit,Native and System Requirements,PRESENT_IN_README,3,3 lines,n/a,sealed_readme,heading+overlap,0.60,
aspose-cells-foss/Aspose.Cells-FOSS-for-Rust,readme_unit,Quick Start,PRESENT_IN_README,36,36 lines,n/a,sealed_readme,heading+overlap,1.00,
aspose-cells-foss/Aspose.Cells-FOSS-for-Rust,readme_unit,Additional Examples,PRESENT_IN_FACTS,4,4 lines,n/a,facts,heading+overlap,1.00,VERIFIED_PRESERVE->additional_examples x1
aspose-cells-foss/Aspose.Cells-FOSS-for-Rust,readme_unit,Load XLSX Files With Repair Options,PRESENT_IN_FACTS,25,25 lines,n/a,facts,heading+overlap,1.00,VERIFIED_PRESERVE->additional_examples x1
aspose-cells-foss/Aspose.Cells-FOSS-for-Rust,readme_unit,Add Charts From Data Ranges,PRESENT_IN_FACTS,20,20 lines,n/a,facts,heading+overlap,1.00,VERIFIED_PRESERVE->additional_examples x1
aspose-cells-foss/Aspose.Cells-FOSS-for-Rust,readme_unit,Apply Conditional Formatting Rules,PRESENT_IN_FACTS,21,21 lines,n/a,facts,heading+overlap,1.00,VERIFIED_PRESERVE->additional_examples x1
aspose-cells-foss/Aspose.Cells-FOSS-for-Rust,readme_unit,Enforce Data Validation Rules,PRESENT_IN_FACTS,13,13 lines,n/a,facts,heading+overlap,1.00,VERIFIED_PRESERVE->additional_examples x1
aspose-cells-foss/Aspose.Cells-FOSS-for-Rust,readme_unit,Build a Structured Excel Table (ListObject),PRESENT_IN_FACTS,13,13 lines,n/a,facts,heading+overlap,1.00,VERIFIED_PRESERVE->additional_examples x1
aspose-cells-foss/Aspose.Cells-FOSS-for-Rust,readme_unit,Hyperlinks and Defined Names,PRESENT_IN_FACTS,15,15 lines,n/a,facts,heading+overlap,1.00,VERIFIED_PRESERVE->additional_examples x1
aspose-cells-foss/Aspose.Cells-FOSS-for-Rust,readme_unit,Project Structure,PRESENT_IN_README,33,33 lines,n/a,sealed_readme,content_overlap,0.91,
aspose-cells-foss/Aspose.Cells-FOSS-for-Rust,readme_unit,API Reference,PRESENT_IN_README,11,11 lines,n/a,sealed_readme,heading+overlap,0.81,
aspose-cells-foss/Aspose.Cells-FOSS-for-Rust,readme_unit,Structs,PRESENT_IN_README,181,181 lines,n/a,sealed_readme,content_overlap,0.97,
aspose-cells-foss/Aspose.Cells-FOSS-for-Rust,readme_unit,Enumerations,PRESENT_IN_README,39,39 lines,n/a,sealed_readme,heading+overlap,0.93,
aspose-cells-foss/Aspose.Cells-FOSS-for-Rust,readme_unit,Traits,PRESENT_IN_README,7,7 lines,n/a,sealed_readme,content_overlap,0.89,
aspose-cells-foss/Aspose.Cells-FOSS-for-Rust,readme_unit,Workbook and Worksheets,PRESENT_IN_README,25,25 lines,n/a,sealed_readme,content_overlap,0.64,
aspose-cells-foss/Aspose.Cells-FOSS-for-Rust,readme_unit,"Cells, Values, and Formulas",PRESENT_IN_README,11,11 lines,n/a,sealed_readme,content_overlap,0.66,
aspose-cells-foss/Aspose.Cells-FOSS-for-Rust,readme_unit,Styling,PRESENT_IN_FACTS,10,10 lines,n/a,facts,heading+overlap,1.00,VERIFIED_PRESERVE->api_reference x1
aspose-cells-foss/Aspose.Cells-FOSS-for-Rust,readme_unit,Load and Save Options,PRESENT_IN_FACTS,5,5 lines,n/a,facts,heading+overlap,1.00,VERIFIED_PRESERVE->api_reference x1
aspose-cells-foss/Aspose.Cells-FOSS-for-Rust,readme_unit,Validation and Conditional Formatting,PRESENT_IN_FACTS,6,6 lines,n/a,facts,heading+overlap,1.00,VERIFIED_PRESERVE->api_reference x1
aspose-cells-foss/Aspose.Cells-FOSS-for-Rust,readme_unit,Exceptions,PRESENT_IN_README,7,7 lines,n/a,sealed_readme,content_overlap,0.71,
aspose-cells-foss/Aspose.Cells-FOSS-for-Rust,readme_unit,Documentation & Resources,PRESENT_IN_README,8,8 lines,n/a,sealed_readme,heading+overlap,0.97,
aspose-cells-foss/Aspose.Cells-FOSS-for-Rust,readme_unit,Scope and Limitations,PRESENT_IN_README,18,18 lines,n/a,sealed_readme,heading+overlap,0.64,
aspose-cells-foss/Aspose.Cells-FOSS-for-Rust,readme_unit,Development and Testing,PRESENT_IN_FACTS,30,30 lines,n/a,facts,heading+overlap,1.00,VERIFIED_PRESERVE->development_testing x1
aspose-cells-foss/Aspose.Cells-FOSS-for-Rust,readme_unit,License,PRESENT_IN_README,4,4 lines,n/a,sealed_readme,heading+overlap,1.00,
aspose-cells-foss/Aspose.Cells-FOSS-for-Rust,license_notice,LICENSE.txt,PRESENT_IN_README,22,22 lines,true,sealed_readme,pattern,1.00,
aspose-cells-foss/Aspose.Cells-FOSS-for-Rust,license_notice,License/LICENSE.txt,PRESENT_IN_README,22,22 lines,true,sealed_readme,pattern,1.00,
aspose-cells-foss/Aspose.Cells-FOSS-for-Rust,github_release,release V26.7.0,MISSING,1468,latest release V26.7.0 published 2026-07-15; 1468 chars,false,,,,
aspose-cells-foss/Aspose.Cells-FOSS-for-Rust,target_framework,rust edition 2021,PRESENT_IN_README,0,rust; declared in 1 file(s): Cargo.toml,false,sealed_readme,pattern,1.00,
aspose-cells-foss/Aspose.Cells-FOSS-for-Rust,ci_matrix,"os: ubuntu, windows, macos",MISSING,0,matrix axis in .github/workflows/ci.yml,true,,,,
aspose-cells-foss/Aspose.Cells-FOSS-for-Rust,example_file,samples/README.md,PRESENT_IN_README,46,46 lines,true,sealed_readme,path,1.00,
aspose-cells-foss/Aspose.Cells-FOSS-for-Rust,example_file,samples/basic.rs,PRESENT_IN_README,66,66 lines,true,sealed_readme,basename,1.00,
aspose-cells-foss/Aspose.Cells-FOSS-for-Rust,example_file,samples/charts.rs,PRESENT_IN_README,87,87 lines,true,sealed_readme,basename,1.00,
aspose-cells-foss/Aspose.Cells-FOSS-for-Rust,example_file,samples/comments.rs,PRESENT_IN_README,79,79 lines,true,sealed_readme,dir_pointer,0.00,
aspose-cells-foss/Aspose.Cells-FOSS-for-Rust,example_file,samples/common.rs,PRESENT_IN_README,178,178 lines,true,sealed_readme,dir_pointer,0.00,
aspose-cells-foss/Aspose.Cells-FOSS-for-Rust,example_file,samples/conditional_formatting.rs,PRESENT_IN_README,167,167 lines,true,sealed_readme,dir_pointer,0.00,
aspose-cells-foss/Aspose.Cells-FOSS-for-Rust,example_file,samples/document_properties.rs,PRESENT_IN_README,74,74 lines,true,sealed_readme,dir_pointer,0.00,
aspose-cells-foss/Aspose.Cells-FOSS-for-Rust,example_file,samples/hyperlinks_and_names.rs,PRESENT_IN_README,134,134 lines,true,sealed_readme,dir_pointer,0.00,
aspose-cells-foss/Aspose.Cells-FOSS-for-Rust,example_file,samples/list_objects.rs,PRESENT_IN_README,126,126 lines,true,sealed_readme,dir_pointer,0.00,
aspose-cells-foss/Aspose.Cells-FOSS-for-Rust,example_file,samples/loading.rs,PRESENT_IN_README,52,52 lines,true,sealed_readme,dir_pointer,0.00,
aspose-cells-foss/Aspose.Cells-FOSS-for-Rust,example_file,samples/pagesetup.rs,PRESENT_IN_README,70,70 lines,true,sealed_readme,dir_pointer,0.00,
aspose-cells-foss/Aspose.Cells-FOSS-for-Rust,example_file,samples/pictures.rs,PRESENT_IN_README,75,75 lines,true,sealed_readme,dir_pointer,0.00,
aspose-cells-foss/Aspose.Cells-FOSS-for-Rust,example_file,samples/shapes.rs,PRESENT_IN_README,77,77 lines,true,sealed_readme,dir_pointer,0.00,
aspose-cells-foss/Aspose.Cells-FOSS-for-Rust,example_file,samples/styles.rs,PRESENT_IN_README,555,555 lines,true,sealed_readme,basename,1.00,
aspose-cells-foss/Aspose.Cells-FOSS-for-Rust,example_file,samples/validations.rs,PRESENT_IN_README,106,106 lines,true,sealed_readme,dir_pointer,0.00,
aspose-cells-foss/Aspose.Cells-FOSS-for-Rust,example_file,samples/worksheet_settings.rs,PRESENT_IN_README,86,86 lines,true,sealed_readme,dir_pointer,0.00,
aspose-cells-foss/Aspose.Cells-FOSS-for-Rust,build_command,cargo build,PRESENT_IN_README,0,1 source(s): convention:Cargo.toml,true,sealed_readme,command,1.00,
aspose-cells-foss/Aspose.Cells-FOSS-for-Rust,build_command,cargo check,PRESENT_IN_README,0,1 source(s): ci:.github/workflows/ci.yml,true,sealed_readme,command,1.00,
aspose-cells-foss/Aspose.Cells-FOSS-for-Rust,test_command,cargo test,PRESENT_IN_README,0,2 source(s): ci:.github/workflows/ci.yml; convention:Cargo.toml,true,sealed_readme,command,1.00,
aspose-cells-foss/Aspose.Cells-FOSS-for-TypeScript,readme_unit,Aspose.Cells FOSS for TypeScript,PRESENT_IN_README,11,11 lines,n/a,sealed_readme,heading+overlap,0.65,
aspose-cells-foss/Aspose.Cells-FOSS-for-TypeScript,readme_unit,Navigation,PRESENT_IN_README,13,13 lines,n/a,sealed_readme,heading+overlap,1.00,
aspose-cells-foss/Aspose.Cells-FOSS-for-TypeScript,readme_unit,At a Glance,PRESENT_IN_README,34,34 lines,n/a,sealed_readme,heading+overlap,0.63,
aspose-cells-foss/Aspose.Cells-FOSS-for-TypeScript,readme_unit,Key Capabilities,PRESENT_IN_README,19,19 lines,n/a,sealed_readme,heading+overlap,0.48,
aspose-cells-foss/Aspose.Cells-FOSS-for-TypeScript,readme_unit,Installation,PRESENT_IN_README,9,9 lines,n/a,sealed_readme,heading+overlap,0.89,
aspose-cells-foss/Aspose.Cells-FOSS-for-TypeScript,readme_unit,Required Package Dependencies,PRESENT_IN_README,5,5 lines,n/a,sealed_readme,heading+overlap,0.43,
aspose-cells-foss/Aspose.Cells-FOSS-for-TypeScript,readme_unit,Native and System Requirements,PRESENT_IN_FACTS,3,3 lines,n/a,facts,heading+overlap,1.00,SUPERSEDE_REDUNDANT->dependencies x1
aspose-cells-foss/Aspose.Cells-FOSS-for-TypeScript,readme_unit,Development Dependencies,PRESENT_IN_README,4,4 lines,n/a,sealed_readme,heading+overlap,0.59,
aspose-cells-foss/Aspose.Cells-FOSS-for-TypeScript,readme_unit,Quick Start,PRESENT_IN_README,44,44 lines,n/a,sealed_readme,heading+overlap,0.98,
aspose-cells-foss/Aspose.Cells-FOSS-for-TypeScript,readme_unit,Additional Examples,PRESENT_IN_README,4,4 lines,n/a,sealed_readme,heading+overlap,1.00,
aspose-cells-foss/Aspose.Cells-FOSS-for-TypeScript,readme_unit,Export a Workbook to HTML,PRESENT_IN_README,25,25 lines,n/a,sealed_readme,content_overlap,0.98,
aspose-cells-foss/Aspose.Cells-FOSS-for-TypeScript,readme_unit,API Reference,PRESENT_IN_README,8,8 lines,n/a,sealed_readme,heading+overlap,0.81,
aspose-cells-foss/Aspose.Cells-FOSS-for-TypeScript,readme_unit,Core API,PRESENT_IN_FACTS,114,114 lines,n/a,facts,heading+overlap,1.00,VERIFIED_PRESERVE->api_reference x1
aspose-cells-foss/Aspose.Cells-FOSS-for-TypeScript,readme_unit,Documentation & Resources,PRESENT_IN_README,6,6 lines,n/a,sealed_readme,heading+overlap,0.98,
aspose-cells-foss/Aspose.Cells-FOSS-for-TypeScript,readme_unit,Scope and Limitations,PRESENT_IN_README,10,10 lines,n/a,sealed_readme,heading+overlap,1.00,
aspose-cells-foss/Aspose.Cells-FOSS-for-TypeScript,readme_unit,Development and Testing,PRESENT_IN_README,10,10 lines,n/a,sealed_readme,heading+overlap,0.76,
aspose-cells-foss/Aspose.Cells-FOSS-for-TypeScript,readme_unit,License,PRESENT_IN_README,5,5 lines,n/a,sealed_readme,heading+overlap,1.00,
aspose-cells-foss/Aspose.Cells-FOSS-for-TypeScript,license_notice,License/LICENSE.txt,PRESENT_IN_README,22,22 lines,true,sealed_readme,pattern,1.00,
aspose-cells-foss/Aspose.Cells-FOSS-for-TypeScript,target_framework,tsconfig target ES2020,MISSING,0,ts; declared in 1 file(s): tsconfig.json,false,,,,
aspose-cells-foss/Aspose.Cells-FOSS-for-TypeScript,example_file,examples/auto_filter.ts,PRESENT_IN_README,51,51 lines,true,sealed_readme,path,1.00,
aspose-cells-foss/Aspose.Cells-FOSS-for-TypeScript,example_file,examples/cell_values.ts,PRESENT_IN_README,118,118 lines,true,sealed_readme,path,1.00,
aspose-cells-foss/Aspose.Cells-FOSS-for-TypeScript,example_file,examples/data_validation.ts,PRESENT_IN_README,45,45 lines,true,sealed_readme,path,1.00,
aspose-cells-foss/Aspose.Cells-FOSS-for-TypeScript,example_file,examples/export.ts,PRESENT_IN_README,77,77 lines,true,sealed_readme,path,1.00,
aspose-cells-foss/Aspose.Cells-FOSS-for-TypeScript,example_file,examples/html_export.ts,PRESENT_IN_README,59,59 lines,true,sealed_readme,path,1.00,
aspose-cells-foss/Aspose.Cells-FOSS-for-TypeScript,example_file,examples/hyperlinks.ts,PRESENT_IN_README,25,25 lines,true,sealed_readme,path,1.00,
aspose-cells-foss/Aspose.Cells-FOSS-for-TypeScript,example_file,examples/index.ts,PRESENT_IN_README,10,10 lines,true,sealed_readme,content_overlap,1.00,
aspose-cells-foss/Aspose.Cells-FOSS-for-TypeScript,example_file,examples/protection.ts,PRESENT_IN_README,37,37 lines,true,sealed_readme,path,1.00,
aspose-cells-foss/Aspose.Cells-FOSS-for-TypeScript,example_file,examples/styles.ts,PRESENT_IN_README,90,90 lines,true,sealed_readme,path,1.00,
aspose-cells-foss/Aspose.Cells-FOSS-for-TypeScript,example_file,examples/worksheet_management.ts,PRESENT_IN_README,97,97 lines,true,sealed_readme,path,1.00,
aspose-email-foss/Aspose.Email-FOSS-for-.Net,readme_unit,Aspose.Email FOSS for .NET,PRESENT_IN_README,12,12 lines,n/a,sealed_readme,heading+overlap,0.68,
aspose-email-foss/Aspose.Email-FOSS-for-.Net,readme_unit,Navigation,PRESENT_IN_README,13,13 lines,n/a,sealed_readme,heading+overlap,1.00,
aspose-email-foss/Aspose.Email-FOSS-for-.Net,readme_unit,At a Glance,PRESENT_IN_README,24,24 lines,n/a,sealed_readme,heading+overlap,0.64,
aspose-email-foss/Aspose.Email-FOSS-for-.Net,readme_unit,Key Capabilities,PRESENT_IN_README,10,10 lines,n/a,sealed_readme,heading+overlap,0.50,
aspose-email-foss/Aspose.Email-FOSS-for-.Net,readme_unit,Installation,PRESENT_IN_FACTS,18,18 lines,n/a,facts,heading+overlap,1.00,SUPERSEDE_REDUNDANT->installation x1
aspose-email-foss/Aspose.Email-FOSS-for-.Net,readme_unit,Required Package Dependencies,PRESENT_IN_README,5,5 lines,n/a,sealed_readme,heading+overlap,0.48,
aspose-email-foss/Aspose.Email-FOSS-for-.Net,readme_unit,Native and System Requirements,PRESENT_IN_README,3,3 lines,n/a,sealed_readme,heading+overlap,0.50,
aspose-email-foss/Aspose.Email-FOSS-for-.Net,readme_unit,Development Dependencies,PRESENT_IN_FACTS,8,8 lines,n/a,facts,heading+overlap,1.00,SUPERSEDE_REDUNDANT->dependencies x1
aspose-email-foss/Aspose.Email-FOSS-for-.Net,readme_unit,Quick Start,PRESENT_IN_README,12,12 lines,n/a,sealed_readme,heading+overlap,1.00,
aspose-email-foss/Aspose.Email-FOSS-for-.Net,readme_unit,Additional Examples,PRESENT_IN_README,3,3 lines,n/a,sealed_readme,heading+overlap,0.45,
aspose-email-foss/Aspose.Email-FOSS-for-.Net,readme_unit,Create and Save an MSG Message,PRESENT_IN_README,18,18 lines,n/a,sealed_readme,content_overlap,0.92,
aspose-email-foss/Aspose.Email-FOSS-for-.Net,readme_unit,Convert EML to MSG,PRESENT_IN_README,13,13 lines,n/a,sealed_readme,content_overlap,1.00,
aspose-email-foss/Aspose.Email-FOSS-for-.Net,readme_unit,Inspect a CFB Container's Structure,PRESENT_IN_README,20,20 lines,n/a,sealed_readme,content_overlap,0.70,
aspose-email-foss/Aspose.Email-FOSS-for-.Net,readme_unit,API Reference,PRESENT_IN_README,10,10 lines,n/a,sealed_readme,heading+overlap,0.66,
aspose-email-foss/Aspose.Email-FOSS-for-.Net,readme_unit,Aspose.Email.Foss,PRESENT_IN_FACTS,27,27 lines,n/a,facts,heading+overlap,1.00,SUPERSEDE_REDUNDANT->identity x1
aspose-email-foss/Aspose.Email-FOSS-for-.Net,readme_unit,Enumerations,PRESENT_IN_README,12,12 lines,n/a,sealed_readme,heading+overlap,0.95,
aspose-email-foss/Aspose.Email-FOSS-for-.Net,readme_unit,CFB Container Access,PRESENT_IN_FACTS,11,11 lines,n/a,facts,heading+overlap,1.00,SUPERSEDE_REDUNDANT->api_reference x1
aspose-email-foss/Aspose.Email-FOSS-for-.Net,readme_unit,MSG Document Access,PRESENT_IN_FACTS,13,13 lines,n/a,facts,heading+overlap,1.00,SUPERSEDE_REDUNDANT->api_reference x1
aspose-email-foss/Aspose.Email-FOSS-for-.Net,readme_unit,High-Level Message API,PRESENT_IN_FACTS,17,17 lines,n/a,facts,heading+overlap,1.00,SUPERSEDE_REDUNDANT->api_reference x1
aspose-email-foss/Aspose.Email-FOSS-for-.Net,readme_unit,Documentation & Resources,PRESENT_IN_README,8,8 lines,n/a,sealed_readme,heading+overlap,0.95,
aspose-email-foss/Aspose.Email-FOSS-for-.Net,readme_unit,Scope and Limitations,PRESENT_IN_README,12,12 lines,n/a,sealed_readme,heading+overlap,0.73,
aspose-email-foss/Aspose.Email-FOSS-for-.Net,readme_unit,Development and Testing,PRESENT_IN_README,20,20 lines,n/a,sealed_readme,heading+overlap,0.72,
aspose-email-foss/Aspose.Email-FOSS-for-.Net,readme_unit,License,PRESENT_IN_README,4,4 lines,n/a,sealed_readme,heading+overlap,1.00,
aspose-email-foss/Aspose.Email-FOSS-for-.Net,changelog,CHANGELOG.md,PRESENT_IN_README,15,15 lines; headings: Changelog | [0.1.0] - 2026-03-18 | Added,true,sealed_readme,path,1.00,
aspose-email-foss/Aspose.Email-FOSS-for-.Net,root_doc,PUBLIC_API.md,PRESENT_IN_README,66,66 lines; headings: Public API,true,sealed_readme,path,1.00,
aspose-email-foss/Aspose.Email-FOSS-for-.Net,license_notice,LICENSE,PRESENT_IN_README,22,22 lines,true,sealed_readme,pattern,1.00,
aspose-email-foss/Aspose.Email-FOSS-for-.Net,target_framework,target framework net8.0,PRESENT_IN_README,0,dotnet; declared in 1 file(s): src/Aspose.Email.Foss/Aspose.Email.Foss.csproj,true,sealed_readme,pattern,1.00,
aspose-email-foss/Aspose.Email-FOSS-for-.Net,example_file,examples/README.md,PRESENT_IN_FACTS,69,69 lines,true,facts,path,1.00,
aspose-email-foss/Aspose.Email-FOSS-for-.Net,example_file,examples/create_msg_and_eml.cs,PRESENT_IN_FACTS,73,73 lines,true,facts,path,1.00,
aspose-email-foss/Aspose.Email-FOSS-for-.Net,example_file,examples/msg_reader.cs,PRESENT_IN_FACTS,124,124 lines,true,facts,path,1.00,
aspose-email-foss/Aspose.Email-FOSS-for-.Net,example_file,examples/msg_summary.cs,PRESENT_IN_FACTS,164,164 lines,true,facts,dir_pointer,0.00,
aspose-email-foss/Aspose.Email-FOSS-for-.Net,test_suite,tests,PRESENT_IN_README,6,6 test file(s),false,sealed_readme,dir_pointer,0.00,
aspose-email-foss/Aspose.Email-FOSS-for-.Net,build_command,dotnet build,PRESENT_IN_README,0,1 source(s): convention:src/Aspose.Email.Foss/Aspose.Email.Foss.csproj,true,sealed_readme,command,1.00,
aspose-email-foss/Aspose.Email-FOSS-for-.Net,test_command,dotnet test,PRESENT_IN_README,0,1 source(s): convention:src/Aspose.Email.Foss/Aspose.Email.Foss.csproj,true,sealed_readme,command,1.00,
aspose-email-foss/Aspose.Email-FOSS-for-Cpp,readme_unit,Aspose.Email FOSS for C++,PRESENT_IN_FACTS,12,12 lines,n/a,facts,heading+overlap,1.00,SUPERSEDE_REDUNDANT->additional_examples x1; SUPERSEDE_REDUNDANT->at_a_glance x1; SUPERSEDE_REDUNDANT->badges x1; SUPERSEDE_REDUNDANT->banner x1; SUPERSEDE_REDUNDANT->dependencies x1; SUPERSEDE_REDUNDANT->identity x1; SUPERSEDE_REDUNDANT->installation x1; SUPERSEDE_REDUNDANT->key_capabilities x1; SUPERSEDE_REDUNDANT->license x1; SUPERSEDE_REDUNDANT->navigation x1; SUPERSEDE_REDUNDANT->opening x1; SUPERSEDE_REDUNDANT->quick_start x1; VERIFIED_PRESERVE->api_reference x1; VERIFIED_PRESERVE->development_testing x1; VERIFIED_PRESERVE->documentation_resources x1; VERIFIED_PRESERVE->scope_limitations x1
aspose-email-foss/Aspose.Email-FOSS-for-Cpp,readme_unit,Navigation,PRESENT_IN_README,13,13 lines,n/a,sealed_readme,heading+overlap,0.89,
aspose-email-foss/Aspose.Email-FOSS-for-Cpp,readme_unit,At a Glance,PRESENT_IN_README,27,27 lines,n/a,sealed_readme,heading+overlap,0.62,
aspose-email-foss/Aspose.Email-FOSS-for-Cpp,readme_unit,Key Capabilities,PRESENT_IN_FACTS,18,18 lines,n/a,facts,heading+overlap,1.00,SUPERSEDE_REDUNDANT->key_capabilities x1
aspose-email-foss/Aspose.Email-FOSS-for-Cpp,readme_unit,Installation,PRESENT_IN_README,9,9 lines,n/a,sealed_readme,heading+overlap,0.50,
aspose-email-foss/Aspose.Email-FOSS-for-Cpp,readme_unit,Build,PRESENT_IN_FACTS,11,11 lines,n/a,facts,heading+overlap,1.00,SUPERSEDE_REDUNDANT->dependencies x1
aspose-email-foss/Aspose.Email-FOSS-for-Cpp,readme_unit,Install (Optional),PRESENT_IN_FACTS,9,9 lines,n/a,facts,heading+overlap,1.00,SUPERSEDE_REDUNDANT->dependencies x1
aspose-email-foss/Aspose.Email-FOSS-for-Cpp,readme_unit,Required Package Dependencies,PRESENT_IN_README,3,3 lines,n/a,sealed_readme,heading+overlap,1.00,
aspose-email-foss/Aspose.Email-FOSS-for-Cpp,readme_unit,Native and System Requirements,PRESENT_IN_FACTS,8,8 lines,n/a,facts,heading+overlap,1.00,SUPERSEDE_REDUNDANT->dependencies x1
aspose-email-foss/Aspose.Email-FOSS-for-Cpp,readme_unit,Quick Start,PRESENT_IN_README,46,46 lines,n/a,sealed_readme,heading+overlap,0.83,
aspose-email-foss/Aspose.Email-FOSS-for-Cpp,readme_unit,Additional Examples,PRESENT_IN_FACTS,6,6 lines,n/a,facts,heading+overlap,1.00,SUPERSEDE_REDUNDANT->additional_examples x1
aspose-email-foss/Aspose.Email-FOSS-for-Cpp,readme_unit,Create a Message and Save Both MSG and EML From the Command Line,PRESENT_IN_FACTS,66,66 lines,n/a,facts,heading+overlap,1.00,SUPERSEDE_REDUNDANT->additional_examples x1
aspose-email-foss/Aspose.Email-FOSS-for-Cpp,readme_unit,Inspect Low-Level MSG and CFB Structure,PRESENT_IN_FACTS,43,43 lines,n/a,facts,heading+overlap,1.00,SUPERSEDE_REDUNDANT->additional_examples x1
aspose-email-foss/Aspose.Email-FOSS-for-Cpp,readme_unit,API Reference,PRESENT_IN_README,9,9 lines,n/a,sealed_readme,heading+overlap,0.85,
aspose-email-foss/Aspose.Email-FOSS-for-Cpp,readme_unit,Foss,PRESENT_IN_README,22,22 lines,n/a,sealed_readme,heading+overlap,0.44,
aspose-email-foss/Aspose.Email-FOSS-for-Cpp,readme_unit,Structs,PRESENT_IN_FACTS,6,6 lines,n/a,facts,heading+overlap,1.00,VERIFIED_PRESERVE->api_reference x1
aspose-email-foss/Aspose.Email-FOSS-for-Cpp,readme_unit,Enumerations,PRESENT_IN_README,12,12 lines,n/a,sealed_readme,heading+overlap,0.48,
aspose-email-foss/Aspose.Email-FOSS-for-Cpp,readme_unit,Message Authoring,PRESENT_IN_FACTS,20,20 lines,n/a,facts,heading+overlap,1.00,VERIFIED_PRESERVE->api_reference x1
aspose-email-foss/Aspose.Email-FOSS-for-Cpp,readme_unit,Low-Level MSG Access,PRESENT_IN_FACTS,17,17 lines,n/a,facts,heading+overlap,1.00,VERIFIED_PRESERVE->api_reference x1
aspose-email-foss/Aspose.Email-FOSS-for-Cpp,readme_unit,Low-Level CFB Access,PRESENT_IN_FACTS,23,23 lines,n/a,facts,heading+overlap,1.00,VERIFIED_PRESERVE->api_reference x1
aspose-email-foss/Aspose.Email-FOSS-for-Cpp,readme_unit,"Attachments, Recipients, and Properties",PRESENT_IN_FACTS,19,19 lines,n/a,facts,heading+overlap,1.00,VERIFIED_PRESERVE->api_reference x1
aspose-email-foss/Aspose.Email-FOSS-for-Cpp,readme_unit,Documentation & Resources,PRESENT_IN_README,8,8 lines,n/a,sealed_readme,heading+overlap,1.00,
aspose-email-foss/Aspose.Email-FOSS-for-Cpp,readme_unit,Scope and Limitations,PRESENT_IN_README,17,17 lines,n/a,sealed_readme,heading+overlap,0.69,
aspose-email-foss/Aspose.Email-FOSS-for-Cpp,readme_unit,Development and Testing,PRESENT_IN_FACTS,18,18 lines,n/a,facts,heading+overlap,1.00,VERIFIED_PRESERVE->development_testing x1
aspose-email-foss/Aspose.Email-FOSS-for-Cpp,readme_unit,License,PRESENT_IN_README,4,4 lines,n/a,sealed_readme,heading+overlap,1.00,
aspose-email-foss/Aspose.Email-FOSS-for-Cpp,changelog,CHANGELOG.md,PRESENT_IN_README,18,18 lines; headings: Changelog | [0.1.0] - 2026-03-18 | Added,true,sealed_readme,path,1.00,
aspose-email-foss/Aspose.Email-FOSS-for-Cpp,root_doc,PUBLIC_API.md,PRESENT_IN_README,47,47 lines; headings: Public API,true,sealed_readme,path,1.00,
aspose-email-foss/Aspose.Email-FOSS-for-Cpp,license_notice,LICENSE,PRESENT_IN_README,22,22 lines,true,sealed_readme,pattern,1.00,
aspose-email-foss/Aspose.Email-FOSS-for-Cpp,target_framework,C++ standard 17,PRESENT_IN_README,0,cxx; declared in 1 file(s): CMakeLists.txt,true,sealed_readme,pattern,1.00,
aspose-email-foss/Aspose.Email-FOSS-for-Cpp,example_file,examples/README.md,PRESENT_IN_FACTS,70,70 lines,true,facts,path,1.00,
aspose-email-foss/Aspose.Email-FOSS-for-Cpp,example_file,examples/create_msg_and_eml.cpp,PRESENT_IN_FACTS,90,90 lines,true,facts,path,1.00,
aspose-email-foss/Aspose.Email-FOSS-for-Cpp,example_file,examples/msg_reader.cpp,PRESENT_IN_FACTS,213,213 lines,true,facts,path,1.00,
aspose-email-foss/Aspose.Email-FOSS-for-Cpp,example_file,examples/msg_summary.cpp,PRESENT_IN_FACTS,289,289 lines,true,facts,path,1.00,
aspose-email-foss/Aspose.Email-FOSS-for-Cpp,test_suite,tests,PRESENT_IN_README,3,3 test file(s),false,sealed_readme,dir_pointer,0.00,
aspose-email-foss/Aspose.Email-FOSS-for-Cpp,build_command,cmake --build,PRESENT_IN_README,0,3 source(s): convention:CMakeLists.txt; convention:examples/CMakeLists.txt; convention:tests/CMakeLists.txt,true,sealed_readme,command,1.00,
aspose-email-foss/Aspose.Email-FOSS-for-Python,readme_unit,Aspose.Email FOSS for Python,PRESENT_IN_README,12,12 lines,n/a,sealed_readme,heading+overlap,0.47,
aspose-email-foss/Aspose.Email-FOSS-for-Python,readme_unit,Navigation,PRESENT_IN_README,13,13 lines,n/a,sealed_readme,heading+overlap,1.00,
aspose-email-foss/Aspose.Email-FOSS-for-Python,readme_unit,At a Glance,PRESENT_IN_README,27,27 lines,n/a,sealed_readme,heading+overlap,0.66,
aspose-email-foss/Aspose.Email-FOSS-for-Python,readme_unit,Key Capabilities,PRESENT_IN_FACTS,24,24 lines,n/a,facts,heading+overlap,1.00,SUPERSEDE_REDUNDANT->key_capabilities x1
aspose-email-foss/Aspose.Email-FOSS-for-Python,readme_unit,Installation,PRESENT_IN_README,11,11 lines,n/a,sealed_readme,heading+overlap,0.54,
aspose-email-foss/Aspose.Email-FOSS-for-Python,readme_unit,Required Package Dependencies,PRESENT_IN_README,3,3 lines,n/a,sealed_readme,heading+overlap,1.00,
aspose-email-foss/Aspose.Email-FOSS-for-Python,readme_unit,Native and System Requirements,PRESENT_IN_README,5,5 lines,n/a,sealed_readme,heading+overlap,0.47,
aspose-email-foss/Aspose.Email-FOSS-for-Python,readme_unit,Quick Start,PRESENT_IN_README,28,28 lines,n/a,sealed_readme,heading+overlap,0.98,
aspose-email-foss/Aspose.Email-FOSS-for-Python,readme_unit,Additional Examples,PRESENT_IN_README,4,4 lines,n/a,sealed_readme,heading+overlap,0.91,
aspose-email-foss/Aspose.Email-FOSS-for-Python,readme_unit,Convert MSG to EML,PRESENT_IN_README,14,14 lines,n/a,sealed_readme,content_overlap,1.00,
aspose-email-foss/Aspose.Email-FOSS-for-Python,readme_unit,Convert EML to MSG,PRESENT_IN_README,14,14 lines,n/a,sealed_readme,content_overlap,1.00,
aspose-email-foss/Aspose.Email-FOSS-for-Python,readme_unit,Inspect Low-Level MSG and CFB Structure,PRESENT_IN_FACTS,18,18 lines,n/a,facts,heading+overlap,1.00,OMIT_UNSUPPORTED->- x1
aspose-email-foss/Aspose.Email-FOSS-for-Python,readme_unit,Build a CFB Container Directly,PRESENT_IN_README,18,18 lines,n/a,sealed_readme,content_overlap,0.69,
aspose-email-foss/Aspose.Email-FOSS-for-Python,readme_unit,API Reference,PRESENT_IN_README,11,11 lines,n/a,sealed_readme,heading+overlap,0.65,
aspose-email-foss/Aspose.Email-FOSS-for-Python,readme_unit,CFB Format (Compound File Binary),PRESENT_IN_README,12,12 lines,n/a,sealed_readme,content_overlap,0.98,
aspose-email-foss/Aspose.Email-FOSS-for-Python,readme_unit,Enumerations,PRESENT_IN_README,9,9 lines,n/a,sealed_readme,heading+overlap,1.00,
aspose-email-foss/Aspose.Email-FOSS-for-Python,readme_unit,MSG Format,PRESENT_IN_README,20,20 lines,n/a,sealed_readme,content_overlap,0.96,
aspose-email-foss/Aspose.Email-FOSS-for-Python,readme_unit,Enumerations #2,PRESENT_IN_README,9,9 lines,n/a,sealed_readme,heading+overlap,1.00,
aspose-email-foss/Aspose.Email-FOSS-for-Python,readme_unit,High-Level Message API,PRESENT_IN_FACTS,29,29 lines,n/a,facts,heading+overlap,1.00,SUPERSEDE_REDUNDANT->api_reference x1
aspose-email-foss/Aspose.Email-FOSS-for-Python,readme_unit,Low-Level MSG API,PRESENT_IN_FACTS,17,17 lines,n/a,facts,heading+overlap,1.00,SUPERSEDE_REDUNDANT->api_reference x1
aspose-email-foss/Aspose.Email-FOSS-for-Python,readme_unit,Low-Level CFB API,PRESENT_IN_FACTS,16,16 lines,n/a,facts,heading+overlap,1.00,SUPERSEDE_REDUNDANT->api_reference x1
aspose-email-foss/Aspose.Email-FOSS-for-Python,readme_unit,Enumerations #3,PRESENT_IN_README,7,7 lines,n/a,sealed_readme,heading+overlap,0.52,
aspose-email-foss/Aspose.Email-FOSS-for-Python,readme_unit,Exceptions,PRESENT_IN_README,6,6 lines,n/a,sealed_readme,content_overlap,0.75,
aspose-email-foss/Aspose.Email-FOSS-for-Python,readme_unit,Documentation & Resources,PRESENT_IN_README,12,12 lines,n/a,sealed_readme,heading+overlap,0.51,
aspose-email-foss/Aspose.Email-FOSS-for-Python,readme_unit,Scope and Limitations,PRESENT_IN_README,17,17 lines,n/a,sealed_readme,heading+overlap,0.77,
aspose-email-foss/Aspose.Email-FOSS-for-Python,readme_unit,Development and Testing,PRESENT_IN_FACTS,20,20 lines,n/a,facts,heading+overlap,1.00,SUPERSEDE_REDUNDANT->development_testing x1
aspose-email-foss/Aspose.Email-FOSS-for-Python,readme_unit,License,PRESENT_IN_README,4,4 lines,n/a,sealed_readme,heading+overlap,1.00,
aspose-email-foss/Aspose.Email-FOSS-for-Python,changelog,CHANGELOG.md,PRESENT_IN_FACTS,22,22 lines; headings: Changelog | [26.3] - 2026-03-15 | Added | Changed,true,facts,path,1.00,
aspose-email-foss/Aspose.Email-FOSS-for-Python,contributing,CONTRIBUTING.md,PRESENT_IN_FACTS,43,43 lines; headings: Contributing | Development Setup | Packaging Checks | Release Checklist,true,facts,path,1.00,
aspose-email-foss/Aspose.Email-FOSS-for-Python,root_doc,PUBLIC_API.md,PRESENT_IN_FACTS,159,159 lines; headings: Public API | Preferred Imports | High-Level MSG API | Low-Level MSG API | Low-Level CFB API,true,facts,path,1.00,
aspose-email-foss/Aspose.Email-FOSS-for-Python,security_policy,SECURITY.md,PRESENT_IN_FACTS,18,18 lines; headings: Security Policy,true,facts,path,1.00,
aspose-email-foss/Aspose.Email-FOSS-for-Python,license_notice,LICENSE,PRESENT_IN_README,22,22 lines,true,sealed_readme,pattern,1.00,
aspose-email-foss/Aspose.Email-FOSS-for-Python,target_framework,requires-python >=3.10,PRESENT_IN_README,0,python; declared in 1 file(s): pyproject.toml,true,sealed_readme,pattern,1.00,
aspose-email-foss/Aspose.Email-FOSS-for-Python,ci_matrix,"python-version: 3.10, 3.11, 3.12, 3.13",MISSING,0,matrix axis in .github/workflows/ci.yml,true,,,,
aspose-email-foss/Aspose.Email-FOSS-for-Python,example_file,examples/README.md,PRESENT_IN_README,76,76 lines,true,sealed_readme,path,1.00,
aspose-email-foss/Aspose.Email-FOSS-for-Python,example_file,examples/create_msg_and_eml.py,PRESENT_IN_README,91,91 lines,true,sealed_readme,dir_pointer,0.00,
aspose-email-foss/Aspose.Email-FOSS-for-Python,example_file,examples/msg_reader.py,PRESENT_IN_README,134,134 lines,true,sealed_readme,dir_pointer,0.00,
aspose-email-foss/Aspose.Email-FOSS-for-Python,example_file,examples/msg_summary.py,PRESENT_IN_README,126,126 lines,true,sealed_readme,dir_pointer,0.00,
aspose-email-foss/Aspose.Email-FOSS-for-Python,test_suite,tests,PRESENT_IN_README,2,2 test file(s),false,sealed_readme,dir_pointer,0.00,
aspose-email-foss/Aspose.Email-FOSS-for-Python,build_command,python -m build,MISSING,0,2 source(s): ci:.github/workflows/ci.yml; ci:.github/workflows/release.yml,true,,,,
aspose-email-foss/Aspose.Email-FOSS-for-Python,test_command,unittest,MISSING,0,2 source(s): ci:.github/workflows/ci.yml; ci:.github/workflows/release.yml,true,,,,
aspose-font-foss/Aspose.Font-FOSS-for-Python,readme_unit,aspose-font,PRESENT_IN_FACTS,5,5 lines,n/a,facts,heading+overlap,0.63,OMIT_UNSUPPORTED->- x3; SUPERSEDE_REDUNDANT->api_reference x2; SUPERSEDE_REDUNDANT->identity x2; SUPERSEDE_REDUNDANT->installation x1; SUPERSEDE_REDUNDANT->key_capabilities x1; SUPERSEDE_REDUNDANT->license x1; SUPERSEDE_REDUNDANT->opening x2; SUPERSEDE_REDUNDANT->quick_start x1; VERIFIED_PRESERVE->api_reference x2; VERIFIED_PRESERVE->development_testing x1; VERIFIED_PRESERVE->opening x1
aspose-font-foss/Aspose.Font-FOSS-for-Python,readme_unit,Three Buyer Workflows,PRESENT_IN_FACTS,5,5 lines,n/a,facts,content_overlap,0.92,
aspose-font-foss/Aspose.Font-FOSS-for-Python,readme_unit,What You Get,PRESENT_IN_FACTS,9,9 lines,n/a,facts,heading+overlap,0.75,OMIT_UNSUPPORTED->- x1
aspose-font-foss/Aspose.Font-FOSS-for-Python,readme_unit,Who Is This For?,PRESENT_IN_FACTS,9,9 lines,n/a,facts,content_overlap,0.69,
aspose-font-foss/Aspose.Font-FOSS-for-Python,readme_unit,1. Web Font Optimization,PRESENT_IN_FACTS,44,44 lines,n/a,facts,content_overlap,0.69,
aspose-font-foss/Aspose.Font-FOSS-for-Python,readme_unit,2. Font QA Reporting,PRESENT_IN_FACTS,42,42 lines,n/a,facts,content_overlap,0.74,
aspose-font-foss/Aspose.Font-FOSS-for-Python,readme_unit,3. Release-Safe Variable Instance Packages,PRESENT_IN_FACTS,39,39 lines,n/a,facts,content_overlap,0.85,
aspose-font-foss/Aspose.Font-FOSS-for-Python,readme_unit,What Can This Font Do?,MISSING,5,5 lines,n/a,,,,
aspose-font-foss/Aspose.Font-FOSS-for-Python,readme_unit,Variable Axes,PRESENT_IN_FACTS,9,9 lines,n/a,facts,content_overlap,0.60,
aspose-font-foss/Aspose.Font-FOSS-for-Python,readme_unit,Coverage Diagnostics,MISSING,12,12 lines,n/a,,,,
aspose-font-foss/Aspose.Font-FOSS-for-Python,readme_unit,CSS Hints,MISSING,17,17 lines,n/a,,,,
aspose-font-foss/Aspose.Font-FOSS-for-Python,readme_unit,Release Risks,MISSING,10,10 lines,n/a,,,,
aspose-font-foss/Aspose.Font-FOSS-for-Python,readme_unit,Capability Snapshot,PRESENT_IN_FACTS,14,14 lines,n/a,facts,heading+overlap,1.00,SUPERSEDE_REDUNDANT->key_capabilities x1
aspose-font-foss/Aspose.Font-FOSS-for-Python,readme_unit,Variable-Font-First Workflows,PRESENT_IN_FACTS,21,21 lines,n/a,facts,heading+overlap,0.99,VERIFIED_PRESERVE->opening x1
aspose-font-foss/Aspose.Font-FOSS-for-Python,readme_unit,Variable Font Discovery,PRESENT_IN_FACTS,34,34 lines,n/a,facts,heading+overlap,1.00,VERIFIED_PRESERVE->api_reference x1
aspose-font-foss/Aspose.Font-FOSS-for-Python,readme_unit,Python API Highlights,PRESENT_IN_README,130,130 lines,n/a,sealed_readme,content_overlap,0.86,
aspose-font-foss/Aspose.Font-FOSS-for-Python,readme_unit,Web Optimization,PRESENT_IN_FACTS,10,10 lines,n/a,facts,content_overlap,0.97,
aspose-font-foss/Aspose.Font-FOSS-for-Python,readme_unit,QA Evidence,PRESENT_IN_FACTS,13,13 lines,n/a,facts,content_overlap,0.97,
aspose-font-foss/Aspose.Font-FOSS-for-Python,readme_unit,Instance Packaging,PRESENT_IN_FACTS,12,12 lines,n/a,facts,content_overlap,0.89,
aspose-font-foss/Aspose.Font-FOSS-for-Python,readme_unit,Preview and Review,PRESENT_IN_FACTS,27,27 lines,n/a,facts,content_overlap,1.00,
aspose-font-foss/Aspose.Font-FOSS-for-Python,readme_unit,Web Packaging,PRESENT_IN_README,12,12 lines,n/a,sealed_readme,content_overlap,0.64,
aspose-font-foss/Aspose.Font-FOSS-for-Python,readme_unit,General Inspection and Conversion,PRESENT_IN_FACTS,8,8 lines,n/a,facts,heading+overlap,1.00,
aspose-font-foss/Aspose.Font-FOSS-for-Python,readme_unit,CLI Usage,MISSING,5,5 lines,n/a,,,,
aspose-font-foss/Aspose.Font-FOSS-for-Python,readme_unit,Quick Reference,PRESENT_IN_FACTS,13,13 lines,n/a,facts,content_overlap,0.70,
aspose-font-foss/Aspose.Font-FOSS-for-Python,readme_unit,MCP Server,PRESENT_IN_FACTS,12,12 lines,n/a,facts,heading+overlap,1.00,SUPERSEDE_REDUNDANT->api_reference x1
aspose-font-foss/Aspose.Font-FOSS-for-Python,readme_unit,Development,PRESENT_IN_README,9,9 lines,n/a,sealed_readme,content_overlap,0.61,
aspose-font-foss/Aspose.Font-FOSS-for-Python,readme_unit,License,PRESENT_IN_README,2,2 lines,n/a,sealed_readme,heading+overlap,1.00,
aspose-font-foss/Aspose.Font-FOSS-for-Python,changelog,CHANGELOG.md,MISSING,20,20 lines; headings: Changelog | Unreleased | 2026.5.1,false,,,,
aspose-font-foss/Aspose.Font-FOSS-for-Python,security_policy,SECURITY.md,MISSING,18,18 lines; headings: Security Policy | Supported Versions | Reporting a Vulnerability | Secret Handling,false,,,,
aspose-font-foss/Aspose.Font-FOSS-for-Python,license_notice,LICENSE.txt,PRESENT_IN_README,22,22 lines,true,sealed_readme,pattern,1.00,
aspose-font-foss/Aspose.Font-FOSS-for-Python,github_release,release 26.10.2,MISSING,1373,latest release 26.10.2 published 2026-10-09; 1373 chars,false,,,,
aspose-font-foss/Aspose.Font-FOSS-for-Python,cli_entry,aspose-font,PRESENT_IN_README,0,[project.scripts] in pyproject.toml,true,sealed_readme,name,1.00,
aspose-font-foss/Aspose.Font-FOSS-for-Python,target_framework,requires-python >=3.10,PRESENT_IN_README,0,python; declared in 1 file(s): pyproject.toml,false,sealed_readme,pattern,1.00,
aspose-font-foss/Aspose.Font-FOSS-for-Python,test_suite,tests,PRESENT_IN_README,106,106 test file(s),true,sealed_readme,dir_pointer,0.00,
aspose-font-foss/Aspose.Font-FOSS-for-Python,build_command,make all,MISSING,0,1 source(s): manifest:Makefile,false,,,,
aspose-font-foss/Aspose.Font-FOSS-for-Python,build_command,make build,MISSING,0,1 source(s): manifest:Makefile,false,,,,
aspose-font-foss/Aspose.Font-FOSS-for-Python,test_command,make test,MISSING,0,1 source(s): manifest:Makefile,false,,,,
aspose-font-foss/Aspose.Font-FOSS-for-Python,test_command,pytest,PRESENT_IN_README,0,2 source(s): convention:pyproject.toml; convention:tests/conftest.py,true,sealed_readme,command,1.00,
aspose-gis-foss/Aspose.GIS.FOSS-for-.Net,target_framework,target framework net10.0,NO_BUNDLE,0,dotnet; declared in 1 file(s): Aspose.GIS.FOSS/Aspose.GIS.FOSS.csproj,false,,,,
aspose-gis-foss/Aspose.GIS.FOSS-for-.Net,test_suite,Aspose.GIS.FOSS.Tests,NO_BUNDLE,2,2 test file(s),false,,,,
aspose-gis-foss/Aspose.GIS.FOSS-for-.Net,build_command,dotnet build,NO_BUNDLE,0,1 source(s): convention:Aspose.GIS.FOSS/Aspose.GIS.FOSS.csproj,false,,,,
aspose-gis-foss/Aspose.GIS.FOSS-for-.Net,test_command,dotnet test,NO_BUNDLE,0,1 source(s): convention:Aspose.GIS.FOSS/Aspose.GIS.FOSS.csproj,false,,,,
aspose-html-foss/Aspose.HTML-FOSS-for-Python,readme_unit,Aspose.HTML FOSS for Python,PRESENT_IN_README,7,7 lines,n/a,sealed_readme,heading+overlap,0.52,
aspose-html-foss/Aspose.HTML-FOSS-for-Python,readme_unit,Navigation,PRESENT_IN_README,13,13 lines,n/a,sealed_readme,heading+overlap,1.00,
aspose-html-foss/Aspose.HTML-FOSS-for-Python,readme_unit,At a Glance,PRESENT_IN_README,32,32 lines,n/a,sealed_readme,heading+overlap,0.61,
aspose-html-foss/Aspose.HTML-FOSS-for-Python,readme_unit,Key Capabilities,PRESENT_IN_README,9,9 lines,n/a,sealed_readme,heading+overlap,0.88,
aspose-html-foss/Aspose.HTML-FOSS-for-Python,readme_unit,Installation,PRESENT_IN_README,22,22 lines,n/a,sealed_readme,heading+overlap,0.41,
aspose-html-foss/Aspose.HTML-FOSS-for-Python,readme_unit,Required Package Dependencies,PRESENT_IN_README,3,3 lines,n/a,sealed_readme,heading+overlap,0.60,
aspose-html-foss/Aspose.HTML-FOSS-for-Python,readme_unit,Optional Dependencies,PRESENT_IN_README,3,3 lines,n/a,sealed_readme,heading+overlap,0.56,
aspose-html-foss/Aspose.HTML-FOSS-for-Python,readme_unit,Native and System Requirements,PRESENT_IN_README,3,3 lines,n/a,sealed_readme,heading+overlap,1.00,
aspose-html-foss/Aspose.HTML-FOSS-for-Python,readme_unit,Development Dependencies,PRESENT_IN_README,3,3 lines,n/a,sealed_readme,heading+overlap,0.83,
aspose-html-foss/Aspose.HTML-FOSS-for-Python,readme_unit,Quick Start,PRESENT_IN_README,36,36 lines,n/a,sealed_readme,heading+overlap,0.86,
aspose-html-foss/Aspose.HTML-FOSS-for-Python,readme_unit,Additional Examples,PRESENT_IN_README,3,3 lines,n/a,sealed_readme,heading+overlap,0.83,
aspose-html-foss/Aspose.HTML-FOSS-for-Python,readme_unit,Work With URLs and Search Parameters,PRESENT_IN_README,13,13 lines,n/a,sealed_readme,content_overlap,0.92,
aspose-html-foss/Aspose.HTML-FOSS-for-Python,readme_unit,Query Elements By Tag Name,PRESENT_IN_README,10,10 lines,n/a,sealed_readme,content_overlap,0.78,
aspose-html-foss/Aspose.HTML-FOSS-for-Python,readme_unit,Detect Character Encoding From Bytes,PRESENT_IN_README,10,10 lines,n/a,sealed_readme,content_overlap,0.94,
aspose-html-foss/Aspose.HTML-FOSS-for-Python,readme_unit,Execute JavaScript Against The DOM,PRESENT_IN_FACTS,14,14 lines,n/a,facts,heading+overlap,1.00,OMIT_UNSUPPORTED->- x1
aspose-html-foss/Aspose.HTML-FOSS-for-Python,readme_unit,Drive The Tokenizer Directly,PRESENT_IN_README,11,11 lines,n/a,sealed_readme,content_overlap,0.86,
aspose-html-foss/Aspose.HTML-FOSS-for-Python,readme_unit,API Reference,PRESENT_IN_README,6,6 lines,n/a,sealed_readme,heading+overlap,0.63,
aspose-html-foss/Aspose.HTML-FOSS-for-Python,readme_unit,Core API,PRESENT_IN_README,5,5 lines,n/a,sealed_readme,heading+overlap,1.00,
aspose-html-foss/Aspose.HTML-FOSS-for-Python,readme_unit,CSS,PRESENT_IN_FACTS,18,18 lines,n/a,facts,heading+overlap,1.00,VERIFIED_PRESERVE->api_reference x1
aspose-html-foss/Aspose.HTML-FOSS-for-Python,readme_unit,Enumerations,PRESENT_IN_README,6,6 lines,n/a,sealed_readme,heading+overlap,0.67,
aspose-html-foss/Aspose.HTML-FOSS-for-Python,readme_unit,CSSOM,PRESENT_IN_README,22,22 lines,n/a,sealed_readme,heading+overlap,0.76,
aspose-html-foss/Aspose.HTML-FOSS-for-Python,readme_unit,DOM,PRESENT_IN_README,176,176 lines,n/a,sealed_readme,heading+overlap,0.70,
aspose-html-foss/Aspose.HTML-FOSS-for-Python,readme_unit,Encoding,PRESENT_IN_README,6,6 lines,n/a,sealed_readme,content_overlap,0.87,
aspose-html-foss/Aspose.HTML-FOSS-for-Python,readme_unit,JS,PRESENT_IN_README,9,9 lines,n/a,sealed_readme,content_overlap,0.62,
aspose-html-foss/Aspose.HTML-FOSS-for-Python,readme_unit,Layout,PRESENT_IN_FACTS,17,17 lines,n/a,facts,heading+overlap,1.00,VERIFIED_PRESERVE->api_reference x1
aspose-html-foss/Aspose.HTML-FOSS-for-Python,readme_unit,Tokenizer,PRESENT_IN_README,11,11 lines,n/a,sealed_readme,heading+overlap,0.68,
aspose-html-foss/Aspose.HTML-FOSS-for-Python,readme_unit,Enumerations #2,PRESENT_IN_README,5,5 lines,n/a,sealed_readme,heading+overlap,0.50,
aspose-html-foss/Aspose.HTML-FOSS-for-Python,readme_unit,Tree,PRESENT_IN_FACTS,8,8 lines,n/a,facts,heading+overlap,1.00,VERIFIED_PRESERVE->api_reference x1
aspose-html-foss/Aspose.HTML-FOSS-for-Python,readme_unit,Enumerations #3,PRESENT_IN_FACTS,5,5 lines,n/a,facts,heading+overlap,1.00,VERIFIED_PRESERVE->api_reference x3
aspose-html-foss/Aspose.HTML-FOSS-for-Python,readme_unit,URL,PRESENT_IN_README,9,9 lines,n/a,sealed_readme,content_overlap,0.65,
aspose-html-foss/Aspose.HTML-FOSS-for-Python,readme_unit,HTML Parsing and Documents,PRESENT_IN_README,4,4 lines,n/a,sealed_readme,content_overlap,1.00,
aspose-html-foss/Aspose.HTML-FOSS-for-Python,readme_unit,DOM Core,PRESENT_IN_README,7,7 lines,n/a,sealed_readme,content_overlap,0.68,
aspose-html-foss/Aspose.HTML-FOSS-for-Python,readme_unit,CSS And CSSOM,PRESENT_IN_README,5,5 lines,n/a,sealed_readme,content_overlap,0.64,
aspose-html-foss/Aspose.HTML-FOSS-for-Python,readme_unit,URL And Encoding,PRESENT_IN_FACTS,5,5 lines,n/a,facts,heading+overlap,1.00,OMIT_UNSUPPORTED->- x1
aspose-html-foss/Aspose.HTML-FOSS-for-Python,readme_unit,JavaScript Bridge (Optional),PRESENT_IN_FACTS,6,6 lines,n/a,facts,heading+overlap,1.00,OMIT_UNSUPPORTED->- x1
aspose-html-foss/Aspose.HTML-FOSS-for-Python,readme_unit,Documentation & Resources,PRESENT_IN_README,11,11 lines,n/a,sealed_readme,heading+overlap,0.69,
aspose-html-foss/Aspose.HTML-FOSS-for-Python,readme_unit,Scope and Limitations,PRESENT_IN_README,9,9 lines,n/a,sealed_readme,heading+overlap,0.78,
aspose-html-foss/Aspose.HTML-FOSS-for-Python,readme_unit,Development and Testing,PRESENT_IN_FACTS,23,23 lines,n/a,facts,heading+overlap,1.00,VERIFIED_MOVE->development_testing x1
aspose-html-foss/Aspose.HTML-FOSS-for-Python,readme_unit,License,PRESENT_IN_README,2,2 lines,n/a,sealed_readme,heading+overlap,1.00,
aspose-html-foss/Aspose.HTML-FOSS-for-Python,changelog,CHANGELOG.md,PRESENT_IN_README,13,13 lines; headings: Changelog | 0.1.0,true,sealed_readme,content_overlap,0.71,
aspose-html-foss/Aspose.HTML-FOSS-for-Python,contributing,CONTRIBUTING.md,PRESENT_IN_FACTS,30,30 lines; headings: Contributing | Development Setup | Running Tests | Guidelines | Reporting Issues,true,facts,path,1.00,
aspose-html-foss/Aspose.HTML-FOSS-for-Python,root_doc,PUBLIC_API.md,PRESENT_IN_README,53,53 lines; headings: Public API | Top-Level Package | HTML Documents | DOM | CSS And CSSOM,true,sealed_readme,path,1.00,
aspose-html-foss/Aspose.HTML-FOSS-for-Python,security_policy,SECURITY.md,PRESENT_IN_FACTS,12,12 lines; headings: Security Policy | Reporting A Vulnerability | Supported Versions,true,facts,path,1.00,
aspose-html-foss/Aspose.HTML-FOSS-for-Python,license_notice,LICENSE,PRESENT_IN_README,22,22 lines,true,sealed_readme,pattern,1.00,
aspose-html-foss/Aspose.HTML-FOSS-for-Python,target_framework,requires-python >=3.10,PRESENT_IN_README,0,python; declared in 1 file(s): pyproject.toml,true,sealed_readme,pattern,1.00,
aspose-html-foss/Aspose.HTML-FOSS-for-Python,example_file,examples/parse_and_update.py,PRESENT_IN_README,12,12 lines,true,sealed_readme,content_overlap,1.00,
aspose-html-foss/Aspose.HTML-FOSS-for-Python,example_file,examples/url_search_params.py,PRESENT_IN_README,8,8 lines,true,sealed_readme,content_overlap,1.00,
aspose-html-foss/Aspose.HTML-FOSS-for-Python,test_suite,.,MISSING,1,1 test file(s),false,,,,
aspose-html-foss/Aspose.HTML-FOSS-for-Python,test_suite,tests,PRESENT_IN_README,216,216 test file(s),false,sealed_readme,dir_pointer,0.00,
aspose-html-foss/Aspose.HTML-FOSS-for-Python,test_command,pytest,PRESENT_IN_README,0,2 source(s): convention:conftest.py; convention:pyproject.toml,true,sealed_readme,command,1.00,
aspose-imaging-foss/Aspose.Imaging-FOSS-for-.NET,readme_unit,Aspose.Imaging FOSS for .NET,PRESENT_IN_README,12,12 lines,n/a,sealed_readme,heading+overlap,0.45,
aspose-imaging-foss/Aspose.Imaging-FOSS-for-.NET,readme_unit,Navigation,PRESENT_IN_README,13,13 lines,n/a,sealed_readme,heading+overlap,0.68,
aspose-imaging-foss/Aspose.Imaging-FOSS-for-.NET,readme_unit,At a Glance,PRESENT_IN_README,25,25 lines,n/a,sealed_readme,heading+overlap,0.44,
aspose-imaging-foss/Aspose.Imaging-FOSS-for-.NET,readme_unit,Key Capabilities,PRESENT_IN_FACTS,54,54 lines,n/a,facts,content_overlap,0.68,
aspose-imaging-foss/Aspose.Imaging-FOSS-for-.NET,readme_unit,Installation,PRESENT_IN_README,19,19 lines,n/a,sealed_readme,heading+overlap,0.45,
aspose-imaging-foss/Aspose.Imaging-FOSS-for-.NET,readme_unit,Required Package Dependencies,PRESENT_IN_README,5,5 lines,n/a,sealed_readme,heading+overlap,0.48,
aspose-imaging-foss/Aspose.Imaging-FOSS-for-.NET,readme_unit,Native and System Requirements,PRESENT_IN_README,3,3 lines,n/a,sealed_readme,heading+overlap,0.50,
aspose-imaging-foss/Aspose.Imaging-FOSS-for-.NET,readme_unit,Development Dependencies,MISSING,9,9 lines,n/a,,,,
aspose-imaging-foss/Aspose.Imaging-FOSS-for-.NET,readme_unit,Quick Start,PRESENT_IN_FACTS,17,17 lines,n/a,facts,content_overlap,0.96,
aspose-imaging-foss/Aspose.Imaging-FOSS-for-.NET,readme_unit,Additional Examples,PRESENT_IN_README,4,4 lines,n/a,sealed_readme,content_overlap,0.60,
aspose-imaging-foss/Aspose.Imaging-FOSS-for-.NET,readme_unit,Probe a File Asynchronously,MISSING,11,11 lines,n/a,,,,
aspose-imaging-foss/Aspose.Imaging-FOSS-for-.NET,readme_unit,Count Frames in a Multi-Frame GIF or a Multi-Page DJVU,PRESENT_IN_FACTS,12,12 lines,n/a,facts,content_overlap,0.71,
aspose-imaging-foss/Aspose.Imaging-FOSS-for-.NET,readme_unit,Detect a Format From an Unseekable Stream,MISSING,13,13 lines,n/a,,,,
aspose-imaging-foss/Aspose.Imaging-FOSS-for-.NET,readme_unit,API Reference,PRESENT_IN_README,7,7 lines,n/a,sealed_readme,heading+overlap,0.55,
aspose-imaging-foss/Aspose.Imaging-FOSS-for-.NET,readme_unit,Detailed Member Reference,MISSING,21,21 lines,n/a,,,,
aspose-imaging-foss/Aspose.Imaging-FOSS-for-.NET,readme_unit,Documentation & Resources,MISSING,11,11 lines,n/a,,,,
aspose-imaging-foss/Aspose.Imaging-FOSS-for-.NET,readme_unit,Scope and Limitations,MISSING,23,23 lines,n/a,,,,
aspose-imaging-foss/Aspose.Imaging-FOSS-for-.NET,readme_unit,Development and Testing,MISSING,16,16 lines,n/a,,,,
aspose-imaging-foss/Aspose.Imaging-FOSS-for-.NET,readme_unit,License,PRESENT_IN_README,4,4 lines,n/a,sealed_readme,heading+overlap,1.00,
aspose-imaging-foss/Aspose.Imaging-FOSS-for-.NET,license_notice,LICENSE,PRESENT_IN_README,22,22 lines,true,sealed_readme,pattern,1.00,
aspose-imaging-foss/Aspose.Imaging-FOSS-for-.NET,target_framework,target framework net8.0,MISSING,0,dotnet; declared in 1 file(s): src/Aspose.Imaging.Foss/Aspose.Imaging.Foss.csproj,true,,,,
aspose-imaging-foss/Aspose.Imaging-FOSS-for-.NET,target_framework,target framework netstandard2.0,PRESENT_IN_README,0,dotnet; declared in 1 file(s): src/Aspose.Imaging.Foss/Aspose.Imaging.Foss.csproj,true,sealed_readme,pattern,1.00,
aspose-imaging-foss/Aspose.Imaging-FOSS-for-.NET,ci_matrix,"os: ubuntu, windows",MISSING,0,matrix axis in .github/workflows/ci.yml,false,,,,
aspose-imaging-foss/Aspose.Imaging-FOSS-for-.NET,test_suite,tests,PRESENT_IN_README,5,5 test file(s),false,sealed_readme,dir_pointer,0.00,
aspose-imaging-foss/Aspose.Imaging-FOSS-for-.NET,build_command,dotnet build,PRESENT_IN_README,0,4 source(s): ci:.github/workflows/ci.yml; ci:.github/workflows/release.yml; convention:Aspose.Imaging.Foss.sln,true,sealed_readme,command,1.00,
aspose-imaging-foss/Aspose.Imaging-FOSS-for-.NET,build_command,dotnet pack,MISSING,0,2 source(s): ci:.github/workflows/ci.yml; ci:.github/workflows/release.yml,false,,,,
aspose-imaging-foss/Aspose.Imaging-FOSS-for-.NET,test_command,dotnet test,MISSING,0,4 source(s): ci:.github/workflows/ci.yml; ci:.github/workflows/release.yml; convention:Aspose.Imaging.Foss.sln,true,,,,
aspose-note-foss/Aspose.Note-FOSS-for-Python,readme_unit,Aspose.Note FOSS for Python,PRESENT_IN_README,10,10 lines,n/a,sealed_readme,heading+overlap,0.68,
aspose-note-foss/Aspose.Note-FOSS-for-Python,readme_unit,Navigation,PRESENT_IN_README,12,12 lines,n/a,sealed_readme,heading+overlap,1.00,
aspose-note-foss/Aspose.Note-FOSS-for-Python,readme_unit,At a Glance,PRESENT_IN_README,30,30 lines,n/a,sealed_readme,heading+overlap,0.87,
aspose-note-foss/Aspose.Note-FOSS-for-Python,readme_unit,Key Capabilities,PRESENT_IN_README,9,9 lines,n/a,sealed_readme,heading+overlap,0.47,
aspose-note-foss/Aspose.Note-FOSS-for-Python,readme_unit,Installation,PRESENT_IN_README,14,14 lines,n/a,sealed_readme,heading+overlap,0.56,
aspose-note-foss/Aspose.Note-FOSS-for-Python,readme_unit,Required Package Dependencies,PRESENT_IN_README,3,3 lines,n/a,sealed_readme,heading+overlap,1.00,
aspose-note-foss/Aspose.Note-FOSS-for-Python,readme_unit,Optional Dependencies,PRESENT_IN_README,4,4 lines,n/a,sealed_readme,heading+overlap,0.50,
aspose-note-foss/Aspose.Note-FOSS-for-Python,readme_unit,Native and System Requirements,PRESENT_IN_README,3,3 lines,n/a,sealed_readme,heading+overlap,1.00,
aspose-note-foss/Aspose.Note-FOSS-for-Python,readme_unit,Development Dependencies,PRESENT_IN_README,3,3 lines,n/a,sealed_readme,heading+overlap,0.40,
aspose-note-foss/Aspose.Note-FOSS-for-Python,readme_unit,Quick Start,PRESENT_IN_README,21,21 lines,n/a,sealed_readme,heading+overlap,0.54,
aspose-note-foss/Aspose.Note-FOSS-for-Python,readme_unit,Additional Examples,PRESENT_IN_README,4,4 lines,n/a,sealed_readme,heading+overlap,0.50,
aspose-note-foss/Aspose.Note-FOSS-for-Python,readme_unit,Save Embedded Images to Disk,PRESENT_IN_README,17,17 lines,n/a,sealed_readme,content_overlap,0.91,
aspose-note-foss/Aspose.Note-FOSS-for-Python,readme_unit,Load From a Binary Stream,PRESENT_IN_README,9,9 lines,n/a,sealed_readme,content_overlap,0.81,
aspose-note-foss/Aspose.Note-FOSS-for-Python,readme_unit,Traverse Tables (Rows and Cells),PRESENT_IN_README,12,12 lines,n/a,sealed_readme,content_overlap,0.87,
aspose-note-foss/Aspose.Note-FOSS-for-Python,readme_unit,Extract Attached Files,PRESENT_IN_README,11,11 lines,n/a,sealed_readme,content_overlap,1.00,
aspose-note-foss/Aspose.Note-FOSS-for-Python,readme_unit,Inspect OneNote Tags,PRESENT_IN_README,10,10 lines,n/a,sealed_readme,content_overlap,1.00,
aspose-note-foss/Aspose.Note-FOSS-for-Python,readme_unit,Count Nodes With a DocumentVisitor,PRESENT_IN_README,25,25 lines,n/a,sealed_readme,content_overlap,1.00,
aspose-note-foss/Aspose.Note-FOSS-for-Python,readme_unit,Extract All Text,PRESENT_IN_README,9,9 lines,n/a,sealed_readme,content_overlap,1.00,
aspose-note-foss/Aspose.Note-FOSS-for-Python,readme_unit,Export to PDF With Custom Options,PRESENT_IN_README,10,10 lines,n/a,sealed_readme,content_overlap,0.95,
aspose-note-foss/Aspose.Note-FOSS-for-Python,readme_unit,Extract Hyperlinks,PRESENT_IN_README,11,11 lines,n/a,sealed_readme,content_overlap,1.00,
aspose-note-foss/Aspose.Note-FOSS-for-Python,readme_unit,Inspect Numbered Lists,PRESENT_IN_README,14,14 lines,n/a,sealed_readme,content_overlap,0.95,
aspose-note-foss/Aspose.Note-FOSS-for-Python,readme_unit,API Reference,PRESENT_IN_README,10,10 lines,n/a,sealed_readme,heading+overlap,0.89,
aspose-note-foss/Aspose.Note-FOSS-for-Python,readme_unit,Core API,PRESENT_IN_README,34,34 lines,n/a,sealed_readme,heading+overlap,0.51,
aspose-note-foss/Aspose.Note-FOSS-for-Python,readme_unit,Enumerations,PRESENT_IN_README,11,11 lines,n/a,sealed_readme,heading+overlap,0.57,
aspose-note-foss/Aspose.Note-FOSS-for-Python,readme_unit,Saving,PRESENT_IN_FACTS,10,10 lines,n/a,facts,heading+overlap,1.00,VERIFIED_PRESERVE->api_reference x1
aspose-note-foss/Aspose.Note-FOSS-for-Python,readme_unit,Document and Traversal,PRESENT_IN_FACTS,21,21 lines,n/a,facts,heading+overlap,1.00,VERIFIED_PRESERVE->api_reference x1
aspose-note-foss/Aspose.Note-FOSS-for-Python,readme_unit,Document Structure,PRESENT_IN_FACTS,12,12 lines,n/a,facts,heading+overlap,1.00,VERIFIED_PRESERVE->api_reference x1
aspose-note-foss/Aspose.Note-FOSS-for-Python,readme_unit,Content,PRESENT_IN_FACTS,31,31 lines,n/a,facts,heading+overlap,1.00,VERIFIED_PRESERVE->api_reference x1
aspose-note-foss/Aspose.Note-FOSS-for-Python,readme_unit,Load and Save Options,PRESENT_IN_FACTS,9,9 lines,n/a,facts,heading+overlap,1.00,VERIFIED_PRESERVE->api_reference x1
aspose-note-foss/Aspose.Note-FOSS-for-Python,readme_unit,Licensing,PRESENT_IN_FACTS,4,4 lines,n/a,facts,heading+overlap,1.00,VERIFIED_PRESERVE->api_reference x1
aspose-note-foss/Aspose.Note-FOSS-for-Python,readme_unit,Enumerations #2,PRESENT_IN_README,7,7 lines,n/a,sealed_readme,heading+overlap,0.64,
aspose-note-foss/Aspose.Note-FOSS-for-Python,readme_unit,Exceptions,PRESENT_IN_FACTS,12,12 lines,n/a,facts,heading+overlap,1.00,OMIT_UNSUPPORTED->- x1
aspose-note-foss/Aspose.Note-FOSS-for-Python,readme_unit,Documentation & Resources,PRESENT_IN_README,6,6 lines,n/a,sealed_readme,heading+overlap,0.82,
aspose-note-foss/Aspose.Note-FOSS-for-Python,readme_unit,Scope and Limitations,PRESENT_IN_README,13,13 lines,n/a,sealed_readme,heading+overlap,0.83,
aspose-note-foss/Aspose.Note-FOSS-for-Python,readme_unit,Development and Testing,PRESENT_IN_FACTS,61,61 lines,n/a,facts,heading+overlap,1.00,VERIFIED_MOVE->development_testing x1
aspose-note-foss/Aspose.Note-FOSS-for-Python,readme_unit,License,PRESENT_IN_README,6,6 lines,n/a,sealed_readme,heading+overlap,0.64,
aspose-note-foss/Aspose.Note-FOSS-for-Python,license_notice,LICENSE,PRESENT_IN_README,22,22 lines,true,sealed_readme,pattern,1.00,
aspose-note-foss/Aspose.Note-FOSS-for-Python,license_notice,THIRD_PARTY_NOTICES.md,PRESENT_IN_README,43,notice file,true,sealed_readme,path,1.00,
aspose-note-foss/Aspose.Note-FOSS-for-Python,github_release,release v26.3.2,MISSING,3153,latest release v26.3.2 published 2026-03-26; 3153 chars,false,,,,
aspose-note-foss/Aspose.Note-FOSS-for-Python,target_framework,requires-python >=3.10,PRESENT_IN_README,0,python; declared in 3 file(s): examples/pyproject.toml,true,sealed_readme,pattern,1.00,
aspose-note-foss/Aspose.Note-FOSS-for-Python,ci_matrix,"python-version: 3.10, 3.11, 3.12",MISSING,0,matrix axis in .github/workflows/ci.yml,false,,,,
aspose-note-foss/Aspose.Note-FOSS-for-Python,example_file,examples/README.md,PRESENT_IN_FACTS,31,31 lines,true,facts,path,1.00,
aspose-note-foss/Aspose.Note-FOSS-for-Python,example_file,examples/THIRD_PARTY_NOTICES.md,PRESENT_IN_README,45,45 lines,true,sealed_readme,basename,1.00,
aspose-note-foss/Aspose.Note-FOSS-for-Python,example_file,examples/export_pdf.py,PRESENT_IN_README,5,5 lines,true,sealed_readme,content_overlap,0.92,
aspose-note-foss/Aspose.Note-FOSS-for-Python,example_file,examples/extract_text.py,PRESENT_IN_FACTS,15,15 lines,true,facts,dir_pointer,0.00,
aspose-note-foss/Aspose.Note-FOSS-for-Python,example_file,examples/save_images.py,PRESENT_IN_README,13,13 lines,true,sealed_readme,content_overlap,0.96,
aspose-note-foss/Aspose.Note-FOSS-for-Python,test_suite,tests,PRESENT_IN_README,15,15 test file(s),false,sealed_readme,dir_pointer,0.00,
aspose-note-foss/Aspose.Note-FOSS-for-Python,build_command,python -m build,MISSING,0,1 source(s): ci:.github/workflows/publish-pypi.yml,false,,,,
aspose-note-foss/Aspose.Note-FOSS-for-Python,test_command,unittest,MISSING,0,2 source(s): ci:.github/workflows/ci.yml; ci:.github/workflows/publish-pypi.yml,true,,,,
aspose-page-foss/Aspose.Page-FOSS-for-Python,readme_unit,Aspose.Page FOSS for Python,PRESENT_IN_README,12,12 lines,n/a,sealed_readme,heading+overlap,0.50,
aspose-page-foss/Aspose.Page-FOSS-for-Python,readme_unit,Navigation,PRESENT_IN_README,13,13 lines,n/a,sealed_readme,heading+overlap,1.00,
aspose-page-foss/Aspose.Page-FOSS-for-Python,readme_unit,At a Glance,PRESENT_IN_README,32,32 lines,n/a,sealed_readme,heading+overlap,0.63,
aspose-page-foss/Aspose.Page-FOSS-for-Python,readme_unit,Key Capabilities,PRESENT_IN_README,22,22 lines,n/a,sealed_readme,heading+overlap,0.52,
aspose-page-foss/Aspose.Page-FOSS-for-Python,readme_unit,Installation,PRESENT_IN_README,25,25 lines,n/a,sealed_readme,heading+overlap,0.40,
aspose-page-foss/Aspose.Page-FOSS-for-Python,readme_unit,Required Package Dependencies,PRESENT_IN_README,6,6 lines,n/a,sealed_readme,heading+overlap,0.48,
aspose-page-foss/Aspose.Page-FOSS-for-Python,readme_unit,Optional Dependencies,PRESENT_IN_FACTS,4,4 lines,n/a,facts,heading+overlap,1.00,SUPERSEDE_REDUNDANT->dependencies x1
aspose-page-foss/Aspose.Page-FOSS-for-Python,readme_unit,Native and System Requirements,PRESENT_IN_README,3,3 lines,n/a,sealed_readme,heading+overlap,1.00,
aspose-page-foss/Aspose.Page-FOSS-for-Python,readme_unit,Development Dependencies,PRESENT_IN_README,4,4 lines,n/a,sealed_readme,heading+overlap,0.42,
aspose-page-foss/Aspose.Page-FOSS-for-Python,readme_unit,Quick Start,PRESENT_IN_README,26,26 lines,n/a,sealed_readme,heading+overlap,0.65,
aspose-page-foss/Aspose.Page-FOSS-for-Python,readme_unit,Build a PDF Directly From the Render Model,PRESENT_IN_README,27,27 lines,n/a,sealed_readme,content_overlap,0.70,
aspose-page-foss/Aspose.Page-FOSS-for-Python,readme_unit,Example Results,PRESENT_IN_FACTS,13,13 lines,n/a,facts,heading+overlap,1.00,OMIT_UNSUPPORTED->- x1
aspose-page-foss/Aspose.Page-FOSS-for-Python,readme_unit,Extract EPS Metadata,PRESENT_IN_README,9,9 lines,n/a,sealed_readme,content_overlap,1.00,
aspose-page-foss/Aspose.Page-FOSS-for-Python,readme_unit,Convert XPS to PDF via the MCP Handler,PRESENT_IN_README,11,11 lines,n/a,sealed_readme,content_overlap,0.96,
aspose-page-foss/Aspose.Page-FOSS-for-Python,readme_unit,Render a Page to PNG Without Any PS/XPS Input,PRESENT_IN_README,17,17 lines,n/a,sealed_readme,content_overlap,0.97,
aspose-page-foss/Aspose.Page-FOSS-for-Python,readme_unit,Convert XPS to a Raster Image (Needs the Skia Backend),PRESENT_IN_README,15,15 lines,n/a,sealed_readme,content_overlap,0.69,
aspose-page-foss/Aspose.Page-FOSS-for-Python,readme_unit,Run the MCP Server,PRESENT_IN_FACTS,13,13 lines,n/a,facts,heading+overlap,1.00,OMIT_UNSUPPORTED->- x1
aspose-page-foss/Aspose.Page-FOSS-for-Python,readme_unit,API Reference,PRESENT_IN_README,9,9 lines,n/a,sealed_readme,heading+overlap,0.95,
aspose-page-foss/Aspose.Page-FOSS-for-Python,readme_unit,Common,PRESENT_IN_README,39,39 lines,n/a,sealed_readme,content_overlap,0.90,
aspose-page-foss/Aspose.Page-FOSS-for-Python,readme_unit,Image,PRESENT_IN_README,12,12 lines,n/a,sealed_readme,heading+overlap,0.82,
aspose-page-foss/Aspose.Page-FOSS-for-Python,readme_unit,MCP,PRESENT_IN_README,10,10 lines,n/a,sealed_readme,heading+overlap,1.00,
aspose-page-foss/Aspose.Page-FOSS-for-Python,readme_unit,PDF,PRESENT_IN_README,11,11 lines,n/a,sealed_readme,heading+overlap,0.96,
aspose-page-foss/Aspose.Page-FOSS-for-Python,readme_unit,PS,PRESENT_IN_README,81,81 lines,n/a,sealed_readme,heading+overlap,0.88,
aspose-page-foss/Aspose.Page-FOSS-for-Python,readme_unit,XPS,PRESENT_IN_README,19,19 lines,n/a,sealed_readme,heading+overlap,0.98,
aspose-page-foss/Aspose.Page-FOSS-for-Python,readme_unit,Enumerations,PRESENT_IN_README,7,7 lines,n/a,sealed_readme,heading+overlap,1.00,
aspose-page-foss/Aspose.Page-FOSS-for-Python,readme_unit,Document I/O,PRESENT_IN_README,16,16 lines,n/a,sealed_readme,content_overlap,1.00,
aspose-page-foss/Aspose.Page-FOSS-for-Python,readme_unit,Render Model and Output,PRESENT_IN_FACTS,16,16 lines,n/a,facts,heading+overlap,1.00,VERIFIED_PRESERVE->api_reference x1
aspose-page-foss/Aspose.Page-FOSS-for-Python,readme_unit,MCP Tools,PRESENT_IN_FACTS,10,10 lines,n/a,facts,heading+overlap,1.00,VERIFIED_PRESERVE->api_reference x1
aspose-page-foss/Aspose.Page-FOSS-for-Python,readme_unit,Polygon Clipping,PRESENT_IN_FACTS,7,7 lines,n/a,facts,heading+overlap,1.00,VERIFIED_PRESERVE->api_reference x1
aspose-page-foss/Aspose.Page-FOSS-for-Python,readme_unit,Documentation & Resources,PRESENT_IN_README,6,6 lines,n/a,sealed_readme,heading+overlap,0.80,
aspose-page-foss/Aspose.Page-FOSS-for-Python,readme_unit,Scope and Limitations,PRESENT_IN_README,24,24 lines,n/a,sealed_readme,heading+overlap,0.64,
aspose-page-foss/Aspose.Page-FOSS-for-Python,readme_unit,Development and Testing,PRESENT_IN_FACTS,28,28 lines,n/a,facts,heading+overlap,1.00,VERIFIED_PRESERVE->development_testing x1
aspose-page-foss/Aspose.Page-FOSS-for-Python,readme_unit,License,PRESENT_IN_README,4,4 lines,n/a,sealed_readme,heading+overlap,1.00,
aspose-page-foss/Aspose.Page-FOSS-for-Python,license_notice,LICENSE.txt,PRESENT_IN_README,22,22 lines,true,sealed_readme,pattern,1.00,
aspose-page-foss/Aspose.Page-FOSS-for-Python,target_framework,requires-python >=3.10,PRESENT_IN_README,0,python; declared in 1 file(s): pyproject.toml,true,sealed_readme,pattern,1.00,
aspose-page-foss/Aspose.Page-FOSS-for-Python,test_suite,testdata/ps/functional/NINFIV14,MISSING,4,4 test file(s),false,,,,
aspose-page-foss/Aspose.Page-FOSS-for-Python,test_suite,testdata/xps/integration,MISSING,2,2 test file(s),false,,,,
aspose-page-foss/Aspose.Page-FOSS-for-Python,test_suite,tests,PRESENT_IN_README,66,66 test file(s),false,sealed_readme,dir_pointer,0.00,
aspose-page-foss/Aspose.Page-FOSS-for-Python,build_command,make build,MISSING,0,1 source(s): manifest:Makefile,true,,,,
aspose-page-foss/Aspose.Page-FOSS-for-Python,test_command,make check,MISSING,0,1 source(s): manifest:Makefile,true,,,,
aspose-page-foss/Aspose.Page-FOSS-for-Python,test_command,make test,MISSING,0,1 source(s): manifest:Makefile,true,,,,
aspose-pdf-foss/Aspose-PDF-FOSS-for-Go,readme_unit,Aspose.PDF FOSS for Go,PRESENT_IN_FACTS,19,19 lines,n/a,facts,heading+overlap,1.00,DEFER_UNRESOLVED->- x1; SUPERSEDE_REDUNDANT->additional_examples x2; SUPERSEDE_REDUNDANT->api_reference x1; SUPERSEDE_REDUNDANT->at_a_glance x1; SUPERSEDE_REDUNDANT->badges x1; SUPERSEDE_REDUNDANT->banner x1; SUPERSEDE_REDUNDANT->dependencies x1; SUPERSEDE_REDUNDANT->identity x1; SUPERSEDE_REDUNDANT->installation x1; SUPERSEDE_REDUNDANT->key_capabilities x1; SUPERSEDE_REDUNDANT->license x1; SUPERSEDE_REDUNDANT->navigation x1; SUPERSEDE_REDUNDANT->opening x2; SUPERSEDE_REDUNDANT->quick_start x1; VERIFIED_PRESERVE->development_testing x1; VERIFIED_PRESERVE->documentation_resources x1; VERIFIED_PRESERVE->scope_limitations x1
aspose-pdf-foss/Aspose-PDF-FOSS-for-Go,readme_unit,Navigation,PRESENT_IN_README,15,15 lines,n/a,sealed_readme,heading+overlap,0.79,
aspose-pdf-foss/Aspose-PDF-FOSS-for-Go,readme_unit,At a Glance,PRESENT_IN_README,45,45 lines,n/a,sealed_readme,heading+overlap,0.50,
aspose-pdf-foss/Aspose-PDF-FOSS-for-Go,readme_unit,Key Capabilities,PRESENT_IN_FACTS,155,155 lines,n/a,facts,heading+overlap,0.96,SUPERSEDE_REDUNDANT->key_capabilities x1
aspose-pdf-foss/Aspose-PDF-FOSS-for-Go,readme_unit,Installation,PRESENT_IN_README,9,9 lines,n/a,sealed_readme,heading+overlap,0.40,
aspose-pdf-foss/Aspose-PDF-FOSS-for-Go,readme_unit,Required Package Dependencies,PRESENT_IN_README,3,3 lines,n/a,sealed_readme,heading+overlap,1.00,
aspose-pdf-foss/Aspose-PDF-FOSS-for-Go,readme_unit,Native and System Requirements,PRESENT_IN_README,3,3 lines,n/a,sealed_readme,heading+overlap,0.75,
aspose-pdf-foss/Aspose-PDF-FOSS-for-Go,readme_unit,Quick Start,PRESENT_IN_README,38,38 lines,n/a,sealed_readme,heading+overlap,0.65,
aspose-pdf-foss/Aspose-PDF-FOSS-for-Go,readme_unit,Feature Showcase,PRESENT_IN_FACTS,17,17 lines,n/a,facts,heading+overlap,0.97,SUPERSEDE_REDUNDANT->additional_examples x1
aspose-pdf-foss/Aspose-PDF-FOSS-for-Go,readme_unit,Additional Examples,PRESENT_IN_README,5,5 lines,n/a,sealed_readme,heading+overlap,0.92,
aspose-pdf-foss/Aspose-PDF-FOSS-for-Go,readme_unit,Content Authoring With the Flow Layout Engine,PRESENT_IN_FACTS,23,23 lines,n/a,facts,heading+overlap,1.00,SUPERSEDE_REDUNDANT->additional_examples x1
aspose-pdf-foss/Aspose-PDF-FOSS-for-Go,readme_unit,Encrypt a Document,PRESENT_IN_README,21,21 lines,n/a,sealed_readme,content_overlap,1.00,
aspose-pdf-foss/Aspose-PDF-FOSS-for-Go,readme_unit,Digitally Sign and Verify,PRESENT_IN_FACTS,30,30 lines,n/a,facts,heading+overlap,1.00,SUPERSEDE_REDUNDANT->additional_examples x1
aspose-pdf-foss/Aspose-PDF-FOSS-for-Go,readme_unit,Build a Table,PRESENT_IN_README,27,27 lines,n/a,sealed_readme,content_overlap,1.00,
aspose-pdf-foss/Aspose-PDF-FOSS-for-Go,readme_unit,Render a Page to an Image,PRESENT_IN_README,16,16 lines,n/a,sealed_readme,content_overlap,1.00,
aspose-pdf-foss/Aspose-PDF-FOSS-for-Go,readme_unit,API Reference,PRESENT_IN_README,13,13 lines,n/a,sealed_readme,heading+overlap,0.57,
aspose-pdf-foss/Aspose-PDF-FOSS-for-Go,readme_unit,Core API,PRESENT_IN_README,231,231 lines,n/a,sealed_readme,heading+overlap,0.97,
aspose-pdf-foss/Aspose-PDF-FOSS-for-Go,readme_unit,Encryption and Signing,PRESENT_IN_FACTS,23,23 lines,n/a,facts,heading+overlap,0.99,VERIFIED_PRESERVE->api_reference x1
aspose-pdf-foss/Aspose-PDF-FOSS-for-Go,readme_unit,Forms (AcroForm),PRESENT_IN_FACTS,14,14 lines,n/a,facts,heading+overlap,0.97,VERIFIED_PRESERVE->api_reference x1
aspose-pdf-foss/Aspose-PDF-FOSS-for-Go,readme_unit,"Outlines, Named Destinations, and Table of Contents",PRESENT_IN_FACTS,13,13 lines,n/a,facts,heading+overlap,1.00,SUPERSEDE_REDUNDANT->api_reference x1
aspose-pdf-foss/Aspose-PDF-FOSS-for-Go,readme_unit,Attachments and Portfolios,PRESENT_IN_FACTS,18,18 lines,n/a,facts,heading+overlap,1.00,VERIFIED_PRESERVE->api_reference x1
aspose-pdf-foss/Aspose-PDF-FOSS-for-Go,readme_unit,Document JavaScript and Open Actions,PRESENT_IN_FACTS,13,13 lines,n/a,facts,heading+overlap,1.00,SUPERSEDE_REDUNDANT->api_reference x1
aspose-pdf-foss/Aspose-PDF-FOSS-for-Go,readme_unit,Deleting Pages and Inserting Blank Pages,PRESENT_IN_README,11,11 lines,n/a,sealed_readme,content_overlap,0.65,
aspose-pdf-foss/Aspose-PDF-FOSS-for-Go,readme_unit,Text Drawing and Right-to-Left / Arabic Shaping,PRESENT_IN_FACTS,20,20 lines,n/a,facts,heading+overlap,1.00,VERIFIED_PRESERVE->api_reference x1
aspose-pdf-foss/Aspose-PDF-FOSS-for-Go,readme_unit,Vector Graphics and SVG Import,PRESENT_IN_FACTS,12,12 lines,n/a,facts,heading+overlap,1.00,VERIFIED_PRESERVE->api_reference x1
aspose-pdf-foss/Aspose-PDF-FOSS-for-Go,readme_unit,Annotations,PRESENT_IN_FACTS,18,18 lines,n/a,facts,heading+overlap,1.00,VERIFIED_PRESERVE->api_reference x1
aspose-pdf-foss/Aspose-PDF-FOSS-for-Go,readme_unit,Stamps,PRESENT_IN_README,7,7 lines,n/a,sealed_readme,content_overlap,0.70,
aspose-pdf-foss/Aspose-PDF-FOSS-for-Go,readme_unit,"Validation: Structural, PDF/A, and PDF/UA",PRESENT_IN_FACTS,24,24 lines,n/a,facts,heading+overlap,1.00,VERIFIED_PRESERVE->api_reference x1
aspose-pdf-foss/Aspose-PDF-FOSS-for-Go,readme_unit,Tagged PDF Authoring,PRESENT_IN_FACTS,9,9 lines,n/a,facts,heading+overlap,0.87,VERIFIED_PRESERVE->api_reference x1
aspose-pdf-foss/Aspose-PDF-FOSS-for-Go,readme_unit,Rendering to Images,PRESENT_IN_FACTS,14,14 lines,n/a,facts,heading+overlap,1.00,VERIFIED_PRESERVE->api_reference x1
aspose-pdf-foss/Aspose-PDF-FOSS-for-Go,readme_unit,"HTML, SVG, and Markdown Conversion",PRESENT_IN_FACTS,16,16 lines,n/a,facts,heading+overlap,1.00,VERIFIED_PRESERVE->api_reference x1
aspose-pdf-foss/Aspose-PDF-FOSS-for-Go,readme_unit,AI Copilots,PRESENT_IN_FACTS,11,11 lines,n/a,facts,heading+overlap,1.00,SUPERSEDE_REDUNDANT->api_reference x1
aspose-pdf-foss/Aspose-PDF-FOSS-for-Go,readme_unit,"Text Extraction, Search, and Images",PRESENT_IN_FACTS,24,24 lines,n/a,facts,heading+overlap,1.00,SUPERSEDE_REDUNDANT->api_reference x1
aspose-pdf-foss/Aspose-PDF-FOSS-for-Go,readme_unit,Documentation & Resources,PRESENT_IN_README,8,8 lines,n/a,sealed_readme,heading+overlap,0.82,
aspose-pdf-foss/Aspose-PDF-FOSS-for-Go,readme_unit,Scope and Limitations,PRESENT_IN_README,47,47 lines,n/a,sealed_readme,heading+overlap,0.42,
aspose-pdf-foss/Aspose-PDF-FOSS-for-Go,readme_unit,Development and Testing,PRESENT_IN_FACTS,12,12 lines,n/a,facts,heading+overlap,1.00,VERIFIED_PRESERVE->development_testing x1
aspose-pdf-foss/Aspose-PDF-FOSS-for-Go,readme_unit,Third-Party Notices,PRESENT_IN_FACTS,10,10 lines,n/a,facts,heading+overlap,0.87,DEFER_UNRESOLVED->- x1
aspose-pdf-foss/Aspose-PDF-FOSS-for-Go,readme_unit,License,PRESENT_IN_README,9,9 lines,n/a,sealed_readme,heading+overlap,0.45,
aspose-pdf-foss/Aspose-PDF-FOSS-for-Go,changelog,CHANGELOG.md,PRESENT_IN_README,486,486 lines; headings: Changelog | [Unreleased] | Added | Fixed | [0.9.0] — 2026-09-16,true,sealed_readme,path,1.00,
aspose-pdf-foss/Aspose-PDF-FOSS-for-Go,contributing,CONTRIBUTING.md,PRESENT_IN_README,74,74 lines; headings: Contributing | Ground rules | Development | Tests | Reporting bugs,true,sealed_readme,path,1.00,
aspose-pdf-foss/Aspose-PDF-FOSS-for-Go,root_doc,CONTRIBUTORS.md,MISSING,24,24 lines; headings: Contributors | Maintainers | Contributors,false,,,,
aspose-pdf-foss/Aspose-PDF-FOSS-for-Go,doc_page,docs/superpowers/plans/2026-04-02-metadata-crud.md,PRESENT_IN_FACTS,657,657 lines; headings: Metadata CRUD Implementation Plan | File Map | Task 1: Add `Custom` field to `Metadata` and populate it on read | Task 2: Add `SetMetadata` and `ClearMetadata` (method stubs + Document field) | Task 3: Writer — serializ,false,facts,path,1.00,
aspose-pdf-foss/Aspose-PDF-FOSS-for-Go,doc_page,docs/superpowers/plans/2026-04-03-in-memory-model.md,PRESENT_IN_FACTS,1877,1877 lines; headings: Phase 1: In-Memory Object Model Implementation Plan | File Map | Task 1: Move rawDocument into validate.go | Task 2: New parser functions in doc.go | Task 3: New Document struct + OpenStream,false,facts,path,1.00,
aspose-pdf-foss/Aspose-PDF-FOSS-for-Go,doc_page,docs/superpowers/plans/2026-04-06-text-extraction.md,PRESENT_IN_FACTS,1825,1825 lines; headings: Phase 2: Text Extraction — Implementation Plan | Task 1: Content Stream Parser — Core | Task 2: Encoding Tables | Task 3: Font Resolver | Task 4: `/Resources` Inheritance & `contentStreams()` Helper,false,facts,path,1.00,
aspose-pdf-foss/Aspose-PDF-FOSS-for-Go,doc_page,docs/superpowers/plans/2026-04-07-glyph-widths.md,PRESENT_IN_FACTS,660,660 lines; headings: Glyph Width Metrics Implementation Plan | File Structure | Task 1: Standard 14 font width tables | Task 2: Parse `/Widths` from font dictionary | Task 3: Advance text matrix after each glyph,false,facts,dir_pointer,0.00,
aspose-pdf-foss/Aspose-PDF-FOSS-for-Go,doc_page,docs/superpowers/plans/2026-04-07-tounicode-cmap.md,PRESENT_IN_FACTS,825,825 lines; headings: ToUnicode CMap Support Implementation Plan | File Structure | Task 1: CMap parser | Task 2: Extend `fontInfo` and resolve ToUnicode/CIDFont | Task 3: Multi-byte text extraction in showString/showTJ,false,facts,dir_pointer,0.00,
aspose-pdf-foss/Aspose-PDF-FOSS-for-Go,doc_page,docs/superpowers/plans/2026-04-07-visual-text-sorting.md,PRESENT_IN_FACTS,799,799 lines; headings: Visual Text Sorting + ExtractTextWithLayout Implementation Plan | File Structure | Task 1: Refactor `textExtractor` to collect fragments | Task 2: Fragment grouping and line assembly (`text_layout.go`) | Task 3: Wire up,false,facts,dir_pointer,0.00,
aspose-pdf-foss/Aspose-PDF-FOSS-for-Go,doc_page,docs/superpowers/plans/2026-04-08-image-extraction.md,PRESENT_IN_FACTS,1578,1578 lines; headings: Phase 3: Image Extraction — Implementation Plan | File Structure | Task 1: Image types and JPEG passthrough | Task 2: PNG encoding for FlateDecode/raw RGB and Gray images | Task 3: CMYK→RGB conversion and unit tests,false,facts,dir_pointer,0.00,
aspose-pdf-foss/Aspose-PDF-FOSS-for-Go,doc_page,docs/superpowers/plans/2026-04-13-image-info.md,PRESENT_IN_FACTS,909,909 lines; headings: ImageInfo Lazy Extraction — Implementation Plan | File Structure | Task 1: ImageInfo type and collectImageInfos | Task 2: ImageInfo.Extract() and refactor ExtractImages | Task 3: Integration test and docs update,false,facts,dir_pointer,0.00,
aspose-pdf-foss/Aspose-PDF-FOSS-for-Go,doc_page,docs/superpowers/plans/2026-04-14-add-image.md,PRESENT_IN_FACTS,1791,1791 lines; headings: AddImage & ImageToDocument Implementation Plan | File Structure | Task 1: Rectangle type | Task 2: Format detection and image header parsing | Task 3: Image XObject creation,false,facts,dir_pointer,0.00,
aspose-pdf-foss/Aspose-PDF-FOSS-for-Go,doc_page,docs/superpowers/plans/2026-04-14-replace-remove-image.md,PRESENT_IN_FACTS,1239,1239 lines; headings: ReplaceImage & RemoveImage Implementation Plan | Task 1: Add `page *Page` field to ImageInfo | Task 2: Implement Replace and ReplaceFromStream | Task 3: Implement serializeContentOps | Task 4: Implement Remove,false,facts,dir_pointer,0.00,
aspose-pdf-foss/Aspose-PDF-FOSS-for-Go,doc_page,docs/superpowers/plans/2026-04-15-add-blank-page.md,PRESENT_IN_FACTS,356,356 lines; headings: AddBlankPage / InsertBlankPage Implementation Plan | File Structure | Task 1: Extract `createBlankPage` helper and implement all 4 methods | Task 2: Integration test | Task 3: Update CLAUDE.md and README.md,false,facts,dir_pointer,0.00,
aspose-pdf-foss/Aspose-PDF-FOSS-for-Go,doc_page,docs/superpowers/plans/2026-04-15-new-document.md,PRESENT_IN_FACTS,353,"353 lines; headings: NewDocument Implementation Plan | File Structure | Task 1: `PageFormat` type, predefined formats, and `Landscape` | Task 2: `NewDocument` and `NewDocumentFromFormat` | Task 3: Integration test",false,facts,dir_pointer,0.00,
aspose-pdf-foss/Aspose-PDF-FOSS-for-Go,doc_page,docs/superpowers/plans/2026-04-15-optimize-images.md,PRESENT_IN_FACTS,1025,1025 lines; headings: OptimizeImages Implementation Plan | File Structure | Task 1: `rawPixelsToImage` — reconstruct `image.Image` from raw PDF pixel bytes | Task 2: `downscaleImage` — bilinear interpolation resize | Task 3: `OptimizeImageO,false,facts,dir_pointer,0.00,
aspose-pdf-foss/Aspose-PDF-FOSS-for-Go,doc_page,docs/superpowers/plans/2026-04-15-remove-unused-objects.md,PRESENT_IN_FACTS,605,605 lines; headings: RemoveUnusedObjects Implementation Plan | Task 1: Implement `collectReachableIDs` | Task 2: Implement `RemoveUnusedObjects` | Task 3: Integration test and docs update,false,facts,dir_pointer,0.00,
aspose-pdf-foss/Aspose-PDF-FOSS-for-Go,doc_page,docs/superpowers/plans/2026-04-16-add-text.md,PRESENT_IN_FACTS,1216,"1216 lines; headings: AddText Implementation Plan (Sub-project A: Standard 14 Fonts) | File Structure | Task 1: Rename `TextColor` → `Color` and create `color.go` | Task 2: Add `Font`, `HAlign`, `VAlign`, `TextStyle` types and `fontPDFName`",false,facts,dir_pointer,0.00,
aspose-pdf-foss/Aspose-PDF-FOSS-for-Go,doc_page,docs/superpowers/plans/2026-04-17-add-text-rotation-behind.md,PRESENT_IN_FACTS,590,590 lines; headings: AddText Rotation & Behind Implementation Plan | File Structure | Task 1: Add Rotation and Behind fields to TextStyle | Task 2: Add prependToContentStream and unit test for Behind | Task 3: Add rotation support and unit ,false,facts,dir_pointer,0.00,
aspose-pdf-foss/Aspose-PDF-FOSS-for-Go,doc_page,docs/superpowers/plans/2026-04-17-add-text-watermark.md,PRESENT_IN_FACTS,319,319 lines; headings: AddTextWatermark Implementation Plan | File Structure | Task 1: Implement AddTextWatermark with unit tests | Task 2: Integration test | Task 3: Update CLAUDE.md,false,facts,dir_pointer,0.00,
aspose-pdf-foss/Aspose-PDF-FOSS-for-Go,doc_page,docs/superpowers/plans/2026-04-21-embed-font-unicode.md,PRESENT_IN_FACTS,2694,2694 lines; headings: EmbedFont + Unicode Implementation Plan | File Structure | Task 1: Refactor `Font` from int to interface | Task 2: Add `FindFont` discovery | Task 3: Add `winAnsiEncodeRune` helper and rune-safe wrap with `widthFn`,false,facts,dir_pointer,0.00,
aspose-pdf-foss/Aspose-PDF-FOSS-for-Go,doc_page,docs/superpowers/plans/2026-04-28-acroform-form-design.md,PRESENT_IN_FACTS,1691,"1691 lines; headings: AcroForm Form-Design CRUD Implementation Plan | File Map | Task 1: `AddTextField` — auto-creates `/AcroForm`, `/DR/Font/Helv`, combined field+widget dict | Task 2: `AddCheckbox` | Task 3: `AddComboBox`",false,facts,dir_pointer,0.00,
aspose-pdf-foss/Aspose-PDF-FOSS-for-Go,doc_page,docs/superpowers/plans/2026-04-28-acroform-read-fill.md,PRESENT_IN_FACTS,2030,2030 lines; headings: AcroForm Read + Fill Implementation Plan | File Map | Task 1: Form skeleton + Document.Form() returns non-nil for any document | Task 2: Field tree walk produces six leaves for PdfWithAcroForm.pdf | Task 3: TextBoxFiel,false,facts,dir_pointer,0.00,
aspose-pdf-foss/Aspose-PDF-FOSS-for-Go,doc_page,docs/superpowers/plans/2026-04-29-annotations-link-highlight.md,PRESENT_IN_FACTS,2311,"2311 lines; headings: Annotations Subepic 1 — Link + Highlight + Actions Implementation Plan | File Map | Task 1: Skeleton — Annotation interface, AnnotationCollection, empty Page.Annotations() | Task 2: Walk /Annots — surface existing anno",false,facts,dir_pointer,0.00,
aspose-pdf-foss/Aspose-PDF-FOSS-for-Go,doc_page,docs/superpowers/plans/2026-05-05-appearance-streams-drawing-annotations.md,PRESENT_IN_FACTS,3788,3788 lines; headings: Appearance Streams + Drawing Annotations Implementation Plan | File Map | Task 1: appearanceBuilder skeleton + graphics-state operators | Task 2: appearanceBuilder color operators | Task 3: appearanceBuilder path const,false,facts,dir_pointer,0.00,
aspose-pdf-foss/Aspose-PDF-FOSS-for-Go,doc_page,docs/superpowers/plans/2026-05-06-text-bearing-annotations.md,PRESENT_IN_FACTS,1878,1878 lines; headings: Text-bearing Annotations Implementation Plan | File Map | Task 1: Refactor text_add.go — extract renderTextInBuilder helper | Task 2: appearanceBuilder.DoXObject + makeFormXObjectWithResources helpers | Task 3: Common ,false,facts,dir_pointer,0.00,
aspose-pdf-foss/Aspose-PDF-FOSS-for-Go,doc_page,docs/superpowers/plans/2026-05-07-fileattachment-redact-jsconstruct.md,PRESENT_IN_FACTS,1910,1910 lines; headings: FileAttachment + Redact + JavaScript Construct Implementation Plan | File Map | Task 1: Common types — FileAttachmentIcon enum + AnnotationType extension | Task 2: FileAttachmentAnnotation skeleton + Icon/Open accessor,false,facts,dir_pointer,0.00,
aspose-pdf-foss/Aspose-PDF-FOSS-for-Go,doc_page,docs/superpowers/plans/2026-05-12-aes-128-encryption.md,PRESENT_IN_FACTS,1677,1677 lines; headings: AES-128 Encryption Implementation Plan (Subepic 1 of `pdf-go-ccl`) | File Map | Task 1: EncryptionAlgorithm enum + EncryptionOptions field | Task 2: PKCS#7 helpers (addPKCS7 + stripPKCS7) | Task 3: objectKeyAES128 (Alg,false,facts,dir_pointer,0.00,
aspose-pdf-foss/Aspose-PDF-FOSS-for-Go,doc_page,docs/superpowers/plans/2026-05-13-aes-256-encryption.md,PRESENT_IN_FACTS,2059,2059 lines; headings: AES-256 Encryption Implementation Plan (Subepic 2 of `pdf-go-ccl`) | File Map | Task 1: EncryptionAlgAES256 constant + encryptState extension | Task 2: hashV5R6 (Algorithm 2.B) with static test vector | Task 3: encrypt,false,facts,dir_pointer,0.00,
aspose-pdf-foss/Aspose-PDF-FOSS-for-Go,doc_page,docs/superpowers/plans/2026-05-15-outlines.md,PRESENT_IN_FACTS,2710,2710 lines; headings: Outlines (Bookmarks) Implementation Plan (Subepic 1 of `pdf-go-qrx`) | File Map | Task 1: Destination interface + 8 concrete types | Task 2: OutlineItemCollection skeleton + Document.Outlines() | Task 3: Style accessor,false,facts,dir_pointer,0.00,
aspose-pdf-foss/Aspose-PDF-FOSS-for-Go,doc_page,docs/superpowers/plans/2026-05-18-named-destinations.md,PRESENT_IN_FACTS,1794,1794 lines; headings: Named Destinations Implementation Plan (Subepic 2 of `pdf-go-qrx`) | File Map | Task 1: `DestinationTypeNamed` enum + `NamedDestination` concrete type | Task 2: `NamedDestinations` collection — full surface | Task 3: B,false,facts,dir_pointer,0.00,
aspose-pdf-foss/Aspose-PDF-FOSS-for-Go,doc_page,docs/superpowers/plans/2026-05-19-tables-phase2.md,PRESENT_IN_FACTS,2088,"2088 lines; headings: Tables Phase 2 Implementation Plan | File Map | Task 1: Breaking signature change — `AddTable` returns `(int, error)` | Task 2: `Cell.SetColSpan` / `SetRowSpan` / getters | Task 3: `Table.SetRepeatingRowsCount` and `Se",false,facts,dir_pointer,0.00,
aspose-pdf-foss/Aspose-PDF-FOSS-for-Go,doc_page,docs/superpowers/plans/2026-05-19-tables-phase3.md,PRESENT_IN_FACTS,1514,1514 lines; headings: Tables Phase 3 Implementation Plan | File Map | Task 1: Row-level style fields + setters/getters | Task 2: Extend effective* helpers for row layer + add `effectiveCellBackground` | Task 3: Render row-level background e,false,facts,dir_pointer,0.00,
aspose-pdf-foss/Aspose-PDF-FOSS-for-Go,doc_page,docs/superpowers/plans/2026-05-19-tables.md,PRESENT_IN_FACTS,1799,"1799 lines; headings: Tables Implementation Plan | File Map | Task 1: Types only — `BorderSide`, `BorderInfo`, `MarginInfo` | Task 2: `Table` + `Row` + `Cell` types — constructors, getters, setters | Task 3: Extract `measureText` helper fro",false,facts,dir_pointer,0.00,
aspose-pdf-foss/Aspose-PDF-FOSS-for-Go,doc_page,docs/superpowers/plans/2026-05-20-vector-phase1.md,PRESENT_IN_FACTS,2029,2029 lines; headings: Vector Graphics Phase 1 Implementation Plan | File Map | Task 1: `LineCap` / `LineJoin` enums + `LineStyle` + `ShapeStyle` types | Task 2: `Path` type + `MoveTo` / `LineTo` / `Close` builder methods | Task 3: `Path.Cur,false,facts,dir_pointer,0.00,
aspose-pdf-foss/Aspose-PDF-FOSS-for-Go,doc_page,docs/superpowers/plans/2026-05-22-vector-phase2-svg.md,PRESENT_IN_FACTS,3288,3288 lines; headings: Vector Graphics Phase 2 Implementation Plan — SVG-lite Embedding | File Map | Task 1: Internal IR types skeleton | Task 2: Color parser (parseSVGColor) | Task 3: Length parser (parseSVGLength),false,facts,dir_pointer,0.00,
aspose-pdf-foss/Aspose-PDF-FOSS-for-Go,doc_page,docs/superpowers/plans/2026-05-25-vector-phase3a-gradients.md,PRESENT_IN_FACTS,1489,1489 lines; headings: Vector Graphics Phase 3a Implementation Plan — SVG Gradients | File Map | Task 1: Gradient IR types + svgPaint refactor | Step 1: Create `svg_gradient.go` | Step 2: Modify `svg_types.go`,false,facts,dir_pointer,0.00,
aspose-pdf-foss/Aspose-PDF-FOSS-for-Go,doc_page,docs/superpowers/plans/2026-05-25-vector-phase3b-text.md,PRESENT_IN_FACTS,1439,1439 lines; headings: Vector Graphics Phase 3b Implementation Plan — SVG `<text>` Rendering | File Map | Task 1: IR types + svgStyle text fields + defaults | Step 1: Create `svg_text.go` (types only — algorithms come in later tasks) | Step ,false,facts,dir_pointer,0.00,
aspose-pdf-foss/Aspose-PDF-FOSS-for-Go,doc_page,docs/superpowers/plans/2026-05-26-vector-phase3c-defs-image-clip.md,PRESENT_IN_FACTS,1567,"1567 lines; headings: Vector Graphics Phase 3c Implementation Plan — `<image>`, `<defs>`/`<use>`/`<symbol>`, `<clipPath>` | File Map | Task 1: `svgImage` IR + data URI decoder | Step 1: Failing tests in `svg_image_test.go` | Step 2: Run, ob",false,facts,dir_pointer,0.00,
aspose-pdf-foss/Aspose-PDF-FOSS-for-Go,doc_page,docs/superpowers/plans/2026-05-26-vector-phase3d-mask-css-filter-marker.md,PRESENT_IN_FACTS,1335,"1335 lines; headings: Vector Graphics Phase 3d Implementation Plan — Masks, CSS, Filters, Markers | File Map | Task 1: CSS rule/selector types + parser | Tests | Implementation `svg_css.go`",false,facts,dir_pointer,0.00,
aspose-pdf-foss/Aspose-PDF-FOSS-for-Go,doc_page,docs/superpowers/plans/2026-06-04-render-to-image.md,PRESENT_IN_FACTS,193,193 lines; headings: Render to Image — Implementation Plan | File structure | Phase P0 — Rasterizer foundation (bead pdf-go-g3g) | Task P0.1 — Device path + flattening | Task P0.2 — Coverage rasterizer (fill),false,facts,dir_pointer,0.00,
aspose-pdf-foss/Aspose-PDF-FOSS-for-Go,doc_page,docs/superpowers/plans/2026-09-15-pdf-comparison.md,PRESENT_IN_FACTS,2618,2618 lines; headings: PDF Comparison (phase 1) Implementation Plan | Global Constraints | File Structure | Task 1: Word tokens with rectangles | Task 2: Area and table filters,false,facts,dir_pointer,0.00,
aspose-pdf-foss/Aspose-PDF-FOSS-for-Go,doc_page,docs/superpowers/plans/2026-09-16-signature-revocation-ltv.md,PRESENT_IN_FACTS,2699,2699 lines; headings: Signature Revocation and LTV Implementation Plan | Global Constraints | File Structure | Task 1: OCSP request | Task 2: OCSP response parsing,false,facts,dir_pointer,0.00,
aspose-pdf-foss/Aspose-PDF-FOSS-for-Go,doc_page,docs/superpowers/plans/2026-09-17-compress-objects.md,PRESENT_IN_FACTS,1073,"1073 lines; headings: Object Streams (CompressObjects) Implementation Plan | Global Constraints | File Structure | Task 1: Object-stream and cross-reference-stream encoders | Task 2: The compressed layout, the option, and round trips",false,facts,dir_pointer,0.00,
aspose-pdf-foss/Aspose-PDF-FOSS-for-Go,doc_page,docs/superpowers/plans/2026-09-22-einvoice-facturx.md,PRESENT_IN_FACTS,1730,1730 lines; headings: E-Invoices (ZUGFeRD / Factur-X) Implementation Plan | Global Constraints | File Structure | Task 1: Associated files on embedded files | Task 2: PDF/A-3 rule and conversion for attachments,false,facts,dir_pointer,0.00,
aspose-pdf-foss/Aspose-PDF-FOSS-for-Go,license_notice,LICENSE,PRESENT_IN_README,22,22 lines,true,sealed_readme,pattern,1.00,
aspose-pdf-foss/Aspose-PDF-FOSS-for-Go,github_release,release v0.9.0,MISSING,6650,latest release v0.9.0 published 2026-09-16; 6650 chars,false,,,,
aspose-pdf-foss/Aspose-PDF-FOSS-for-Go,cli_entry,genpdf417,MISSING,0,go main package in tools/genpdf417,false,,,,
aspose-pdf-foss/Aspose-PDF-FOSS-for-Go,target_framework,go 1.24,PRESENT_IN_README,0,go; declared in 1 file(s): go.mod,true,sealed_readme,pattern,1.00,
aspose-pdf-foss/Aspose-PDF-FOSS-for-Go,ci_matrix,"os: ubuntu, windows, macos",MISSING,0,matrix axis in .github/workflows/test.yml,false,,,,
aspose-pdf-foss/Aspose-PDF-FOSS-for-Go,example_file,_examples/acroform_build/main.go,PRESENT_IN_FACTS,163,163 lines,true,facts,basename,1.00,
aspose-pdf-foss/Aspose-PDF-FOSS-for-Go,example_file,_examples/acroform_read/main.go,PRESENT_IN_FACTS,168,168 lines,true,facts,basename,1.00,
aspose-pdf-foss/Aspose-PDF-FOSS-for-Go,example_file,_examples/ai_alt_text/main.go,PRESENT_IN_FACTS,86,86 lines,true,facts,basename,1.00,
aspose-pdf-foss/Aspose-PDF-FOSS-for-Go,example_file,_examples/ai_chat/main.go,PRESENT_IN_FACTS,78,78 lines,true,facts,basename,1.00,
aspose-pdf-foss/Aspose-PDF-FOSS-for-Go,example_file,_examples/ai_make_searchable/main.go,PRESENT_IN_FACTS,74,74 lines,true,facts,basename,1.00,
aspose-pdf-foss/Aspose-PDF-FOSS-for-Go,example_file,_examples/ai_summary/main.go,PRESENT_IN_FACTS,75,75 lines,true,facts,basename,1.00,
aspose-pdf-foss/Aspose-PDF-FOSS-for-Go,example_file,_examples/barcode_verify/main.go,PRESENT_IN_FACTS,95,95 lines,true,facts,basename,1.00,
aspose-pdf-foss/Aspose-PDF-FOSS-for-Go,example_file,_examples/blank_with_images/main.go,PRESENT_IN_FACTS,68,68 lines,true,facts,basename,1.00,
aspose-pdf-foss/Aspose-PDF-FOSS-for-Go,example_file,_examples/embed_font/main.go,PRESENT_IN_FACTS,100,100 lines,true,facts,basename,1.00,
aspose-pdf-foss/Aspose-PDF-FOSS-for-Go,example_file,_examples/feature_showcase/assets/CREDITS.md,PRESENT_IN_FACTS,20,20 lines,true,facts,dir_pointer,0.00,
aspose-pdf-foss/Aspose-PDF-FOSS-for-Go,example_file,_examples/feature_showcase/main.go,PRESENT_IN_FACTS,1364,1364 lines,true,facts,path,1.00,
aspose-pdf-foss/Aspose-PDF-FOSS-for-Go,example_file,_examples/markdown_to_pdf/main.go,PRESENT_IN_FACTS,60,60 lines,true,facts,basename,1.00,
aspose-pdf-foss/Aspose-PDF-FOSS-for-Go,example_file,_examples/metadata/main.go,PRESENT_IN_FACTS,78,78 lines,true,facts,basename,1.00,
aspose-pdf-foss/Aspose-PDF-FOSS-for-Go,example_file,_examples/openall/main.go,PRESENT_IN_FACTS,206,206 lines,true,facts,basename,1.00,
aspose-pdf-foss/Aspose-PDF-FOSS-for-Go,example_file,_examples/pdf_to_markdown/main.go,PRESENT_IN_FACTS,42,42 lines,true,facts,basename,1.00,
aspose-pdf-foss/Aspose-PDF-FOSS-for-Go,example_file,_examples/render/main.go,PRESENT_IN_FACTS,91,91 lines,true,facts,basename,1.00,
aspose-pdf-foss/Aspose-PDF-FOSS-for-Go,example_file,_examples/set_password/main.go,PRESENT_IN_README,22,22 lines,true,sealed_readme,content_overlap,0.62,
aspose-pdf-foss/Aspose-PDF-FOSS-for-Go,example_file,_examples/showcase_preview/main.go,PRESENT_IN_FACTS,87,87 lines,true,facts,basename,1.00,
aspose-pdf-foss/Aspose-PDF-FOSS-for-Go,example_file,_examples/text_extraction/main.go,PRESENT_IN_FACTS,53,53 lines,true,facts,basename,1.00,
aspose-pdf-foss/Aspose-PDF-FOSS-for-Go,example_file,_examples/textsearch/main.go,PRESENT_IN_FACTS,79,79 lines,true,facts,basename,1.00,
aspose-pdf-foss/Aspose-PDF-FOSS-for-Go,example_file,_examples/toc/main.go,PRESENT_IN_FACTS,75,75 lines,true,facts,basename,1.00,
aspose-pdf-foss/Aspose-PDF-FOSS-for-Go,test_suite,.,MISSING,290,290 test file(s),false,,,,
aspose-pdf-foss/Aspose-PDF-FOSS-for-Go,test_suite,ai,MISSING,6,6 test file(s),false,,,,
aspose-pdf-foss/Aspose-PDF-FOSS-for-Go,build_command,go build,PRESENT_IN_README,0,2 source(s): ci:.github/workflows/test.yml; convention:go.mod,true,sealed_readme,command,1.00,
aspose-pdf-foss/Aspose-PDF-FOSS-for-Go,test_command,go test,PRESENT_IN_README,0,2 source(s): ci:.github/workflows/test.yml; convention:go.mod,true,sealed_readme,command,1.00,
aspose-pdf-foss/Aspose-PDF-FOSS-for-Python,readme_unit,Aspose.PDF FOSS for Python,PRESENT_IN_FACTS,11,11 lines,n/a,facts,heading+overlap,1.00,SUPERSEDE_REDUNDANT->at_a_glance x1; SUPERSEDE_REDUNDANT->badges x1; SUPERSEDE_REDUNDANT->banner x1; SUPERSEDE_REDUNDANT->dependencies x1; SUPERSEDE_REDUNDANT->identity x1; SUPERSEDE_REDUNDANT->installation x1; SUPERSEDE_REDUNDANT->license x1; SUPERSEDE_REDUNDANT->navigation x1; SUPERSEDE_REDUNDANT->opening x1; VERIFIED_MOVE->documentation_resources x1; VERIFIED_PRESERVE->additional_examples x1; VERIFIED_PRESERVE->api_reference x1; VERIFIED_PRESERVE->development_testing x1; VERIFIED_PRESERVE->key_capabilities x1; VERIFIED_PRESERVE->quick_start x1; VERIFIED_PRESERVE->scope_limitations x1
aspose-pdf-foss/Aspose-PDF-FOSS-for-Python,readme_unit,Navigation,PRESENT_IN_README,13,13 lines,n/a,sealed_readme,heading+overlap,1.00,
aspose-pdf-foss/Aspose-PDF-FOSS-for-Python,readme_unit,At a Glance,PRESENT_IN_README,36,36 lines,n/a,sealed_readme,heading+overlap,0.60,
aspose-pdf-foss/Aspose-PDF-FOSS-for-Python,readme_unit,Key Capabilities,PRESENT_IN_FACTS,184,184 lines,n/a,facts,heading+overlap,0.68,VERIFIED_PRESERVE->key_capabilities x1
aspose-pdf-foss/Aspose-PDF-FOSS-for-Python,readme_unit,Installation,PRESENT_IN_README,23,23 lines,n/a,sealed_readme,heading+overlap,0.42,
aspose-pdf-foss/Aspose-PDF-FOSS-for-Python,readme_unit,Required Package Dependencies,PRESENT_IN_README,4,4 lines,n/a,sealed_readme,heading+overlap,1.00,
aspose-pdf-foss/Aspose-PDF-FOSS-for-Python,readme_unit,Optional Dependencies,PRESENT_IN_README,8,8 lines,n/a,sealed_readme,heading+overlap,0.55,
aspose-pdf-foss/Aspose-PDF-FOSS-for-Python,readme_unit,Native and System Requirements,PRESENT_IN_README,3,3 lines,n/a,sealed_readme,heading+overlap,1.00,
aspose-pdf-foss/Aspose-PDF-FOSS-for-Python,readme_unit,Development Dependencies,PRESENT_IN_README,14,14 lines,n/a,sealed_readme,heading+overlap,0.71,
aspose-pdf-foss/Aspose-PDF-FOSS-for-Python,readme_unit,Quick Start,PRESENT_IN_README,45,45 lines,n/a,sealed_readme,heading+overlap,0.48,
aspose-pdf-foss/Aspose-PDF-FOSS-for-Python,readme_unit,Additional Examples,PRESENT_IN_README,3,3 lines,n/a,sealed_readme,heading+overlap,0.44,
aspose-pdf-foss/Aspose-PDF-FOSS-for-Python,readme_unit,Render a Page to an Image,PRESENT_IN_README,12,12 lines,n/a,sealed_readme,content_overlap,0.79,
aspose-pdf-foss/Aspose-PDF-FOSS-for-Python,readme_unit,Encrypt for Certificate Recipients,PRESENT_IN_FACTS,22,22 lines,n/a,facts,heading+overlap,1.00,VERIFIED_PRESERVE->additional_examples x1
aspose-pdf-foss/Aspose-PDF-FOSS-for-Python,readme_unit,Sign a Document,PRESENT_IN_FACTS,27,27 lines,n/a,facts,heading+overlap,1.00,VERIFIED_PRESERVE->additional_examples x1
aspose-pdf-foss/Aspose-PDF-FOSS-for-Python,readme_unit,Make the Signature Visible,PRESENT_IN_FACTS,22,22 lines,n/a,facts,content_overlap,0.79,
aspose-pdf-foss/Aspose-PDF-FOSS-for-Python,readme_unit,"Put a Watermark on a Layer, Then Resolve It",PRESENT_IN_FACTS,16,16 lines,n/a,facts,heading+overlap,1.00,SUPERSEDE_REDUNDANT->additional_examples x1
aspose-pdf-foss/Aspose-PDF-FOSS-for-Python,readme_unit,Convert a Document to HTML or Markdown,PRESENT_IN_README,11,11 lines,n/a,sealed_readme,content_overlap,1.00,
aspose-pdf-foss/Aspose-PDF-FOSS-for-Python,readme_unit,Build a Table,MISSING,20,20 lines,n/a,,,,
aspose-pdf-foss/Aspose-PDF-FOSS-for-Python,readme_unit,Draw Paths and Hold a Graphics State,MISSING,22,22 lines,n/a,,,,
aspose-pdf-foss/Aspose-PDF-FOSS-for-Python,readme_unit,Export a Page as SVG,PRESENT_IN_README,9,9 lines,n/a,sealed_readme,content_overlap,1.00,
aspose-pdf-foss/Aspose-PDF-FOSS-for-Python,readme_unit,Render a Page Whose Fonts Are Not Embedded,PRESENT_IN_README,11,11 lines,n/a,sealed_readme,content_overlap,0.96,
aspose-pdf-foss/Aspose-PDF-FOSS-for-Python,readme_unit,Put a Missing Font Into the Document,PRESENT_IN_FACTS,12,12 lines,n/a,facts,content_overlap,0.79,
aspose-pdf-foss/Aspose-PDF-FOSS-for-Python,readme_unit,Author Multi-Script Unicode Text,PRESENT_IN_README,13,13 lines,n/a,sealed_readme,content_overlap,0.67,
aspose-pdf-foss/Aspose-PDF-FOSS-for-Python,readme_unit,Author Complex-Script Text With TextLayoutOptions,PRESENT_IN_FACTS,22,22 lines,n/a,facts,heading+overlap,1.00,OMIT_UNSUPPORTED->- x1
aspose-pdf-foss/Aspose-PDF-FOSS-for-Python,readme_unit,Extract Text From a PDF,PRESENT_IN_README,10,10 lines,n/a,sealed_readme,content_overlap,1.00,
aspose-pdf-foss/Aspose-PDF-FOSS-for-Python,readme_unit,Run a Batch Workflow With the Plugin Layer,PRESENT_IN_FACTS,19,19 lines,n/a,facts,content_overlap,0.62,
aspose-pdf-foss/Aspose-PDF-FOSS-for-Python,readme_unit,Merge PDF Files,PRESENT_IN_README,9,9 lines,n/a,sealed_readme,content_overlap,1.00,
aspose-pdf-foss/Aspose-PDF-FOSS-for-Python,readme_unit,Apply Resource Limits for Untrusted PDF Input,PRESENT_IN_README,19,19 lines,n/a,sealed_readme,content_overlap,0.96,
aspose-pdf-foss/Aspose-PDF-FOSS-for-Python,readme_unit,API Reference,PRESENT_IN_README,10,10 lines,n/a,sealed_readme,heading+overlap,0.94,
aspose-pdf-foss/Aspose-PDF-FOSS-for-Python,readme_unit,Core API,PRESENT_IN_README,163,163 lines,n/a,sealed_readme,heading+overlap,0.90,
aspose-pdf-foss/Aspose-PDF-FOSS-for-Python,readme_unit,Annotations,PRESENT_IN_README,12,12 lines,n/a,sealed_readme,content_overlap,1.00,
aspose-pdf-foss/Aspose-PDF-FOSS-for-Python,readme_unit,Enumerations,PRESENT_IN_README,10,10 lines,n/a,sealed_readme,heading+overlap,0.62,
aspose-pdf-foss/Aspose-PDF-FOSS-for-Python,readme_unit,Clustering,PRESENT_IN_README,9,9 lines,n/a,sealed_readme,content_overlap,1.00,
aspose-pdf-foss/Aspose-PDF-FOSS-for-Python,readme_unit,Engine,PRESENT_IN_README,104,104 lines,n/a,sealed_readme,content_overlap,0.90,
aspose-pdf-foss/Aspose-PDF-FOSS-for-Python,readme_unit,Generated,PRESENT_IN_README,11,11 lines,n/a,sealed_readme,content_overlap,0.60,
aspose-pdf-foss/Aspose-PDF-FOSS-for-Python,readme_unit,Security,PRESENT_IN_README,8,8 lines,n/a,sealed_readme,content_overlap,1.00,
aspose-pdf-foss/Aspose-PDF-FOSS-for-Python,readme_unit,Document Lifecycle,PRESENT_IN_README,32,32 lines,n/a,sealed_readme,content_overlap,0.95,
aspose-pdf-foss/Aspose-PDF-FOSS-for-Python,readme_unit,Pages And Content,PRESENT_IN_FACTS,18,18 lines,n/a,facts,heading+overlap,0.96,VERIFIED_PRESERVE->api_reference x1
aspose-pdf-foss/Aspose-PDF-FOSS-for-Python,readme_unit,Text Extraction And Editing,PRESENT_IN_FACTS,18,18 lines,n/a,facts,heading+overlap,1.00,SUPERSEDE_REDUNDANT->key_capabilities x1
aspose-pdf-foss/Aspose-PDF-FOSS-for-Python,readme_unit,Forms And Annotations,PRESENT_IN_FACTS,19,19 lines,n/a,facts,heading+overlap,1.00,SUPERSEDE_REDUNDANT->key_capabilities x1
aspose-pdf-foss/Aspose-PDF-FOSS-for-Python,readme_unit,Security And Signatures,PRESENT_IN_FACTS,16,16 lines,n/a,facts,heading+overlap,1.00,SUPERSEDE_REDUNDANT->key_capabilities x1
aspose-pdf-foss/Aspose-PDF-FOSS-for-Python,readme_unit,Low-Code Plugins,PRESENT_IN_README,8,8 lines,n/a,sealed_readme,content_overlap,0.89,
aspose-pdf-foss/Aspose-PDF-FOSS-for-Python,readme_unit,Fonts,PRESENT_IN_README,7,7 lines,n/a,sealed_readme,content_overlap,0.63,
aspose-pdf-foss/Aspose-PDF-FOSS-for-Python,readme_unit,Documentation & Resources,PRESENT_IN_README,10,10 lines,n/a,sealed_readme,heading+overlap,0.56,
aspose-pdf-foss/Aspose-PDF-FOSS-for-Python,readme_unit,Scope and Limitations,PRESENT_IN_README,51,51 lines,n/a,sealed_readme,heading+overlap,0.42,
aspose-pdf-foss/Aspose-PDF-FOSS-for-Python,readme_unit,Development and Testing,PRESENT_IN_FACTS,30,30 lines,n/a,facts,heading+overlap,1.00,VERIFIED_PRESERVE->development_testing x1
aspose-pdf-foss/Aspose-PDF-FOSS-for-Python,readme_unit,License,PRESENT_IN_README,6,6 lines,n/a,sealed_readme,heading+overlap,0.91,
aspose-pdf-foss/Aspose-PDF-FOSS-for-Python,changelog,CHANGELOG.md,PRESENT_IN_README,3226,3226 lines; headings: Changelog | [Unreleased] | Added | Fixed | Added,true,sealed_readme,path,1.00,
aspose-pdf-foss/Aspose-PDF-FOSS-for-Python,security_policy,SECURITY.md,PRESENT_IN_README,46,46 lines; headings: Security Policy | Supported Versions | Reporting a Vulnerability | Scope,true,sealed_readme,path,1.00,
aspose-pdf-foss/Aspose-PDF-FOSS-for-Python,root_doc,supported-features.md,PRESENT_IN_README,3839,3839 lines; headings: Supported Features | Release Gate | Documents | Resource Limits For Untrusted PDFs | Optimization,true,sealed_readme,path,1.00,
aspose-pdf-foss/Aspose-PDF-FOSS-for-Python,license_notice,LICENSE,PRESENT_IN_README,22,22 lines,true,sealed_readme,pattern,1.00,
aspose-pdf-foss/Aspose-PDF-FOSS-for-Python,target_framework,requires-python >=3.11,PRESENT_IN_README,0,python; declared in 1 file(s): pyproject.toml,true,sealed_readme,pattern,1.00,
aspose-pdf-foss/Aspose-PDF-FOSS-for-Python,ci_matrix,"python-version: 3.11, 3.12, 3.13",MISSING,0,"matrix axis in .github/workflows/ci.yml, .github/workflows/security-audit.yml",true,,,,
aspose-pdf-foss/Aspose-PDF-FOSS-for-Python,test_suite,tests,PRESENT_IN_README,332,332 test file(s),false,sealed_readme,dir_pointer,0.00,
aspose-pdf-foss/Aspose-PDF-FOSS-for-Python,build_command,python -m build,MISSING,0,3 source(s): ci:.github/workflows/ci.yml; ci:.github/workflows/publish-pypi.yml; ci:.github/workflows/publish-testpypi.yml,true,,,,
aspose-pdf-foss/Aspose-PDF-FOSS-for-Python,test_command,pytest,PRESENT_IN_README,0,5 source(s): ci:.github/workflows/ci.yml; ci:.github/workflows/publish-pypi.yml; ci:.github/workflows/publish-testpypi.yml,true,sealed_readme,command,1.00,
aspose-pdf-foss/Aspose.PDF-FOSS-for-.NET,readme_unit,Aspose.PDF FOSS for .NET,PRESENT_IN_README,10,10 lines,n/a,sealed_readme,heading+overlap,0.56,
aspose-pdf-foss/Aspose.PDF-FOSS-for-.NET,readme_unit,Navigation,PRESENT_IN_README,12,12 lines,n/a,sealed_readme,heading+overlap,1.00,
aspose-pdf-foss/Aspose.PDF-FOSS-for-.NET,readme_unit,Key Capabilities,PRESENT_IN_README,84,84 lines,n/a,sealed_readme,heading+overlap,0.76,
aspose-pdf-foss/Aspose.PDF-FOSS-for-.NET,readme_unit,Installation,PRESENT_IN_README,41,41 lines,n/a,sealed_readme,heading+overlap,0.60,
aspose-pdf-foss/Aspose.PDF-FOSS-for-.NET,readme_unit,Required Package Dependencies,PRESENT_IN_README,10,10 lines,n/a,sealed_readme,heading+overlap,0.60,
aspose-pdf-foss/Aspose.PDF-FOSS-for-.NET,readme_unit,Optional Dependencies,PRESENT_IN_FACTS,3,3 lines,n/a,facts,heading+overlap,1.00,SUPERSEDE_REDUNDANT->dependencies x1
aspose-pdf-foss/Aspose.PDF-FOSS-for-.NET,readme_unit,Native and System Requirements,PRESENT_IN_README,4,4 lines,n/a,sealed_readme,heading+overlap,0.53,
aspose-pdf-foss/Aspose.PDF-FOSS-for-.NET,readme_unit,Development Dependencies,PRESENT_IN_README,4,4 lines,n/a,sealed_readme,heading+overlap,0.53,
aspose-pdf-foss/Aspose.PDF-FOSS-for-.NET,readme_unit,Quick Start,PRESENT_IN_README,22,22 lines,n/a,sealed_readme,heading+overlap,0.97,
aspose-pdf-foss/Aspose.PDF-FOSS-for-.NET,readme_unit,Additional Examples,PRESENT_IN_README,3,3 lines,n/a,sealed_readme,heading+overlap,0.44,
aspose-pdf-foss/Aspose.PDF-FOSS-for-.NET,readme_unit,Add a Link Annotation With a URI Action,PRESENT_IN_README,17,17 lines,n/a,sealed_readme,content_overlap,0.97,
aspose-pdf-foss/Aspose.PDF-FOSS-for-.NET,readme_unit,Find Matching Text,PRESENT_IN_README,11,11 lines,n/a,sealed_readme,content_overlap,0.95,
aspose-pdf-foss/Aspose.PDF-FOSS-for-.NET,readme_unit,Add a Stamp Annotation,PRESENT_IN_README,10,10 lines,n/a,sealed_readme,content_overlap,1.00,
aspose-pdf-foss/Aspose.PDF-FOSS-for-.NET,readme_unit,Inspect a Choice Field's Options,PRESENT_IN_README,12,12 lines,n/a,sealed_readme,content_overlap,0.71,
aspose-pdf-foss/Aspose.PDF-FOSS-for-.NET,readme_unit,Render a Page to SVG,PRESENT_IN_README,11,11 lines,n/a,sealed_readme,content_overlap,1.00,
aspose-pdf-foss/Aspose.PDF-FOSS-for-.NET,readme_unit,Find and Replace Text,PRESENT_IN_README,15,15 lines,n/a,sealed_readme,content_overlap,1.00,
aspose-pdf-foss/Aspose.PDF-FOSS-for-.NET,readme_unit,List Form Field Values,PRESENT_IN_README,9,9 lines,n/a,sealed_readme,content_overlap,1.00,
aspose-pdf-foss/Aspose.PDF-FOSS-for-.NET,readme_unit,Encrypt a PDF,PRESENT_IN_README,9,9 lines,n/a,sealed_readme,content_overlap,1.00,
aspose-pdf-foss/Aspose.PDF-FOSS-for-.NET,readme_unit,Convert HTML to PDF,PRESENT_IN_README,8,8 lines,n/a,sealed_readme,content_overlap,1.00,
aspose-pdf-foss/Aspose.PDF-FOSS-for-.NET,readme_unit,Render a Page to PNG,PRESENT_IN_README,10,10 lines,n/a,sealed_readme,content_overlap,1.00,
aspose-pdf-foss/Aspose.PDF-FOSS-for-.NET,readme_unit,Sign a PDF,PRESENT_IN_README,15,15 lines,n/a,sealed_readme,content_overlap,1.00,
aspose-pdf-foss/Aspose.PDF-FOSS-for-.NET,readme_unit,API Reference,PRESENT_IN_README,9,9 lines,n/a,sealed_readme,heading+overlap,0.94,
aspose-pdf-foss/Aspose.PDF-FOSS-for-.NET,readme_unit,Core API,PRESENT_IN_README,60,60 lines,n/a,sealed_readme,heading+overlap,0.86,
aspose-pdf-foss/Aspose.PDF-FOSS-for-.NET,readme_unit,Interfaces,PRESENT_IN_README,8,8 lines,n/a,sealed_readme,content_overlap,0.91,
aspose-pdf-foss/Aspose.PDF-FOSS-for-.NET,readme_unit,Enumerations,PRESENT_IN_README,20,20 lines,n/a,sealed_readme,heading+overlap,0.83,
aspose-pdf-foss/Aspose.PDF-FOSS-for-.NET,readme_unit,Actions,PRESENT_IN_README,16,16 lines,n/a,sealed_readme,content_overlap,0.88,
aspose-pdf-foss/Aspose.PDF-FOSS-for-.NET,readme_unit,Enumerations #2,PRESENT_IN_README,5,5 lines,n/a,sealed_readme,heading+overlap,1.00,
aspose-pdf-foss/Aspose.PDF-FOSS-for-.NET,readme_unit,Annotations,PRESENT_IN_README,89,89 lines,n/a,sealed_readme,heading+overlap,0.92,
aspose-pdf-foss/Aspose.PDF-FOSS-for-.NET,readme_unit,Interfaces #2,PRESENT_IN_README,5,5 lines,n/a,sealed_readme,content_overlap,0.94,
aspose-pdf-foss/Aspose.PDF-FOSS-for-.NET,readme_unit,Enumerations #3,PRESENT_IN_README,41,41 lines,n/a,sealed_readme,heading+overlap,0.94,
aspose-pdf-foss/Aspose.PDF-FOSS-for-.NET,readme_unit,Artifacts,PRESENT_IN_README,12,12 lines,n/a,sealed_readme,content_overlap,0.98,
aspose-pdf-foss/Aspose.PDF-FOSS-for-.NET,readme_unit,Enumerations #4,PRESENT_IN_README,7,7 lines,n/a,sealed_readme,heading+overlap,1.00,
aspose-pdf-foss/Aspose.PDF-FOSS-for-.NET,readme_unit,Collections,PRESENT_IN_README,12,12 lines,n/a,sealed_readme,content_overlap,0.98,
aspose-pdf-foss/Aspose.PDF-FOSS-for-.NET,readme_unit,Enumerations #5,PRESENT_IN_README,5,5 lines,n/a,sealed_readme,heading+overlap,1.00,
aspose-pdf-foss/Aspose.PDF-FOSS-for-.NET,readme_unit,Color,PRESENT_IN_README,5,5 lines,n/a,sealed_readme,content_overlap,1.00,
aspose-pdf-foss/Aspose.PDF-FOSS-for-.NET,readme_unit,Enumerations #6,PRESENT_IN_README,6,6 lines,n/a,sealed_readme,heading+overlap,0.87,
aspose-pdf-foss/Aspose.PDF-FOSS-for-.NET,readme_unit,Comparison,PRESENT_IN_README,25,25 lines,n/a,sealed_readme,content_overlap,0.73,
aspose-pdf-foss/Aspose.PDF-FOSS-for-.NET,readme_unit,Interfaces #3,PRESENT_IN_README,7,7 lines,n/a,sealed_readme,content_overlap,0.85,
aspose-pdf-foss/Aspose.PDF-FOSS-for-.NET,readme_unit,Enumerations #7,PRESENT_IN_README,7,7 lines,n/a,sealed_readme,heading+overlap,0.85,
aspose-pdf-foss/Aspose.PDF-FOSS-for-.NET,readme_unit,Content,PRESENT_IN_README,95,95 lines,n/a,sealed_readme,content_overlap,0.99,
aspose-pdf-foss/Aspose.PDF-FOSS-for-.NET,readme_unit,Structs,PRESENT_IN_README,5,5 lines,n/a,sealed_readme,content_overlap,0.78,
aspose-pdf-foss/Aspose.PDF-FOSS-for-.NET,readme_unit,Enumerations #8,PRESENT_IN_README,9,9 lines,n/a,sealed_readme,heading+overlap,1.00,
aspose-pdf-foss/Aspose.PDF-FOSS-for-.NET,readme_unit,Converters,PRESENT_IN_README,15,15 lines,n/a,sealed_readme,content_overlap,0.93,
aspose-pdf-foss/Aspose.PDF-FOSS-for-.NET,readme_unit,Enumerations #9,PRESENT_IN_README,5,5 lines,n/a,sealed_readme,heading+overlap,1.00,
aspose-pdf-foss/Aspose.PDF-FOSS-for-.NET,readme_unit,Devices,PRESENT_IN_README,24,24 lines,n/a,sealed_readme,heading+overlap,0.97,
aspose-pdf-foss/Aspose.PDF-FOSS-for-.NET,readme_unit,Interfaces #4,PRESENT_IN_README,5,5 lines,n/a,sealed_readme,content_overlap,0.90,
aspose-pdf-foss/Aspose.PDF-FOSS-for-.NET,readme_unit,Enumerations #10,PRESENT_IN_README,9,9 lines,n/a,sealed_readme,heading+overlap,1.00,
aspose-pdf-foss/Aspose.PDF-FOSS-for-.NET,readme_unit,Drawing,PRESENT_IN_README,25,25 lines,n/a,sealed_readme,content_overlap,0.76,
aspose-pdf-foss/Aspose.PDF-FOSS-for-.NET,readme_unit,Enumerations #11,PRESENT_IN_README,11,11 lines,n/a,sealed_readme,heading+overlap,0.57,
aspose-pdf-foss/Aspose.PDF-FOSS-for-.NET,readme_unit,Enums,PRESENT_IN_README,5,5 lines,n/a,sealed_readme,content_overlap,0.90,
aspose-pdf-foss/Aspose.PDF-FOSS-for-.NET,readme_unit,Enumerations #12,PRESENT_IN_README,13,13 lines,n/a,sealed_readme,heading+overlap,1.00,
aspose-pdf-foss/Aspose.PDF-FOSS-for-.NET,readme_unit,Exceptions,PRESENT_IN_README,21,21 lines,n/a,sealed_readme,content_overlap,0.93,
aspose-pdf-foss/Aspose.PDF-FOSS-for-.NET,readme_unit,Facades,PRESENT_IN_README,49,49 lines,n/a,sealed_readme,content_overlap,1.00,
aspose-pdf-foss/Aspose.PDF-FOSS-for-.NET,readme_unit,Interfaces #5,PRESENT_IN_README,6,6 lines,n/a,sealed_readme,content_overlap,0.83,
aspose-pdf-foss/Aspose.PDF-FOSS-for-.NET,readme_unit,Enumerations #13,PRESENT_IN_README,26,26 lines,n/a,sealed_readme,heading+overlap,1.00,
aspose-pdf-foss/Aspose.PDF-FOSS-for-.NET,readme_unit,Forms,PRESENT_IN_README,44,44 lines,n/a,sealed_readme,heading+overlap,0.92,
aspose-pdf-foss/Aspose.PDF-FOSS-for-.NET,readme_unit,Enumerations #14,PRESENT_IN_README,16,16 lines,n/a,sealed_readme,heading+overlap,1.00,
aspose-pdf-foss/Aspose.PDF-FOSS-for-.NET,readme_unit,Functions,PRESENT_IN_README,10,10 lines,n/a,sealed_readme,content_overlap,1.00,
aspose-pdf-foss/Aspose.PDF-FOSS-for-.NET,readme_unit,Generator,PRESENT_IN_README,34,34 lines,n/a,sealed_readme,content_overlap,0.78,
aspose-pdf-foss/Aspose.PDF-FOSS-for-.NET,readme_unit,Enumerations #15,PRESENT_IN_README,11,11 lines,n/a,sealed_readme,heading+overlap,0.88,
aspose-pdf-foss/Aspose.PDF-FOSS-for-.NET,readme_unit,Geometry,PRESENT_IN_README,10,10 lines,n/a,sealed_readme,content_overlap,1.00,
aspose-pdf-foss/Aspose.PDF-FOSS-for-.NET,readme_unit,Groupprocessor,PRESENT_IN_README,5,5 lines,n/a,sealed_readme,content_overlap,0.80,
aspose-pdf-foss/Aspose.PDF-FOSS-for-.NET,readme_unit,Helpers,PRESENT_IN_README,7,7 lines,n/a,sealed_readme,content_overlap,1.00,
aspose-pdf-foss/Aspose.PDF-FOSS-for-.NET,readme_unit,Enumerations #16,PRESENT_IN_README,6,6 lines,n/a,sealed_readme,heading+overlap,1.00,
aspose-pdf-foss/Aspose.PDF-FOSS-for-.NET,readme_unit,HTML,PRESENT_IN_README,15,15 lines,n/a,sealed_readme,content_overlap,0.91,
aspose-pdf-foss/Aspose.PDF-FOSS-for-.NET,readme_unit,Enumerations #17,PRESENT_IN_README,16,16 lines,n/a,sealed_readme,heading+overlap,1.00,
aspose-pdf-foss/Aspose.PDF-FOSS-for-.NET,readme_unit,Interop,PRESENT_IN_README,5,5 lines,n/a,sealed_readme,content_overlap,0.87,
aspose-pdf-foss/Aspose.PDF-FOSS-for-.NET,readme_unit,Interfaces #6,PRESENT_IN_README,5,5 lines,n/a,sealed_readme,content_overlap,0.90,
aspose-pdf-foss/Aspose.PDF-FOSS-for-.NET,readme_unit,Enumerations #18,PRESENT_IN_README,5,5 lines,n/a,sealed_readme,heading+overlap,0.54,
aspose-pdf-foss/Aspose.PDF-FOSS-for-.NET,readme_unit,Io,PRESENT_IN_README,6,6 lines,n/a,sealed_readme,content_overlap,1.00,
aspose-pdf-foss/Aspose.PDF-FOSS-for-.NET,readme_unit,Logicalstructure,PRESENT_IN_README,67,67 lines,n/a,sealed_readme,heading+overlap,0.84,
aspose-pdf-foss/Aspose.PDF-FOSS-for-.NET,readme_unit,Interfaces #7,PRESENT_IN_README,5,5 lines,n/a,sealed_readme,content_overlap,0.92,
aspose-pdf-foss/Aspose.PDF-FOSS-for-.NET,readme_unit,Enumerations #19,PRESENT_IN_README,7,7 lines,n/a,sealed_readme,heading+overlap,0.86,
aspose-pdf-foss/Aspose.PDF-FOSS-for-.NET,readme_unit,Navigation #2,PRESENT_IN_README,17,17 lines,n/a,sealed_readme,heading+overlap,1.00,
aspose-pdf-foss/Aspose.PDF-FOSS-for-.NET,readme_unit,Enumerations #20,PRESENT_IN_README,5,5 lines,n/a,sealed_readme,heading+overlap,1.00,
aspose-pdf-foss/Aspose.PDF-FOSS-for-.NET,readme_unit,Optimization,PRESENT_IN_README,15,15 lines,n/a,sealed_readme,content_overlap,1.00,
aspose-pdf-foss/Aspose.PDF-FOSS-for-.NET,readme_unit,Enumerations #21,PRESENT_IN_README,15,15 lines,n/a,sealed_readme,heading+overlap,1.00,
aspose-pdf-foss/Aspose.PDF-FOSS-for-.NET,readme_unit,Options,PRESENT_IN_README,28,28 lines,n/a,sealed_readme,content_overlap,0.86,
aspose-pdf-foss/Aspose.PDF-FOSS-for-.NET,readme_unit,Enumerations #22,PRESENT_IN_README,14,14 lines,n/a,sealed_readme,heading+overlap,0.87,
aspose-pdf-foss/Aspose.PDF-FOSS-for-.NET,readme_unit,Printing,PRESENT_IN_README,25,25 lines,n/a,sealed_readme,content_overlap,0.68,
aspose-pdf-foss/Aspose.PDF-FOSS-for-.NET,readme_unit,Security,PRESENT_IN_README,30,30 lines,n/a,sealed_readme,heading+overlap,0.86,
aspose-pdf-foss/Aspose.PDF-FOSS-for-.NET,readme_unit,Interfaces #8,PRESENT_IN_README,5,5 lines,n/a,sealed_readme,content_overlap,0.93,
aspose-pdf-foss/Aspose.PDF-FOSS-for-.NET,readme_unit,Enumerations #23,PRESENT_IN_README,13,13 lines,n/a,sealed_readme,heading+overlap,0.93,
aspose-pdf-foss/Aspose.PDF-FOSS-for-.NET,readme_unit,Shading,PRESENT_IN_README,15,15 lines,n/a,sealed_readme,content_overlap,1.00,
aspose-pdf-foss/Aspose.PDF-FOSS-for-.NET,readme_unit,Enumerations #24,PRESENT_IN_README,5,5 lines,n/a,sealed_readme,heading+overlap,1.00,
aspose-pdf-foss/Aspose.PDF-FOSS-for-.NET,readme_unit,Stamps,PRESENT_IN_README,9,9 lines,n/a,sealed_readme,heading+overlap,1.00,
aspose-pdf-foss/Aspose.PDF-FOSS-for-.NET,readme_unit,Structure,PRESENT_IN_README,10,10 lines,n/a,sealed_readme,content_overlap,1.00,
aspose-pdf-foss/Aspose.PDF-FOSS-for-.NET,readme_unit,Tagged,PRESENT_IN_README,12,12 lines,n/a,sealed_readme,content_overlap,1.00,
aspose-pdf-foss/Aspose.PDF-FOSS-for-.NET,readme_unit,Interfaces #9,PRESENT_IN_README,5,5 lines,n/a,sealed_readme,content_overlap,0.90,
aspose-pdf-foss/Aspose.PDF-FOSS-for-.NET,readme_unit,Text,PRESENT_IN_README,62,62 lines,n/a,sealed_readme,heading+overlap,0.88,
aspose-pdf-foss/Aspose.PDF-FOSS-for-.NET,readme_unit,Interfaces #10,PRESENT_IN_README,5,5 lines,n/a,sealed_readme,content_overlap,0.92,
aspose-pdf-foss/Aspose.PDF-FOSS-for-.NET,readme_unit,Enumerations #25,PRESENT_IN_README,22,22 lines,n/a,sealed_readme,heading+overlap,1.00,
aspose-pdf-foss/Aspose.PDF-FOSS-for-.NET,readme_unit,Vector,PRESENT_IN_README,11,11 lines,n/a,sealed_readme,content_overlap,0.93,
aspose-pdf-foss/Aspose.PDF-FOSS-for-.NET,readme_unit,Xmp,PRESENT_IN_README,16,16 lines,n/a,sealed_readme,content_overlap,1.00,
aspose-pdf-foss/Aspose.PDF-FOSS-for-.NET,readme_unit,Enumerations #26,PRESENT_IN_README,8,8 lines,n/a,sealed_readme,heading+overlap,1.00,
aspose-pdf-foss/Aspose.PDF-FOSS-for-.NET,readme_unit,Document and Pages,PRESENT_IN_README,19,19 lines,n/a,sealed_readme,content_overlap,0.88,
aspose-pdf-foss/Aspose.PDF-FOSS-for-.NET,readme_unit,Text #2,PRESENT_IN_README,8,8 lines,n/a,sealed_readme,heading+overlap,0.80,
aspose-pdf-foss/Aspose.PDF-FOSS-for-.NET,readme_unit,Forms #2,PRESENT_IN_README,9,9 lines,n/a,sealed_readme,heading+overlap,0.81,
aspose-pdf-foss/Aspose.PDF-FOSS-for-.NET,readme_unit,Annotations and Actions,PRESENT_IN_FACTS,13,13 lines,n/a,facts,heading+overlap,1.00,SUPERSEDE_REDUNDANT->api_reference x1
aspose-pdf-foss/Aspose.PDF-FOSS-for-.NET,readme_unit,Rendering,PRESENT_IN_README,10,10 lines,n/a,sealed_readme,content_overlap,0.81,
aspose-pdf-foss/Aspose.PDF-FOSS-for-.NET,readme_unit,Documentation & Resources,PRESENT_IN_README,35,35 lines,n/a,sealed_readme,heading+overlap,0.80,
aspose-pdf-foss/Aspose.PDF-FOSS-for-.NET,readme_unit,Scope and Limitations,PRESENT_IN_README,63,63 lines,n/a,sealed_readme,heading+overlap,0.64,
aspose-pdf-foss/Aspose.PDF-FOSS-for-.NET,readme_unit,Development and Testing,PRESENT_IN_README,13,13 lines,n/a,sealed_readme,heading+overlap,0.51,
aspose-pdf-foss/Aspose.PDF-FOSS-for-.NET,readme_unit,License,PRESENT_IN_README,4,4 lines,n/a,sealed_readme,heading+overlap,1.00,
aspose-pdf-foss/Aspose.PDF-FOSS-for-.NET,doc_page,docs/api-reference.md,PRESENT_IN_README,667,667 lines; headings: API Reference | `Aspose.Pdf` | `Aspose.Pdf.Text` | `Aspose.Pdf.Forms` | `Aspose.Pdf.Annotations`,true,sealed_readme,path,1.00,
aspose-pdf-foss/Aspose.PDF-FOSS-for-.NET,doc_page,docs/bookmarks-and-navigation.md,PRESENT_IN_README,160,160 lines; headings: Bookmarks & Navigation | Reading bookmarks | Creating bookmarks | Named destinations | Page labels,true,sealed_readme,path,1.00,
aspose-pdf-foss/Aspose.PDF-FOSS-for-.NET,doc_page,docs/comparison.md,PRESENT_IN_README,230,230 lines; headings: Comparison | Side-by-side comparison | Reading the result | Options | Graphical comparison,true,sealed_readme,path,1.00,
aspose-pdf-foss/Aspose.PDF-FOSS-for-.NET,doc_page,docs/converters.md,PRESENT_IN_README,349,349 lines; headings: Converters | PDF to HTML | Whole document | Single page | All pages as separate fragments,true,sealed_readme,path,1.00,
aspose-pdf-foss/Aspose.PDF-FOSS-for-.NET,doc_page,docs/facades.md,PRESENT_IN_README,483,483 lines; headings: Facades | `PdfFileEditor` | Concatenate (merge) PDFs | Extract pages | Split into individual pages,true,sealed_readme,path,1.00,
aspose-pdf-foss/Aspose.PDF-FOSS-for-.NET,doc_page,docs/fonts.md,PRESENT_IN_README,257,257 lines; headings: Fonts | Standard 14 fonts | Finding and embedding fonts | Loading a font from a file or stream | Registering font folders,true,sealed_readme,path,1.00,
aspose-pdf-foss/Aspose.PDF-FOSS-for-.NET,doc_page,docs/getting-started.md,PRESENT_IN_README,213,213 lines; headings: Getting Started | Prerequisites | Installation | Your first program | Open a PDF and extract text,true,sealed_readme,path,1.00,
aspose-pdf-foss/Aspose.PDF-FOSS-for-.NET,doc_page,docs/metadata-and-xmp.md,PRESENT_IN_README,158,158 lines; headings: Metadata & XMP | Document Info dictionary | Custom info properties | XMP metadata | Custom namespaces,true,sealed_readme,path,1.00,
aspose-pdf-foss/Aspose.PDF-FOSS-for-.NET,doc_page,docs/optimization.md,PRESENT_IN_README,374,374 lines; headings: Optimization | Quick optimization | Optimization options | `OptimizationOptions.All()` | Nested `Document.OptimizationOptions`,true,sealed_readme,path,1.00,
aspose-pdf-foss/Aspose.PDF-FOSS-for-.NET,doc_page,docs/rendering.md,PRESENT_IN_README,314,314 lines; headings: Rendering | Quick start | Page renderer | PNG | Custom resolution,true,sealed_readme,path,1.00,
aspose-pdf-foss/Aspose.PDF-FOSS-for-.NET,doc_page,docs/security-and-encryption.md,PRESENT_IN_README,434,434 lines; headings: Security and Encryption | Encryption algorithms | PDF 2.0 deprecation gates | Encrypting a PDF | Via `Document.Encrypt`,true,sealed_readme,path,1.00,
aspose-pdf-foss/Aspose.PDF-FOSS-for-.NET,doc_page,docs/tagged-pdf.md,PRESENT_IN_README,344,344 lines; headings: Tagged PDF | Reading tagged content | Check whether a document is tagged | Traverse the structure tree | Inspect role mappings,true,sealed_readme,path,1.00,
aspose-pdf-foss/Aspose.PDF-FOSS-for-.NET,doc_page,docs/working-with-annotations.md,PRESENT_IN_README,356,356 lines; headings: Working with Annotations | Reading annotations | List annotations on a page | Pattern-match by concrete annotation type | Adding annotations,true,sealed_readme,path,1.00,
aspose-pdf-foss/Aspose.PDF-FOSS-for-.NET,doc_page,docs/working-with-forms.md,PRESENT_IN_README,374,374 lines; headings: Working with Forms | Reading form fields | Iterate fields | Look up a field by name | Export form values as a dictionary,true,sealed_readme,path,1.00,
aspose-pdf-foss/Aspose.PDF-FOSS-for-.NET,doc_page,docs/working-with-pages.md,PRESENT_IN_README,171,171 lines; headings: Working with Pages | Accessing pages | Adding pages | Inserting and deleting | Reordering / moving a page,true,sealed_readme,path,1.00,
aspose-pdf-foss/Aspose.PDF-FOSS-for-.NET,doc_page,docs/working-with-tables.md,PRESENT_IN_README,303,303 lines; headings: Working with Tables | Extracting tables | Access the text fragments inside a cell | Export to CSV | Removing detected tables,true,sealed_readme,path,1.00,
aspose-pdf-foss/Aspose.PDF-FOSS-for-.NET,doc_page,docs/working-with-text.md,PRESENT_IN_README,276,276 lines; headings: Working with Text | Extracting text | From a single page | From the entire document | Extraction modes,true,sealed_readme,path,1.00,
aspose-pdf-foss/Aspose.PDF-FOSS-for-.NET,license_notice,LICENSE,PRESENT_IN_README,22,22 lines,true,sealed_readme,pattern,1.00,
aspose-pdf-foss/Aspose.PDF-FOSS-for-.NET,github_release,release v26.10.0,MISSING,5432,latest release v26.10.0 published 2026-10-01; 5432 chars,true,,,,
aspose-pdf-foss/Aspose.PDF-FOSS-for-.NET,target_framework,target framework net10.0,MISSING,0,dotnet; declared in 1 file(s): src/Aspose.Pdf.Foss.csproj,true,,,,
aspose-pdf-foss/Aspose.PDF-FOSS-for-.NET,target_framework,target framework net48,MISSING,0,dotnet; declared in 1 file(s): src/Aspose.Pdf.Foss.csproj,true,,,,
aspose-pdf-foss/Aspose.PDF-FOSS-for-.NET,target_framework,target framework net8.0,PRESENT_IN_README,0,dotnet; declared in 1 file(s): src/Aspose.Pdf.Foss.csproj,true,sealed_readme,pattern,1.00,
aspose-pdf-foss/Aspose.PDF-FOSS-for-.NET,target_framework,target framework net9.0,MISSING,0,dotnet; declared in 1 file(s): src/Aspose.Pdf.Foss.csproj,true,,,,
aspose-pdf-foss/Aspose.PDF-FOSS-for-.NET,target_framework,target framework netstandard2.0,MISSING,0,dotnet; declared in 1 file(s): src/Aspose.Pdf.Foss.csproj,true,,,,
aspose-pdf-foss/Aspose.PDF-FOSS-for-.NET,test_suite,tests,PRESENT_IN_README,249,249 test file(s),true,sealed_readme,dir_pointer,0.00,
aspose-pdf-foss/Aspose.PDF-FOSS-for-.NET,build_command,dotnet build,PRESENT_IN_README,0,3 source(s): ci:.github/workflows/build.yml; convention:Aspose.Pdf.Foss.sln; convention:src/Aspose.Pdf.Foss.csproj,true,sealed_readme,command,1.00,
aspose-pdf-foss/Aspose.PDF-FOSS-for-.NET,test_command,dotnet test,MISSING,0,3 source(s): ci:.github/workflows/build.yml; convention:Aspose.Pdf.Foss.sln; convention:src/Aspose.Pdf.Foss.csproj,true,,,,
aspose-pdf-foss/Aspose.PDF-FOSS-for-Cpp,readme_unit,Aspose.PDF FOSS for C++,PRESENT_IN_FACTS,15,15 lines,n/a,facts,heading+overlap,1.00,SUPERSEDE_REDUNDANT->api_reference x1; SUPERSEDE_REDUNDANT->badges x1; SUPERSEDE_REDUNDANT->banner x1; SUPERSEDE_REDUNDANT->dependencies x1; SUPERSEDE_REDUNDANT->identity x1; SUPERSEDE_REDUNDANT->installation x1; SUPERSEDE_REDUNDANT->license x1; SUPERSEDE_REDUNDANT->navigation x1; SUPERSEDE_REDUNDANT->opening x1; SUPERSEDE_REDUNDANT->third_party_notices x1; VERIFIED_MOVE->development_testing x1; VERIFIED_MOVE->documentation_resources x1; VERIFIED_MOVE->scope_limitations x1; VERIFIED_PRESERVE->additional_examples x1; VERIFIED_PRESERVE->api_reference x1; VERIFIED_PRESERVE->at_a_glance x1; VERIFIED_PRESERVE->key_capabilities x1; VERIFIED_PRESERVE->quick_start x1
aspose-pdf-foss/Aspose.PDF-FOSS-for-Cpp,readme_unit,Navigation,PRESENT_IN_README,15,15 lines,n/a,sealed_readme,heading+overlap,0.92,
aspose-pdf-foss/Aspose.PDF-FOSS-for-Cpp,readme_unit,At a Glance,PRESENT_IN_README,37,37 lines,n/a,sealed_readme,heading+overlap,0.63,
aspose-pdf-foss/Aspose.PDF-FOSS-for-Cpp,readme_unit,Key Capabilities,PRESENT_IN_README,51,51 lines,n/a,sealed_readme,heading+overlap,0.49,
aspose-pdf-foss/Aspose.PDF-FOSS-for-Cpp,readme_unit,Installation,PRESENT_IN_README,8,8 lines,n/a,sealed_readme,heading+overlap,0.52,
aspose-pdf-foss/Aspose.PDF-FOSS-for-Cpp,readme_unit,Visual Studio (NuGet),PRESENT_IN_FACTS,6,6 lines,n/a,facts,content_overlap,0.62,
aspose-pdf-foss/Aspose.PDF-FOSS-for-Cpp,readme_unit,From a Release Archive,PRESENT_IN_FACTS,13,13 lines,n/a,facts,content_overlap,0.70,
aspose-pdf-foss/Aspose.PDF-FOSS-for-Cpp,readme_unit,As a CMake Subdirectory,PRESENT_IN_FACTS,8,8 lines,n/a,facts,content_overlap,0.82,
aspose-pdf-foss/Aspose.PDF-FOSS-for-Cpp,readme_unit,Requirements,PRESENT_IN_FACTS,10,10 lines,n/a,facts,heading+overlap,1.00,SUPERSEDE_REDUNDANT->dependencies x1
aspose-pdf-foss/Aspose.PDF-FOSS-for-Cpp,readme_unit,Build From Source,PRESENT_IN_FACTS,11,11 lines,n/a,facts,heading+overlap,1.00,VERIFIED_PRESERVE->development_testing x1
aspose-pdf-foss/Aspose.PDF-FOSS-for-Cpp,readme_unit,Required Package Dependencies,PRESENT_IN_README,6,6 lines,n/a,sealed_readme,heading+overlap,0.41,
aspose-pdf-foss/Aspose.PDF-FOSS-for-Cpp,readme_unit,Development Dependencies,PRESENT_IN_FACTS,5,5 lines,n/a,facts,content_overlap,0.90,
aspose-pdf-foss/Aspose.PDF-FOSS-for-Cpp,readme_unit,Quick Start,PRESENT_IN_README,39,39 lines,n/a,sealed_readme,heading+overlap,0.48,
aspose-pdf-foss/Aspose.PDF-FOSS-for-Cpp,readme_unit,Additional Examples,PRESENT_IN_FACTS,81,81 lines,n/a,facts,heading+overlap,0.99,VERIFIED_PRESERVE->additional_examples x1
aspose-pdf-foss/Aspose.PDF-FOSS-for-Cpp,readme_unit,Open a Password-Protected Document,PRESENT_IN_README,11,11 lines,n/a,sealed_readme,content_overlap,1.00,
aspose-pdf-foss/Aspose.PDF-FOSS-for-Cpp,readme_unit,Read and Update Document Metadata,PRESENT_IN_README,22,22 lines,n/a,sealed_readme,content_overlap,0.70,
aspose-pdf-foss/Aspose.PDF-FOSS-for-Cpp,readme_unit,Render Every Page to a Multi-Page TIFF,PRESENT_IN_FACTS,22,22 lines,n/a,facts,heading+overlap,1.00,OMIT_UNSUPPORTED->- x1
aspose-pdf-foss/Aspose.PDF-FOSS-for-Cpp,readme_unit,Encrypt a Document With AES-256,PRESENT_IN_FACTS,17,17 lines,n/a,facts,heading+overlap,1.00,VERIFIED_MOVE->additional_examples x1
aspose-pdf-foss/Aspose.PDF-FOSS-for-Cpp,readme_unit,Sign a Document,PRESENT_IN_FACTS,13,13 lines,n/a,facts,heading+overlap,1.00,SUPERSEDE_REDUNDANT->additional_examples x1
aspose-pdf-foss/Aspose.PDF-FOSS-for-Cpp,readme_unit,Add an Annotation,PRESENT_IN_README,14,14 lines,n/a,sealed_readme,content_overlap,0.62,
aspose-pdf-foss/Aspose.PDF-FOSS-for-Cpp,readme_unit,Build an AcroForm Field,PRESENT_IN_FACTS,15,15 lines,n/a,facts,heading+overlap,1.00,SUPERSEDE_REDUNDANT->additional_examples x1
aspose-pdf-foss/Aspose.PDF-FOSS-for-Cpp,readme_unit,Build an Outline (Bookmark) Tree,PRESENT_IN_FACTS,14,14 lines,n/a,facts,heading+overlap,1.00,SUPERSEDE_REDUNDANT->additional_examples x1
aspose-pdf-foss/Aspose.PDF-FOSS-for-Cpp,readme_unit,Use a Facade (PdfConverter / PdfExtractor),PRESENT_IN_FACTS,27,27 lines,n/a,facts,heading+overlap,1.00,SUPERSEDE_REDUNDANT->additional_examples x1
aspose-pdf-foss/Aspose.PDF-FOSS-for-Cpp,readme_unit,Project Structure,PRESENT_IN_FACTS,18,18 lines,n/a,facts,heading+overlap,1.00,VERIFIED_PRESERVE->api_reference x1
aspose-pdf-foss/Aspose.PDF-FOSS-for-Cpp,readme_unit,API Reference,PRESENT_IN_README,8,8 lines,n/a,sealed_readme,heading+overlap,0.71,
aspose-pdf-foss/Aspose.PDF-FOSS-for-Cpp,readme_unit,Core API,PRESENT_IN_README,68,68 lines,n/a,sealed_readme,heading+overlap,0.67,
aspose-pdf-foss/Aspose.PDF-FOSS-for-Cpp,readme_unit,Enumerations,PRESENT_IN_README,20,20 lines,n/a,sealed_readme,heading+overlap,0.63,
aspose-pdf-foss/Aspose.PDF-FOSS-for-Cpp,readme_unit,Annotations,PRESENT_IN_README,62,62 lines,n/a,sealed_readme,heading+overlap,0.72,
aspose-pdf-foss/Aspose.PDF-FOSS-for-Cpp,readme_unit,Enumerations #2,PRESENT_IN_README,32,32 lines,n/a,sealed_readme,heading+overlap,0.77,
aspose-pdf-foss/Aspose.PDF-FOSS-for-Cpp,readme_unit,Drawing,PRESENT_IN_README,10,10 lines,n/a,sealed_readme,heading+overlap,0.91,
aspose-pdf-foss/Aspose.PDF-FOSS-for-Cpp,readme_unit,Facades,PRESENT_IN_README,25,25 lines,n/a,sealed_readme,heading+overlap,0.55,
aspose-pdf-foss/Aspose.PDF-FOSS-for-Cpp,readme_unit,Enumerations #3,PRESENT_IN_README,19,19 lines,n/a,sealed_readme,heading+overlap,0.81,
aspose-pdf-foss/Aspose.PDF-FOSS-for-Cpp,readme_unit,Forms,PRESENT_IN_README,32,32 lines,n/a,sealed_readme,heading+overlap,0.72,
aspose-pdf-foss/Aspose.PDF-FOSS-for-Cpp,readme_unit,Enumerations #4,PRESENT_IN_README,12,12 lines,n/a,sealed_readme,heading+overlap,0.62,
aspose-pdf-foss/Aspose.PDF-FOSS-for-Cpp,readme_unit,Documents and Pages,PRESENT_IN_FACTS,8,8 lines,n/a,facts,heading+overlap,1.00,OMIT_UNSUPPORTED->- x1
aspose-pdf-foss/Aspose.PDF-FOSS-for-Cpp,readme_unit,Text Extraction and Building,PRESENT_IN_README,7,7 lines,n/a,sealed_readme,content_overlap,0.69,
aspose-pdf-foss/Aspose.PDF-FOSS-for-Cpp,readme_unit,Rendering Devices,PRESENT_IN_README,5,5 lines,n/a,sealed_readme,content_overlap,0.81,
aspose-pdf-foss/Aspose.PDF-FOSS-for-Cpp,readme_unit,Tables and Vector Graphics,PRESENT_IN_README,6,6 lines,n/a,sealed_readme,content_overlap,0.69,
aspose-pdf-foss/Aspose.PDF-FOSS-for-Cpp,readme_unit,Annotations and Actions,PRESENT_IN_README,5,5 lines,n/a,sealed_readme,content_overlap,0.92,
aspose-pdf-foss/Aspose.PDF-FOSS-for-Cpp,readme_unit,Forms (AcroForm),PRESENT_IN_README,4,4 lines,n/a,sealed_readme,content_overlap,0.82,
aspose-pdf-foss/Aspose.PDF-FOSS-for-Cpp,readme_unit,"Outlines, Named Destinations, and Metadata",PRESENT_IN_README,6,6 lines,n/a,sealed_readme,content_overlap,0.76,
aspose-pdf-foss/Aspose.PDF-FOSS-for-Cpp,readme_unit,Security and Signing,PRESENT_IN_FACTS,6,6 lines,n/a,facts,heading+overlap,1.00,OMIT_UNSUPPORTED->- x1
aspose-pdf-foss/Aspose.PDF-FOSS-for-Cpp,readme_unit,Facades (Aspose.Pdf.Facades),PRESENT_IN_FACTS,10,10 lines,n/a,facts,heading+overlap,1.00,OMIT_UNSUPPORTED->- x1
aspose-pdf-foss/Aspose.PDF-FOSS-for-Cpp,readme_unit,Documentation & Resources,PRESENT_IN_README,8,8 lines,n/a,sealed_readme,heading+overlap,0.72,
aspose-pdf-foss/Aspose.PDF-FOSS-for-Cpp,readme_unit,Scope and Limitations,PRESENT_IN_README,21,21 lines,n/a,sealed_readme,heading+overlap,0.73,
aspose-pdf-foss/Aspose.PDF-FOSS-for-Cpp,readme_unit,Development and Testing,PRESENT_IN_FACTS,11,11 lines,n/a,facts,heading+overlap,1.00,VERIFIED_MOVE->development_testing x1
aspose-pdf-foss/Aspose.PDF-FOSS-for-Cpp,readme_unit,Third-Party Notices,PRESENT_IN_FACTS,9,9 lines,n/a,facts,heading+overlap,1.00,SUPERSEDE_REDUNDANT->third_party_notices x1
aspose-pdf-foss/Aspose.PDF-FOSS-for-Cpp,readme_unit,License,PRESENT_IN_FACTS,11,11 lines,n/a,facts,heading+overlap,1.00,SUPERSEDE_REDUNDANT->license x1
aspose-pdf-foss/Aspose.PDF-FOSS-for-Cpp,changelog,CHANGELOG.md,MISSING,132,132 lines; headings: Changelog | [Unreleased] | [1.0.1] - 2026-09-29 | Added | Fixed,true,,,,
aspose-pdf-foss/Aspose.PDF-FOSS-for-Cpp,contributing,CONTRIBUTING.md,PRESENT_IN_README,154,154 lines; headings: Contributing to Aspose.PDF FOSS for C++ | Building | Running the tests | Repository layout | Coding conventions,true,sealed_readme,path,1.00,
aspose-pdf-foss/Aspose.PDF-FOSS-for-Cpp,license_notice,LICENSE,PRESENT_IN_README,22,22 lines,true,sealed_readme,pattern,1.00,
aspose-pdf-foss/Aspose.PDF-FOSS-for-Cpp,license_notice,THIRD_PARTY_NOTICES.md,PRESENT_IN_README,38,notice file,true,sealed_readme,path,1.00,
aspose-pdf-foss/Aspose.PDF-FOSS-for-Cpp,github_release,release v1.0.1,MISSING,8361,latest release v1.0.1 published 2026-09-30; 8361 chars,true,,,,
aspose-pdf-foss/Aspose.PDF-FOSS-for-Cpp,target_framework,C++ standard 20,PRESENT_IN_README,0,cxx; declared in 1 file(s): CMakeLists.txt,true,sealed_readme,pattern,1.00,
aspose-pdf-foss/Aspose.PDF-FOSS-for-Cpp,ci_matrix,"os: ubuntu, windows",PRESENT_IN_README,0,"matrix axis in .github/workflows/ci.yml, .github/workflows/release.yml",true,sealed_readme,values,1.00,
aspose-pdf-foss/Aspose.PDF-FOSS-for-Cpp,ci_matrix,"cc: gcc-13, clang-16",MISSING,0,matrix axis in .github/workflows/ci.yml,false,,,,
aspose-pdf-foss/Aspose.PDF-FOSS-for-Cpp,ci_matrix,"cxx: g++-13, clang++-16",MISSING,0,matrix axis in .github/workflows/ci.yml,false,,,,
aspose-pdf-foss/Aspose.PDF-FOSS-for-Cpp,example_file,examples/01_pages.cpp,PRESENT_IN_README,24,24 lines,true,sealed_readme,dir_pointer,0.00,
aspose-pdf-foss/Aspose.PDF-FOSS-for-Cpp,example_file,examples/02_read_metadata.cpp,PRESENT_IN_README,26,26 lines,true,sealed_readme,dir_pointer,0.00,
aspose-pdf-foss/Aspose.PDF-FOSS-for-Cpp,example_file,examples/03_write_metadata.cpp,PRESENT_IN_README,29,29 lines,true,sealed_readme,dir_pointer,0.00,
aspose-pdf-foss/Aspose.PDF-FOSS-for-Cpp,example_file,examples/04_text_extraction.cpp,PRESENT_IN_README,19,19 lines,true,sealed_readme,dir_pointer,0.00,
aspose-pdf-foss/Aspose.PDF-FOSS-for-Cpp,example_file,examples/05_save_roundtrip.cpp,PRESENT_IN_README,31,31 lines,true,sealed_readme,dir_pointer,0.00,
aspose-pdf-foss/Aspose.PDF-FOSS-for-Cpp,example_file,examples/06_devices_surface.cpp,PRESENT_IN_README,49,49 lines,true,sealed_readme,dir_pointer,0.00,
aspose-pdf-foss/Aspose.PDF-FOSS-for-Cpp,example_file,examples/07_render_png.cpp,PRESENT_IN_README,38,38 lines,true,sealed_readme,dir_pointer,0.00,
aspose-pdf-foss/Aspose.PDF-FOSS-for-Cpp,example_file,examples/08_render_tiff.cpp,PRESENT_IN_README,36,36 lines,true,sealed_readme,dir_pointer,0.00,
aspose-pdf-foss/Aspose.PDF-FOSS-for-Cpp,example_file,examples/09_indexed_tiff.cpp,PRESENT_IN_README,51,51 lines,true,sealed_readme,dir_pointer,0.00,
aspose-pdf-foss/Aspose.PDF-FOSS-for-Cpp,example_file,examples/10_render_text_pdf.cpp,PRESENT_IN_README,45,45 lines,true,sealed_readme,dir_pointer,0.00,
aspose-pdf-foss/Aspose.PDF-FOSS-for-Cpp,example_file,examples/11_render_standard14.cpp,PRESENT_IN_README,62,62 lines,true,sealed_readme,dir_pointer,0.00,
aspose-pdf-foss/Aspose.PDF-FOSS-for-Cpp,example_file,examples/12_create_features.cpp,PRESENT_IN_README,797,797 lines,true,sealed_readme,dir_pointer,0.00,
aspose-pdf-foss/Aspose.PDF-FOSS-for-Cpp,example_file,examples/README.md,PRESENT_IN_README,181,181 lines,true,sealed_readme,dir_pointer,0.00,
aspose-pdf-foss/Aspose.PDF-FOSS-for-Cpp,test_suite,.github/package-test,MISSING,1,1 test file(s),false,,,,
aspose-pdf-foss/Aspose.PDF-FOSS-for-Cpp,test_suite,nuget/test,MISSING,1,1 test file(s),false,,,,
aspose-pdf-foss/Aspose.PDF-FOSS-for-Cpp,test_suite,tests,PRESENT_IN_README,675,675 test file(s),true,sealed_readme,dir_pointer,0.00,
aspose-pdf-foss/Aspose.PDF-FOSS-for-Cpp,build_command,cmake --build,MISSING,0,4 source(s): ci:.github/workflows/ci.yml; ci:.github/workflows/release.yml; convention:CMakeLists.txt,true,,,,
aspose-pdf-foss/Aspose.PDF-FOSS-for-Cpp,test_command,ctest,MISSING,0,2 source(s): ci:.github/workflows/ci.yml; ci:.github/workflows/release.yml,true,,,,
aspose-pdf-foss/Aspose.PDF-FOSS-for-Java,readme_unit,Aspose.PDF FOSS for Java,PRESENT_IN_README,10,10 lines,n/a,sealed_readme,heading+overlap,0.56,
aspose-pdf-foss/Aspose.PDF-FOSS-for-Java,readme_unit,Navigation,PRESENT_IN_README,13,13 lines,n/a,sealed_readme,heading+overlap,1.00,
aspose-pdf-foss/Aspose.PDF-FOSS-for-Java,readme_unit,At a Glance,PRESENT_IN_README,41,41 lines,n/a,sealed_readme,heading+overlap,0.77,
aspose-pdf-foss/Aspose.PDF-FOSS-for-Java,readme_unit,Key Capabilities,PRESENT_IN_README,44,44 lines,n/a,sealed_readme,heading+overlap,0.82,
aspose-pdf-foss/Aspose.PDF-FOSS-for-Java,readme_unit,Installation,PRESENT_IN_README,25,25 lines,n/a,sealed_readme,heading+overlap,0.48,
aspose-pdf-foss/Aspose.PDF-FOSS-for-Java,readme_unit,Required Package Dependencies,PRESENT_IN_README,3,3 lines,n/a,sealed_readme,heading+overlap,1.00,
aspose-pdf-foss/Aspose.PDF-FOSS-for-Java,readme_unit,Native and System Requirements,PRESENT_IN_README,4,4 lines,n/a,sealed_readme,heading+overlap,0.69,
aspose-pdf-foss/Aspose.PDF-FOSS-for-Java,readme_unit,Development Dependencies,PRESENT_IN_README,4,4 lines,n/a,sealed_readme,heading+overlap,0.54,
aspose-pdf-foss/Aspose.PDF-FOSS-for-Java,readme_unit,Quick Start,PRESENT_IN_README,21,21 lines,n/a,sealed_readme,heading+overlap,1.00,
aspose-pdf-foss/Aspose.PDF-FOSS-for-Java,readme_unit,Additional Examples,PRESENT_IN_README,4,4 lines,n/a,sealed_readme,heading+overlap,0.71,
aspose-pdf-foss/Aspose.PDF-FOSS-for-Java,readme_unit,Mix Text and a Form Field in a Table Cell,PRESENT_IN_README,26,26 lines,n/a,sealed_readme,content_overlap,0.91,
aspose-pdf-foss/Aspose.PDF-FOSS-for-Java,readme_unit,Extract Text From an Existing PDF,PRESENT_IN_README,13,13 lines,n/a,sealed_readme,content_overlap,0.95,
aspose-pdf-foss/Aspose.PDF-FOSS-for-Java,readme_unit,Extract Images From a PDF,PRESENT_IN_README,17,17 lines,n/a,sealed_readme,content_overlap,0.96,
aspose-pdf-foss/Aspose.PDF-FOSS-for-Java,readme_unit,Create and Save a PDF From Scratch,PRESENT_IN_README,14,14 lines,n/a,sealed_readme,content_overlap,0.95,
aspose-pdf-foss/Aspose.PDF-FOSS-for-Java,readme_unit,Read and Update Fields in an Existing Form,PRESENT_IN_README,20,20 lines,n/a,sealed_readme,content_overlap,0.91,
aspose-pdf-foss/Aspose.PDF-FOSS-for-Java,readme_unit,Append Multiple Form Fields to a Cell in Order,PRESENT_IN_README,17,17 lines,n/a,sealed_readme,content_overlap,0.95,
aspose-pdf-foss/Aspose.PDF-FOSS-for-Java,readme_unit,Set and Read a Widget Annotation's Background Color,PRESENT_IN_README,11,11 lines,n/a,sealed_readme,content_overlap,0.95,
aspose-pdf-foss/Aspose.PDF-FOSS-for-Java,readme_unit,Set a Radio Button Option's Border Style,PRESENT_IN_README,16,16 lines,n/a,sealed_readme,content_overlap,1.00,
aspose-pdf-foss/Aspose.PDF-FOSS-for-Java,readme_unit,API Reference,PRESENT_IN_README,10,10 lines,n/a,sealed_readme,heading+overlap,0.95,
aspose-pdf-foss/Aspose.PDF-FOSS-for-Java,readme_unit,Core API,PRESENT_IN_README,114,114 lines,n/a,sealed_readme,heading+overlap,1.00,
aspose-pdf-foss/Aspose.PDF-FOSS-for-Java,readme_unit,Interfaces,PRESENT_IN_README,5,5 lines,n/a,sealed_readme,content_overlap,0.95,
aspose-pdf-foss/Aspose.PDF-FOSS-for-Java,readme_unit,Enumerations,PRESENT_IN_README,25,25 lines,n/a,sealed_readme,heading+overlap,1.00,
aspose-pdf-foss/Aspose.PDF-FOSS-for-Java,readme_unit,Annotations,PRESENT_IN_README,32,32 lines,n/a,sealed_readme,content_overlap,1.00,
aspose-pdf-foss/Aspose.PDF-FOSS-for-Java,readme_unit,Enumerations #2,PRESENT_IN_README,10,10 lines,n/a,sealed_readme,heading+overlap,1.00,
aspose-pdf-foss/Aspose.PDF-FOSS-for-Java,readme_unit,Devices,PRESENT_IN_README,15,15 lines,n/a,sealed_readme,content_overlap,1.00,
aspose-pdf-foss/Aspose.PDF-FOSS-for-Java,readme_unit,Enumerations #3,PRESENT_IN_README,7,7 lines,n/a,sealed_readme,heading+overlap,1.00,
aspose-pdf-foss/Aspose.PDF-FOSS-for-Java,readme_unit,Drawing,PRESENT_IN_README,18,18 lines,n/a,sealed_readme,content_overlap,1.00,
aspose-pdf-foss/Aspose.PDF-FOSS-for-Java,readme_unit,Enumerations #4,PRESENT_IN_README,5,5 lines,n/a,sealed_readme,heading+overlap,1.00,
aspose-pdf-foss/Aspose.PDF-FOSS-for-Java,readme_unit,Engine,PRESENT_IN_README,460,460 lines,n/a,sealed_readme,content_overlap,0.99,
aspose-pdf-foss/Aspose.PDF-FOSS-for-Java,readme_unit,Interfaces #2,PRESENT_IN_README,14,14 lines,n/a,sealed_readme,content_overlap,0.98,
aspose-pdf-foss/Aspose.PDF-FOSS-for-Java,readme_unit,Enumerations #5,PRESENT_IN_README,115,115 lines,n/a,sealed_readme,heading+overlap,1.00,
aspose-pdf-foss/Aspose.PDF-FOSS-for-Java,readme_unit,Facades,PRESENT_IN_README,32,32 lines,n/a,sealed_readme,content_overlap,0.98,
aspose-pdf-foss/Aspose.PDF-FOSS-for-Java,readme_unit,Enumerations #6,PRESENT_IN_README,13,13 lines,n/a,sealed_readme,heading+overlap,1.00,
aspose-pdf-foss/Aspose.PDF-FOSS-for-Java,readme_unit,Forms,PRESENT_IN_README,28,28 lines,n/a,sealed_readme,content_overlap,1.00,
aspose-pdf-foss/Aspose.PDF-FOSS-for-Java,readme_unit,Enumerations #7,PRESENT_IN_README,6,6 lines,n/a,sealed_readme,heading+overlap,1.00,
aspose-pdf-foss/Aspose.PDF-FOSS-for-Java,readme_unit,HTML,PRESENT_IN_README,9,9 lines,n/a,sealed_readme,content_overlap,1.00,
aspose-pdf-foss/Aspose.PDF-FOSS-for-Java,readme_unit,Logicalstructure,PRESENT_IN_README,38,38 lines,n/a,sealed_readme,content_overlap,0.99,
aspose-pdf-foss/Aspose.PDF-FOSS-for-Java,readme_unit,Operators,PRESENT_IN_README,86,86 lines,n/a,sealed_readme,content_overlap,1.00,
aspose-pdf-foss/Aspose.PDF-FOSS-for-Java,readme_unit,Interfaces #3,PRESENT_IN_README,5,5 lines,n/a,sealed_readme,content_overlap,0.86,
aspose-pdf-foss/Aspose.PDF-FOSS-for-Java,readme_unit,Optimization,PRESENT_IN_README,5,5 lines,n/a,sealed_readme,content_overlap,0.86,
aspose-pdf-foss/Aspose.PDF-FOSS-for-Java,readme_unit,Printing,PRESENT_IN_README,10,10 lines,n/a,sealed_readme,content_overlap,1.00,
aspose-pdf-foss/Aspose.PDF-FOSS-for-Java,readme_unit,Enumerations #8,PRESENT_IN_README,8,8 lines,n/a,sealed_readme,heading+overlap,1.00,
aspose-pdf-foss/Aspose.PDF-FOSS-for-Java,readme_unit,Security,PRESENT_IN_README,7,7 lines,n/a,sealed_readme,content_overlap,1.00,
aspose-pdf-foss/Aspose.PDF-FOSS-for-Java,readme_unit,Interfaces #4,PRESENT_IN_README,5,5 lines,n/a,sealed_readme,content_overlap,0.93,
aspose-pdf-foss/Aspose.PDF-FOSS-for-Java,readme_unit,Enumerations #9,PRESENT_IN_README,6,6 lines,n/a,sealed_readme,heading+overlap,1.00,
aspose-pdf-foss/Aspose.PDF-FOSS-for-Java,readme_unit,Tagged,PRESENT_IN_README,10,10 lines,n/a,sealed_readme,content_overlap,1.00,
aspose-pdf-foss/Aspose.PDF-FOSS-for-Java,readme_unit,Interfaces #5,PRESENT_IN_README,5,5 lines,n/a,sealed_readme,content_overlap,0.92,
aspose-pdf-foss/Aspose.PDF-FOSS-for-Java,readme_unit,Text,PRESENT_IN_README,37,37 lines,n/a,sealed_readme,content_overlap,1.00,
aspose-pdf-foss/Aspose.PDF-FOSS-for-Java,readme_unit,Enumerations #10,PRESENT_IN_README,18,18 lines,n/a,sealed_readme,heading+overlap,0.98,
aspose-pdf-foss/Aspose.PDF-FOSS-for-Java,readme_unit,Document and Pages,PRESENT_IN_FACTS,18,18 lines,n/a,facts,heading+overlap,1.00,SUPERSEDE_REDUNDANT->api_reference x1
aspose-pdf-foss/Aspose.PDF-FOSS-for-Java,readme_unit,Text #2,PRESENT_IN_README,11,11 lines,n/a,sealed_readme,content_overlap,0.67,
aspose-pdf-foss/Aspose.PDF-FOSS-for-Java,readme_unit,Forms #2,PRESENT_IN_README,13,13 lines,n/a,sealed_readme,content_overlap,0.62,
aspose-pdf-foss/Aspose.PDF-FOSS-for-Java,readme_unit,Facades #2,PRESENT_IN_README,12,12 lines,n/a,sealed_readme,content_overlap,0.85,
aspose-pdf-foss/Aspose.PDF-FOSS-for-Java,readme_unit,Security #2,PRESENT_IN_README,8,8 lines,n/a,sealed_readme,content_overlap,0.74,
aspose-pdf-foss/Aspose.PDF-FOSS-for-Java,readme_unit,Rendering and Devices,PRESENT_IN_README,9,9 lines,n/a,sealed_readme,content_overlap,0.89,
aspose-pdf-foss/Aspose.PDF-FOSS-for-Java,readme_unit,Documentation & Resources,PRESENT_IN_README,10,10 lines,n/a,sealed_readme,heading+overlap,0.82,
aspose-pdf-foss/Aspose.PDF-FOSS-for-Java,readme_unit,Scope and Limitations,PRESENT_IN_README,38,38 lines,n/a,sealed_readme,heading+overlap,0.56,
aspose-pdf-foss/Aspose.PDF-FOSS-for-Java,readme_unit,Development and Testing,PRESENT_IN_README,28,28 lines,n/a,sealed_readme,heading+overlap,0.45,
aspose-pdf-foss/Aspose.PDF-FOSS-for-Java,readme_unit,License,PRESENT_IN_README,4,4 lines,n/a,sealed_readme,heading+overlap,1.00,
aspose-pdf-foss/Aspose.PDF-FOSS-for-Java,changelog,CHANGELOG.md,PRESENT_IN_README,174,174 lines; headings: Changelog | 26.8.0 — 2026-08-21 | Added | Changed | Removed,true,sealed_readme,path,1.00,
aspose-pdf-foss/Aspose.PDF-FOSS-for-Java,root_doc,PUBLISHING.md,PRESENT_IN_README,125,"125 lines; headings: Maven Central Publishing - Aspose.PDF-FOSS-for-Java | What Was Changed and Why | Version bump: 26.6.0 -> 26.8.0 (2026-08-21, real republication) | pom.xml changes (2026-08-21 hardening pass, MT036 Track B) | .github/wor",true,sealed_readme,path,1.00,
aspose-pdf-foss/Aspose.PDF-FOSS-for-Java,doc_page,docs/annotations.md,PRESENT_IN_README,224,224 lines; headings: Working with Annotations | Reading annotations from a page | Annotation types | Adding a highlight | Adding a free-text note,true,sealed_readme,path,1.00,
aspose-pdf-foss/Aspose.PDF-FOSS-for-Java,doc_page,docs/attachments.md,PRESENT_IN_README,306,306 lines; headings: File Attachments | Attach a file to a document | Attach from an in-memory stream | List embedded files and their metadata | Extract an embedded file to disk,true,sealed_readme,path,1.00,
aspose-pdf-foss/Aspose.PDF-FOSS-for-Java,doc_page,docs/conversion.md,PRESENT_IN_README,442,442 lines; headings: Document Conversion | The structured-document (IR) engine | PDF → HTML | Quick conversion with a SaveFormat | Structural (semantic) HTML,true,sealed_readme,path,1.00,
aspose-pdf-foss/Aspose.PDF-FOSS-for-Java,doc_page,docs/document-generation.md,PRESENT_IN_README,608,"608 lines; headings: Generating PDFs from Scratch | Create an empty document and add pages | Page size and margins with PageInfo | Add text with paragraphs | Style text: font, size, color via TextState",true,sealed_readme,path,1.00,
aspose-pdf-foss/Aspose.PDF-FOSS-for-Java,doc_page,docs/drawing.md,PRESENT_IN_README,340,"340 lines; headings: Drawing API — graphs and vector shapes | Coordinate system | Create a Graph and add it to a page | Styling: stroke color, fill color, line width, dashes | The shapes",true,sealed_readme,path,1.00,
aspose-pdf-foss/Aspose.PDF-FOSS-for-Java,doc_page,docs/facades.md,PRESENT_IN_README,594,594 lines; headings: The Facades API | PdfFileEditor | PdfContentEditor | PdfExtractor | PdfBookmarkEditor,true,sealed_readme,path,1.00,
aspose-pdf-foss/Aspose.PDF-FOSS-for-Java,doc_page,docs/forms.md,PRESENT_IN_README,196,196 lines; headings: Working with Forms | Reading values from an existing form | Looking up a field by name | Field types | Filling a form,true,sealed_readme,path,1.00,
aspose-pdf-foss/Aspose.PDF-FOSS-for-Java,doc_page,docs/getting-started.md,PRESENT_IN_README,170,170 lines; headings: Getting Started | Prerequisites | Build from source | Add the dependency | Your first PDF,true,sealed_readme,path,1.00,
aspose-pdf-foss/Aspose.PDF-FOSS-for-Java,doc_page,docs/limitations.md,PRESENT_IN_README,67,67 lines; headings: Limitations and Out-of-Scope Features | Out of scope (not planned for the FOSS edition) | Supported since the early docs (previously listed as out of scope) | In scope but partial (verify against your case) | Performance,true,sealed_readme,path,1.00,
aspose-pdf-foss/Aspose.PDF-FOSS-for-Java,doc_page,docs/metadata.md,PRESENT_IN_README,163,163 lines; headings: Document Metadata | DocumentInfo: the legacy Info dictionary | Setting Info fields | XMP metadata | Reading raw XMP XML,true,sealed_readme,path,1.00,
aspose-pdf-foss/Aspose.PDF-FOSS-for-Java,doc_page,docs/navigation.md,PRESENT_IN_README,410,"410 lines; headings: Navigation: Bookmarks, Destinations, Actions, and Links | The outline (bookmark) tree | Read the outline tree | Add a bookmark that points to a page | Add a nested (child) bookmark",true,sealed_readme,path,1.00,
aspose-pdf-foss/Aspose.PDF-FOSS-for-Java,doc_page,docs/optimization.md,PRESENT_IN_README,300,300 lines; headings: Resource optimization and file-size reduction | Quick start — default optimization | Building an OptimizationOptions | Removing unused objects and streams | Linking duplicate streams,true,sealed_readme,path,1.00,
aspose-pdf-foss/Aspose.PDF-FOSS-for-Java,doc_page,docs/page-operations.md,PRESENT_IN_README,428,428 lines; headings: Page operations | Model at a glance | Merge / concatenate multiple PDFs | Merge with the low-level API | Append pages from one document to another,true,sealed_readme,path,1.00,
aspose-pdf-foss/Aspose.PDF-FOSS-for-Java,doc_page,docs/pdfa.md,PRESENT_IN_README,152,152 lines; headings: PDF/A — Validation and Conversion | Validate a document against a PDF/A standard | Convert a document to PDF/A | Using PdfFormatConversionOptions | Convenience method for PDF/A-2B,true,sealed_readme,path,1.00,
aspose-pdf-foss/Aspose.PDF-FOSS-for-Java,doc_page,docs/rasterization.md,PRESENT_IN_README,176,176 lines; headings: Page Rasterization | Quick example | Devices available | Resolution | Fixed-size output,true,sealed_readme,path,1.00,
aspose-pdf-foss/Aspose.PDF-FOSS-for-Java,security_policy,docs/security.md,PRESENT_IN_README,138,"138 lines; headings: Security: Encryption, Permissions, and Signatures | Encrypting a PDF | Permission flags | Reading an encrypted PDF | Removing encryption",true,sealed_readme,path,1.00,
aspose-pdf-foss/Aspose.PDF-FOSS-for-Java,doc_page,docs/signatures.md,PRESENT_IN_README,250,250 lines; headings: Digital Signatures | Key classes | Signing a PDF with a PKCS#12 (.pfx) keystore | Loading the key/certificate yourself via `java.security.KeyStore` | Signing an existing (blank) signature field,true,sealed_readme,path,1.00,
aspose-pdf-foss/Aspose.PDF-FOSS-for-Java,doc_page,docs/text-extraction.md,PRESENT_IN_README,172,172 lines; headings: Working with Text | TextAbsorber: pull all text out of a document | Per-page extraction | Extraction options | TextFragmentAbsorber: search for specific strings,true,sealed_readme,path,1.00,
aspose-pdf-foss/Aspose.PDF-FOSS-for-Java,doc_page,docs/xfa.md,PRESENT_IN_README,343,343 lines; headings: XFA Forms | Detect an XFA document | Read XFA field values | Fill (set) XFA field values | Scripting (JavaScript & FormCalc),true,sealed_readme,path,1.00,
aspose-pdf-foss/Aspose.PDF-FOSS-for-Java,license_notice,LICENSE,PRESENT_IN_README,21,21 lines,true,sealed_readme,pattern,1.00,
aspose-pdf-foss/Aspose.PDF-FOSS-for-Java,github_release,release v26.9.0,MISSING,1100,latest release v26.9.0 published 2026-10-07; 1100 chars,false,,,,
aspose-pdf-foss/Aspose.PDF-FOSS-for-Java,target_framework,java release 11,PRESENT_IN_README,0,java; declared in 1 file(s): pom.xml,true,sealed_readme,pattern,1.00,
aspose-pdf-foss/Aspose.PDF-FOSS-for-Java,ci_matrix,"java: 11, 17",PRESENT_IN_README,0,matrix axis in .github/workflows/build.yml,true,sealed_readme,values,1.00,
aspose-pdf-foss/Aspose.PDF-FOSS-for-Java,test_suite,src/test,MISSING,293,293 test file(s),false,,,,
aspose-pdf-foss/Aspose.PDF-FOSS-for-Java,test_command,mvn test,MISSING,0,2 source(s): ci:.github/workflows/build.yml; convention:pom.xml,true,,,,
aspose-pdf-foss/Aspose.PDF-FOSS-for-Java,test_command,mvn verify,MISSING,0,1 source(s): ci:.github/workflows/maven-central-release.yml,false,,,,
aspose-pdf-foss/Aspose.PDF-FOSS-for-TypeScript,readme_unit,Aspose.PDF FOSS for TypeScript,NO_BUNDLE,13,13 lines,n/a,,,,
aspose-pdf-foss/Aspose.PDF-FOSS-for-TypeScript,readme_unit,Navigation,NO_BUNDLE,13,13 lines,n/a,,,,
aspose-pdf-foss/Aspose.PDF-FOSS-for-TypeScript,readme_unit,At a Glance,NO_BUNDLE,37,37 lines,n/a,,,,
aspose-pdf-foss/Aspose.PDF-FOSS-for-TypeScript,readme_unit,Key Capabilities,NO_BUNDLE,87,87 lines,n/a,,,,
aspose-pdf-foss/Aspose.PDF-FOSS-for-TypeScript,readme_unit,Detailed Capability Reference,NO_BUNDLE,113,113 lines,n/a,,,,
aspose-pdf-foss/Aspose.PDF-FOSS-for-TypeScript,readme_unit,Installation,NO_BUNDLE,11,11 lines,n/a,,,,
aspose-pdf-foss/Aspose.PDF-FOSS-for-TypeScript,readme_unit,Required Package Dependencies,NO_BUNDLE,3,3 lines,n/a,,,,
aspose-pdf-foss/Aspose.PDF-FOSS-for-TypeScript,readme_unit,Native and System Requirements,NO_BUNDLE,4,4 lines,n/a,,,,
aspose-pdf-foss/Aspose.PDF-FOSS-for-TypeScript,readme_unit,Development Dependencies,NO_BUNDLE,6,6 lines,n/a,,,,
aspose-pdf-foss/Aspose.PDF-FOSS-for-TypeScript,readme_unit,Quick Start,NO_BUNDLE,36,36 lines,n/a,,,,
aspose-pdf-foss/Aspose.PDF-FOSS-for-TypeScript,readme_unit,Additional Examples,NO_BUNDLE,7,7 lines,n/a,,,,
aspose-pdf-foss/Aspose.PDF-FOSS-for-TypeScript,readme_unit,Open Encrypted PDFs,NO_BUNDLE,13,13 lines,n/a,,,,
aspose-pdf-foss/Aspose.PDF-FOSS-for-TypeScript,readme_unit,Open Untrusted PDFs Under Resource Limits,NO_BUNDLE,66,66 lines,n/a,,,,
aspose-pdf-foss/Aspose.PDF-FOSS-for-TypeScript,readme_unit,Check and Repair a Salvaged Document,NO_BUNDLE,22,22 lines,n/a,,,,
aspose-pdf-foss/Aspose.PDF-FOSS-for-TypeScript,readme_unit,Write Encrypted Output,NO_BUNDLE,19,19 lines,n/a,,,,
aspose-pdf-foss/Aspose.PDF-FOSS-for-TypeScript,readme_unit,Encrypt With Certificate-Based (Public-Key) Encryption,NO_BUNDLE,24,24 lines,n/a,,,,
aspose-pdf-foss/Aspose.PDF-FOSS-for-TypeScript,readme_unit,Split and Merge Documents,NO_BUNDLE,10,10 lines,n/a,,,,
aspose-pdf-foss/Aspose.PDF-FOSS-for-TypeScript,readme_unit,Parse and Serialize Content Streams,NO_BUNDLE,12,12 lines,n/a,,,,
aspose-pdf-foss/Aspose.PDF-FOSS-for-TypeScript,readme_unit,Stamp Text on a Page,NO_BUNDLE,90,90 lines,n/a,,,,
aspose-pdf-foss/Aspose.PDF-FOSS-for-TypeScript,readme_unit,Text decoration,NO_BUNDLE,32,32 lines,n/a,,,,
aspose-pdf-foss/Aspose.PDF-FOSS-for-TypeScript,readme_unit,Embedding a font (arbitrary Unicode),NO_BUNDLE,104,104 lines,n/a,,,,
aspose-pdf-foss/Aspose.PDF-FOSS-for-TypeScript,readme_unit,Complex-text shaping (embedded OpenType fonts),NO_BUNDLE,21,21 lines,n/a,,,,
aspose-pdf-foss/Aspose.PDF-FOSS-for-TypeScript,readme_unit,Build and Style Tables,NO_BUNDLE,118,118 lines,n/a,,,,
aspose-pdf-foss/Aspose.PDF-FOSS-for-TypeScript,readme_unit,Multi-page tables,NO_BUNDLE,31,31 lines,n/a,,,,
aspose-pdf-foss/Aspose.PDF-FOSS-for-TypeScript,readme_unit,Tagged tables,NO_BUNDLE,23,23 lines,n/a,,,,
aspose-pdf-foss/Aspose.PDF-FOSS-for-TypeScript,readme_unit,Generate a Table of Contents,NO_BUNDLE,48,48 lines,n/a,,,,
aspose-pdf-foss/Aspose.PDF-FOSS-for-TypeScript,readme_unit,Build Multi-Column Flow Layouts,NO_BUNDLE,119,119 lines,n/a,,,,
aspose-pdf-foss/Aspose.PDF-FOSS-for-TypeScript,readme_unit,Round and Decorate HTML Boxes,NO_BUNDLE,24,24 lines,n/a,,,,
aspose-pdf-foss/Aspose.PDF-FOSS-for-TypeScript,readme_unit,Hyphenate Narrow Columns,NO_BUNDLE,17,17 lines,n/a,,,,
aspose-pdf-foss/Aspose.PDF-FOSS-for-TypeScript,readme_unit,Number Headings,NO_BUNDLE,24,24 lines,n/a,,,,
aspose-pdf-foss/Aspose.PDF-FOSS-for-TypeScript,readme_unit,Draw Running Heads and Page Numbers,NO_BUNDLE,21,21 lines,n/a,,,,
aspose-pdf-foss/Aspose.PDF-FOSS-for-TypeScript,readme_unit,Set Tab Stops,NO_BUNDLE,19,19 lines,n/a,,,,
aspose-pdf-foss/Aspose.PDF-FOSS-for-TypeScript,readme_unit,Add Footnotes and Endnotes,NO_BUNDLE,63,63 lines,n/a,,,,
aspose-pdf-foss/Aspose.PDF-FOSS-for-TypeScript,readme_unit,Render a Word Document,NO_BUNDLE,32,32 lines,n/a,,,,
aspose-pdf-foss/Aspose.PDF-FOSS-for-TypeScript,readme_unit,Draw Vector Graphics,NO_BUNDLE,164,164 lines,n/a,,,,
aspose-pdf-foss/Aspose.PDF-FOSS-for-TypeScript,readme_unit,Insert Images,NO_BUNDLE,14,14 lines,n/a,,,,
aspose-pdf-foss/Aspose.PDF-FOSS-for-TypeScript,readme_unit,Generate Barcodes and QR Codes,NO_BUNDLE,20,20 lines,n/a,,,,
aspose-pdf-foss/Aspose.PDF-FOSS-for-TypeScript,readme_unit,Manage Optional-Content Layers,NO_BUNDLE,90,90 lines,n/a,,,,
aspose-pdf-foss/Aspose.PDF-FOSS-for-TypeScript,readme_unit,Extract Text,NO_BUNDLE,45,45 lines,n/a,,,,
aspose-pdf-foss/Aspose.PDF-FOSS-for-TypeScript,readme_unit,Extract Vector Paths,NO_BUNDLE,25,25 lines,n/a,,,,
aspose-pdf-foss/Aspose.PDF-FOSS-for-TypeScript,readme_unit,Search Text,NO_BUNDLE,81,81 lines,n/a,,,,
aspose-pdf-foss/Aspose.PDF-FOSS-for-TypeScript,readme_unit,Replace Text,NO_BUNDLE,53,53 lines,n/a,,,,
aspose-pdf-foss/Aspose.PDF-FOSS-for-TypeScript,readme_unit,Compare Documents,NO_BUNDLE,41,41 lines,n/a,,,,
aspose-pdf-foss/Aspose.PDF-FOSS-for-TypeScript,readme_unit,Redact Content,NO_BUNDLE,42,42 lines,n/a,,,,
aspose-pdf-foss/Aspose.PDF-FOSS-for-TypeScript,readme_unit,"Mark, then apply",NO_BUNDLE,49,49 lines,n/a,,,,
aspose-pdf-foss/Aspose.PDF-FOSS-for-TypeScript,readme_unit,Flatten Annotations and Forms,NO_BUNDLE,37,37 lines,n/a,,,,
aspose-pdf-foss/Aspose.PDF-FOSS-for-TypeScript,readme_unit,Create and Fill AcroForm Fields,NO_BUNDLE,271,271 lines,n/a,,,,
aspose-pdf-foss/Aspose.PDF-FOSS-for-TypeScript,readme_unit,Field styling,NO_BUNDLE,38,38 lines,n/a,,,,
aspose-pdf-foss/Aspose.PDF-FOSS-for-TypeScript,readme_unit,Recalculate and Format a Filled Form,NO_BUNDLE,23,23 lines,n/a,,,,
aspose-pdf-foss/Aspose.PDF-FOSS-for-TypeScript,readme_unit,Convert an XFA Form to an AcroForm,NO_BUNDLE,57,57 lines,n/a,,,,
aspose-pdf-foss/Aspose.PDF-FOSS-for-TypeScript,readme_unit,Import and Export Form Data (FDF / XFDF),NO_BUNDLE,41,41 lines,n/a,,,,
aspose-pdf-foss/Aspose.PDF-FOSS-for-TypeScript,readme_unit,Read and Write Outlines (Bookmarks),NO_BUNDLE,36,36 lines,n/a,,,,
aspose-pdf-foss/Aspose.PDF-FOSS-for-TypeScript,readme_unit,Read and Write Page Labels,NO_BUNDLE,20,20 lines,n/a,,,,
aspose-pdf-foss/Aspose.PDF-FOSS-for-TypeScript,readme_unit,Manage Named Destinations,NO_BUNDLE,16,16 lines,n/a,,,,
aspose-pdf-foss/Aspose.PDF-FOSS-for-TypeScript,readme_unit,Set Document Open Behaviour and Document-Level JavaScript,NO_BUNDLE,33,33 lines,n/a,,,,
aspose-pdf-foss/Aspose.PDF-FOSS-for-TypeScript,readme_unit,Set Viewer Preferences,NO_BUNDLE,39,39 lines,n/a,,,,
aspose-pdf-foss/Aspose.PDF-FOSS-for-TypeScript,readme_unit,Set Page Mode and Page Layout,NO_BUNDLE,31,31 lines,n/a,,,,
aspose-pdf-foss/Aspose.PDF-FOSS-for-TypeScript,readme_unit,Add Page Transitions,NO_BUNDLE,39,39 lines,n/a,,,,
aspose-pdf-foss/Aspose.PDF-FOSS-for-TypeScript,readme_unit,Create and Search Annotations,NO_BUNDLE,69,69 lines,n/a,,,,
aspose-pdf-foss/Aspose.PDF-FOSS-for-TypeScript,readme_unit,Embed Files and Attachments,NO_BUNDLE,43,43 lines,n/a,,,,
aspose-pdf-foss/Aspose.PDF-FOSS-for-TypeScript,readme_unit,Read and Write XMP Metadata,NO_BUNDLE,96,96 lines,n/a,,,,
aspose-pdf-foss/Aspose.PDF-FOSS-for-TypeScript,readme_unit,Extract and Replace Embedded Images,NO_BUNDLE,87,87 lines,n/a,,,,
aspose-pdf-foss/Aspose.PDF-FOSS-for-TypeScript,readme_unit,Use File-Based Helper Methods,NO_BUNDLE,34,34 lines,n/a,,,,
aspose-pdf-foss/Aspose.PDF-FOSS-for-TypeScript,readme_unit,Remove Hidden Data,NO_BUNDLE,43,43 lines,n/a,,,,
aspose-pdf-foss/Aspose.PDF-FOSS-for-TypeScript,readme_unit,"Optimize Fonts, Images and Structure",NO_BUNDLE,57,57 lines,n/a,,,,
aspose-pdf-foss/Aspose.PDF-FOSS-for-TypeScript,readme_unit,"Convert Colours to Gray, RGB or CMYK",NO_BUNDLE,146,146 lines,n/a,,,,
aspose-pdf-foss/Aspose.PDF-FOSS-for-TypeScript,readme_unit,Render and Export a Page or Document to Other Formats,NO_BUNDLE,21,21 lines,n/a,,,,
aspose-pdf-foss/Aspose.PDF-FOSS-for-TypeScript,readme_unit,Connect an AI Model,NO_BUNDLE,20,20 lines,n/a,,,,
aspose-pdf-foss/Aspose.PDF-FOSS-for-TypeScript,readme_unit,Make Scanned Pages Searchable,NO_BUNDLE,30,30 lines,n/a,,,,
aspose-pdf-foss/Aspose.PDF-FOSS-for-TypeScript,readme_unit,"Summarize, Ask and Describe Images",NO_BUNDLE,20,20 lines,n/a,,,,
aspose-pdf-foss/Aspose.PDF-FOSS-for-TypeScript,readme_unit,API Reference,NO_BUNDLE,10,10 lines,n/a,,,,
aspose-pdf-foss/Aspose.PDF-FOSS-for-TypeScript,readme_unit,Core API,NO_BUNDLE,398,398 lines,n/a,,,,
aspose-pdf-foss/Aspose.PDF-FOSS-for-TypeScript,readme_unit,Annotations,NO_BUNDLE,39,39 lines,n/a,,,,
aspose-pdf-foss/Aspose.PDF-FOSS-for-TypeScript,readme_unit,Attachments,NO_BUNDLE,6,6 lines,n/a,,,,
aspose-pdf-foss/Aspose.PDF-FOSS-for-TypeScript,readme_unit,Conversion,NO_BUNDLE,29,29 lines,n/a,,,,
aspose-pdf-foss/Aspose.PDF-FOSS-for-TypeScript,readme_unit,Forms,NO_BUNDLE,11,11 lines,n/a,,,,
aspose-pdf-foss/Aspose.PDF-FOSS-for-TypeScript,readme_unit,Redaction,NO_BUNDLE,7,7 lines,n/a,,,,
aspose-pdf-foss/Aspose.PDF-FOSS-for-TypeScript,readme_unit,Security,NO_BUNDLE,36,36 lines,n/a,,,,
aspose-pdf-foss/Aspose.PDF-FOSS-for-TypeScript,readme_unit,AI,NO_BUNDLE,29,29 lines,n/a,,,,
aspose-pdf-foss/Aspose.PDF-FOSS-for-TypeScript,readme_unit,Structure,NO_BUNDLE,16,16 lines,n/a,,,,
aspose-pdf-foss/Aspose.PDF-FOSS-for-TypeScript,readme_unit,Text,NO_BUNDLE,5,5 lines,n/a,,,,
aspose-pdf-foss/Aspose.PDF-FOSS-for-TypeScript,readme_unit,Detailed Member Reference,NO_BUNDLE,238,238 lines,n/a,,,,
aspose-pdf-foss/Aspose.PDF-FOSS-for-TypeScript,readme_unit,HTML,NO_BUNDLE,81,81 lines,n/a,,,,
aspose-pdf-foss/Aspose.PDF-FOSS-for-TypeScript,readme_unit,Markdown,NO_BUNDLE,110,110 lines,n/a,,,,
aspose-pdf-foss/Aspose.PDF-FOSS-for-TypeScript,changelog,CHANGELOG.md,NO_BUNDLE,2884,2884 lines; headings: Changelog | [Unreleased] | Added | Security | Fixed,true,,,,
aspose-pdf-foss/Aspose.PDF-FOSS-for-TypeScript,doc_page,docs/epub-calibre-verification.md,NO_BUNDLE,78,78 lines; headings: EPUB output — Calibre verification | What was verified | What the obvious evidence does not prove | What remains unverified,true,,,,
aspose-pdf-foss/Aspose.PDF-FOSS-for-TypeScript,doc_page,docs/superpowers/notes/2026-09-09-xfa-mutations.md,NO_BUNDLE,101,"101 lines; headings: XFA to AcroForm — mutation results (`6t2v.3`) | The seven the design names | Fixtures that had to be REBUILT because the obvious one measured nothing | Rules that redden NOTHING, and what holds them instead | The oracle",true,,,,
aspose-pdf-foss/Aspose.PDF-FOSS-for-TypeScript,doc_page,docs/superpowers/plans/2026-06-03-pdf-page-splitter.md,NO_BUNDLE,2071,2071 lines; headings: PDF Page Splitter Implementation Plan | File Structure | Conventions used throughout | Task 0: Project scaffolding | Task 1: Errors and types,false,,,,
aspose-pdf-foss/Aspose.PDF-FOSS-for-TypeScript,doc_page,docs/superpowers/plans/2026-06-04-page-class.md,NO_BUNDLE,607,"607 lines; headings: Page Class & Document.Pages Implementation Plan | File Structure | Task 1: Create the `Page` class | Task 2: Refactor pagetree to emit `Page[]` (unify, remove `PageRef`) | Task 3: Populate `Document.Pages` eagerly",true,,,,
aspose-pdf-foss/Aspose.PDF-FOSS-for-TypeScript,doc_page,docs/superpowers/plans/2026-06-04-page-save.md,NO_BUNDLE,264,264 lines; headings: Page.Save & splitPdf Delegation Implementation Plan | File Structure | Task 1: Make the extractor's Document import type-only (cycle fix) | Task 2: Add `PageSaveOptions` and `Page.Save` | Task 3: Delegate `splitPdf` to ,true,,,,
aspose-pdf-foss/Aspose.PDF-FOSS-for-TypeScript,doc_page,docs/superpowers/plans/2026-06-04-pdf-metadata-node-wrappers.md,NO_BUNDLE,323,323 lines; headings: PDF Metadata Node fs Wrappers — Implementation Plan | Task 1: `readMetadataFile` | Task 2: `updateMetadataFile` (merge + delete) | Task 3: `clearMetadataFile` | Task 4: Export from the package index,true,,,,
aspose-pdf-foss/Aspose.PDF-FOSS-for-TypeScript,doc_page,docs/superpowers/plans/2026-06-04-pdf-metadata.md,NO_BUNDLE,1062,1062 lines; headings: PDF Metadata Processing Implementation Plan | File Structure | Task 1: Extract serialization into `src/serialize.ts` | Task 2: String codecs in `src/metadata.ts` | Task 3: Date codecs in `src/metadata.ts`,false,,,,
aspose-pdf-foss/Aspose.PDF-FOSS-for-TypeScript,doc_page,docs/superpowers/plans/2026-06-04-pdfdocument-openfile.md,NO_BUNDLE,147,147 lines; headings: Document.OpenFile Implementation Plan | File Structure | Task 1: Add `Document.OpenFile` | Task 2: Full verification | Self-Review Notes,true,,,,
aspose-pdf-foss/Aspose.PDF-FOSS-for-TypeScript,doc_page,docs/superpowers/plans/2026-06-05-document-reorder.md,NO_BUNDLE,515,515 lines; headings: Document.Reorder Implementation Plan | File Structure | Task 1: In-memory `Reorder` + object-number plumbing | Task 2: Persist `Reorder` on `save()` | Task 3: Full verification + close issue,true,,,,
aspose-pdf-foss/Aspose.PDF-FOSS-for-TypeScript,doc_page,docs/superpowers/plans/2026-06-05-document-split.md,NO_BUNDLE,666,"666 lines; headings: Document.Split Implementation Plan | File Structure | Task 1: Built-document mode, `writePdf`, and `Document.Split` | Task 2: Remove `Page.Save` and `PageSaveOptions` | Task 3: Replace `splitPdf` with `Document.Split` a",true,,,,
aspose-pdf-foss/Aspose.PDF-FOSS-for-TypeScript,doc_page,docs/superpowers/plans/2026-06-08-in-memory-object-model.md,NO_BUNDLE,1149,1149 lines; headings: In-Memory PDF Object Model Implementation Plan | Approach notes (read before starting) | File Structure | Task 1: Eager parse in `Open` | Task 2: New mark-sweep + renumber serializer (additive),true,,,,
aspose-pdf-foss/Aspose.PDF-FOSS-for-TypeScript,doc_page,docs/superpowers/plans/2026-06-09-document-add-remove-page.md,NO_BUNDLE,664,"664 lines; headings: Document.AddPage / InsertPage / RemovePage Implementation Plan | Task 1: Shared plumbing — `requireIndirectPagesRoot` + `syncPages`, adopted by `Reorder` | Task 2: `Page.Document` internal accessor | Task 3: Blank-page ",true,,,,
aspose-pdf-foss/Aspose.PDF-FOSS-for-TypeScript,doc_page,docs/superpowers/plans/2026-06-09-document-merge.md,NO_BUNDLE,663,663 lines; headings: Document.Merge / Append / InsertPages Implementation Plan | File Structure | Task 1: Test-helper extensions | Task 2: Export clone/rewrite primitives from the extractor | Task 3: `importPages` + `Append`,true,,,,
aspose-pdf-foss/Aspose.PDF-FOSS-for-TypeScript,doc_page,docs/superpowers/plans/2026-06-10-encryption-on-open.md,NO_BUNDLE,1328,"1328 lines; headings: Encryption support on Open Implementation Plan | File Structure | Task 1: RC4 cipher (vector-pinned) | Task 2: AES-CBC decrypt + AES-128 encrypt helpers | Task 3: Hashes, padding, and R2–R4 key derivation (Algorithm 1 ",false,,,,
aspose-pdf-foss/Aspose.PDF-FOSS-for-TypeScript,doc_page,docs/superpowers/plans/2026-06-11-acroform-fields.md,NO_BUNDLE,1028,"1028 lines; headings: AcroForm Fields (Enumerate + Fill) Implementation Plan | File structure | Task 1: Form fixture PDF | Task 2: Field enumeration (Form, Field, classification, doc.Form) | Task 3: Value getter",true,,,,
aspose-pdf-foss/Aspose.PDF-FOSS-for-TypeScript,doc_page,docs/superpowers/plans/2026-06-11-bleed-trim-art-box.md,NO_BUNDLE,271,"271 lines; headings: BleedBox / TrimBox / ArtBox Accessors Implementation Plan | File structure | Task 1: Getters (own-dict read, CropBox fallback) | Task 2: Setters | Task 3: README + close out",true,,,,
aspose-pdf-foss/Aspose.PDF-FOSS-for-TypeScript,doc_page,docs/superpowers/plans/2026-06-11-content-stream-tokenizer.md,NO_BUNDLE,486,486 lines; headings: Content-stream tokenizer Implementation Plan | File Structure | Task 1: Tokenizer core — operands + operators | Task 2: Inline images (BI / ID / EI) | Task 3: Serializer + round-trip property,true,,,,
aspose-pdf-foss/Aspose.PDF-FOSS-for-TypeScript,doc_page,docs/superpowers/plans/2026-06-11-extract-pages.md,NO_BUNDLE,264,"264 lines; headings: Document.ExtractPages Implementation Plan | Task 1: ExtractPages core — validation, ordering, repeats, round-trip | Task 2: Reuse-benefit tests — shared-resource dedup and inheritance flattening | Task 3: Finalize — ful",true,,,,
aspose-pdf-foss/Aspose.PDF-FOSS-for-TypeScript,doc_page,docs/superpowers/plans/2026-06-11-page-box-setters.md,NO_BUNDLE,177,177 lines; headings: Page MediaBox/CropBox Setters Implementation Plan | Task 1: Setters write the page's own dict | Task 2: Reject invalid boxes,true,,,,
aspose-pdf-foss/Aspose.PDF-FOSS-for-TypeScript,doc_page,docs/superpowers/plans/2026-06-15-image-xobject-extraction.md,NO_BUNDLE,345,"345 lines; headings: Image (XObject) extraction Implementation Plan | Task 1: Test fixture helper | Task 2: ImageInfo, collectImages, Page.Images | Notes for the implementer",true,,,,
aspose-pdf-foss/Aspose.PDF-FOSS-for-TypeScript,doc_page,docs/superpowers/plans/2026-06-15-outlines-bookmarks.md,NO_BUNDLE,661,661 lines; headings: Outlines / bookmarks read + write — Implementation Plan | File Structure | Task 1: Model types + fixture | Task 2: Read path — tree walk + explicit /Dest | Task 3: Read path — /A GoTo + named destinations,true,,,,
aspose-pdf-foss/Aspose.PDF-FOSS-for-TypeScript,doc_page,docs/superpowers/plans/2026-06-16-glyph-width-spacing.md,NO_BUNDLE,468,468 lines; headings: Real Glyph-Width Spacing Implementation Plan | File Structure | Task 1: Width tables + `decodeRun` in `font.ts` | Task 2: Use real advances in `text.ts` | Task 3: Docs + close-out,true,,,,
aspose-pdf-foss/Aspose.PDF-FOSS-for-TypeScript,doc_page,docs/superpowers/plans/2026-06-16-page-text-extraction.md,NO_BUNDLE,1182,1182 lines; headings: Page Text Extraction Implementation Plan | File Structure | Task 1: Encoding tables and glyph-name resolver | Task 2: ToUnicode / CMap parser | Task 3: TextFont decoder,false,,,,
aspose-pdf-foss/Aspose.PDF-FOSS-for-TypeScript,doc_page,docs/superpowers/plans/2026-06-16-standardencoding-completion.md,NO_BUNDLE,141,141 lines; headings: Complete StandardEncoding High-Range Table — Implementation Plan | File Structure | Task 1: Complete StandardEncoding high range | Self-Review Notes,false,,,,
aspose-pdf-foss/Aspose.PDF-FOSS-for-TypeScript,doc_page,docs/superpowers/plans/2026-06-17-content-authoring.md,NO_BUNDLE,1110,1110 lines; headings: Content Authoring (Phase 1) Implementation Plan | Global Constraints | Task 1: Extract shared content-authoring helpers into `pagecontent.ts` | Task 2: `PageGraphics` builder + `page.Graphics()` | Task 3: `page.AddImag,true,,,,
aspose-pdf-foss/Aspose.PDF-FOSS-for-TypeScript,doc_page,docs/superpowers/plans/2026-06-17-encrypted-save.md,NO_BUNDLE,1032,"1032 lines; headings: Encrypted Save (Phase 2a) Implementation Plan | Global Constraints | Task 1: Write-side ciphers in `crypto.ts` | Task 2: `encrypt.ts` — types, `/P`, and the AES-256 encryptor | Task 3: RC4 (R3) and AES-128 (R4) encrypt",false,,,,
aspose-pdf-foss/Aspose.PDF-FOSS-for-TypeScript,doc_page,docs/superpowers/plans/2026-06-17-form-appearance-generation.md,NO_BUNDLE,1402,1402 lines; headings: Form Appearance Generation Implementation Plan | Global Constraints | Task 1: Standard-14 font metrics | Task 2: `/DA` string parser | Task 3: `resolveDA` — field DA resolution + font mapping,true,,,,
aspose-pdf-foss/Aspose.PDF-FOSS-for-TypeScript,doc_page,docs/superpowers/plans/2026-06-17-text-stamping.md,NO_BUNDLE,915,915 lines; headings: Text Stamping Implementation Plan | File Structure | Task 1: Helvetica metrics module | Task 2: WinAnsi encoder | Task 3: MeasureText (stamp.ts scaffold + Page wiring + fixtures),false,,,,
aspose-pdf-foss/Aspose.PDF-FOSS-for-TypeScript,doc_page,docs/superpowers/plans/2026-06-18-annotation-foundation.md,NO_BUNDLE,765,"765 lines; headings: Annotation Foundation Implementation Plan | Global Constraints | Task 1: `Annotation` base class — read accessors + repurpose `Page.Annotations` | Task 2: Live setters on `Annotation` | Task 3: Creation helper, `Documen",true,,,,
aspose-pdf-foss/Aspose.PDF-FOSS-for-TypeScript,doc_page,docs/superpowers/plans/2026-06-18-link-annotations.md,NO_BUNDLE,451,"451 lines; headings: Link Annotations Implementation Plan | Global Constraints | Foundation already shipped (consume, do not rebuild) | Task 1: `LinkAnnotation` subclass + `wrapAnnotation` dispatch + `pageNumberOf` | Task 2: `Page.AddLink` ",true,,,,
aspose-pdf-foss/Aspose.PDF-FOSS-for-TypeScript,doc_page,docs/superpowers/plans/2026-06-18-markup-annotations.md,NO_BUNDLE,691,"691 lines; headings: Markup Annotations Implementation Plan | Global Constraints | Foundation already shipped (consume, do not rebuild) | Task 1: `MarkupAnnotation` subclass + `wrapAnnotation` dispatch | Task 2: `Page.AddHighlight` + the sh",true,,,,
aspose-pdf-foss/Aspose.PDF-FOSS-for-TypeScript,doc_page,docs/superpowers/plans/2026-06-18-stamp-annotations.md,NO_BUNDLE,690,"690 lines; headings: Stamp Annotations + Appearance Implementation Plan | Global Constraints | Foundation already shipped (consume, do not rebuild) | Task 1: `StampAnnotation` subclass + `wrapAnnotation` dispatch | Task 2: Factor `buildImag",true,,,,
aspose-pdf-foss/Aspose.PDF-FOSS-for-TypeScript,doc_page,docs/superpowers/plans/2026-06-18-text-note-annotations.md,NO_BUNDLE,398,"398 lines; headings: Text (Sticky Note) Annotations Implementation Plan | Global Constraints | Foundation already shipped (consume, do not rebuild) | Task 1: `TextAnnotation` subclass + `wrapAnnotation` dispatch | Task 2: `Page.AddTextNote`",true,,,,
aspose-pdf-foss/Aspose.PDF-FOSS-for-TypeScript,doc_page,docs/superpowers/plans/2026-06-18-xmp-metadata-read.md,NO_BUNDLE,444,"444 lines; headings: XMP Metadata Read Implementation Plan | Global Constraints | Foundation already shipped (consume, do not rebuild) | XmpMetadata shape (read subset; full interface per design spec) | Task 1: `src/xmp.ts` — `XmpMetadata` ",true,,,,
aspose-pdf-foss/Aspose.PDF-FOSS-for-TypeScript,doc_page,docs/superpowers/plans/2026-06-18-xmp-metadata-write.md,NO_BUNDLE,446,"446 lines; headings: XMP Metadata Write / Sync Implementation Plan | Global Constraints | Foundation already shipped (consume, do not rebuild) | The /Info ↔ XMP mirror (shared fields) | Task 1: `buildXmp` + `XmpUpdate` + `mergeXmp` + mirror",true,,,,
aspose-pdf-foss/Aspose.PDF-FOSS-for-TypeScript,doc_page,docs/superpowers/plans/2026-06-19-content-editing-foundation.md,NO_BUNDLE,973,"973 lines; headings: Content-Editing Foundation (F1 + F2) Implementation Plan | Global Constraints | Shared types (defined in Task 1, consumed throughout) | File Structure | Task 1: F1 — read content as per-stream op lists",true,,,,
aspose-pdf-foss/Aspose.PDF-FOSS-for-TypeScript,doc_page,docs/superpowers/plans/2026-06-22-phase5-c0-import-primitive.md,NO_BUNDLE,396,396 lines; headings: Phase 5 — C0: importPageAsXObject + prependContent Implementation Plan | Global Constraints | Task 1: `prependContent` underlay splice | Task 2: `importPageAsXObject` primitive | Closing the issue,true,,,,
aspose-pdf-foss/Aspose.PDF-FOSS-for-TypeScript,doc_page,docs/superpowers/plans/2026-06-23-glyph-subsetting.md,NO_BUNDLE,476,476 lines; headings: Glyph Subsetting (gnr.3 / Track S) Implementation Plan | Global Constraints | File Structure | Task 1: Relax cmap requirement + closure fixture | Task 2: Glyph closure,false,,,,
aspose-pdf-foss/Aspose.PDF-FOSS-for-TypeScript,doc_page,docs/superpowers/plans/2026-06-23-sfnt-parser.md,NO_BUNDLE,947,947 lines; headings: sfnt/TrueType Parser (gnr.2 / Track P) Implementation Plan | Global Constraints | File Structure | Task 1: Minimal TrueType fixture builder | Task 2: Table directory + outline-kind detection,false,,,,
aspose-pdf-foss/Aspose.PDF-FOSS-for-TypeScript,doc_page,docs/superpowers/plans/2026-06-25-struct-attribute-semantics.md,NO_BUNDLE,849,849 lines; headings: Deep attribute semantics (S4) Implementation Plan | Global Constraints | File Structure | Cyclic-import note | Task 1: Core machinery + Table owner,false,,,,
aspose-pdf-foss/Aspose.PDF-FOSS-for-TypeScript,doc_page,docs/superpowers/plans/2026-06-25-struct-preservation-page-ops.md,NO_BUNDLE,1057,1057 lines; headings: Structure Preservation Across Page Ops — Implementation Plan | Global Constraints | File Structure | Task 1: Multi-page tagged fixture builder | Task 2: Core single-source preserve + wire Split & ExtractPages,true,,,,
aspose-pdf-foss/Aspose.PDF-FOSS-for-TypeScript,doc_page,docs/superpowers/plans/2026-06-25-struct-tree-read-model.md,NO_BUNDLE,1114,1114 lines; headings: Structure-tree Read Model Implementation Plan | Global Constraints | File Structure | Task 1: Tagged-PDF fixture builder | Task 2: Marked-content MCID tracking in the content walk,true,,,,
aspose-pdf-foss/Aspose.PDF-FOSS-for-TypeScript,doc_page,docs/superpowers/plans/2026-06-25-tagged-content-authoring.md,NO_BUNDLE,1151,"1151 lines; headings: Tagged-content authoring (S3) Implementation Plan | Global Constraints | File Structure | Cyclic-import note | Task 1: Tree bootstrap — `CreateStructTree`, `set Lang`, `ensureStructTree`",true,,,,
aspose-pdf-foss/Aspose.PDF-FOSS-for-TypeScript,doc_page,docs/superpowers/plans/2026-06-26-collection-portfolio.md,NO_BUNDLE,620,620 lines; headings: Collection / Portfolio Implementation Plan | Global Constraints | File Structure | Task 1: `Attachment` handle class + per-file `/CI` fields | Task 2: `/Collection` catalog dict + Document API,true,,,,
aspose-pdf-foss/Aspose.PDF-FOSS-for-TypeScript,doc_page,docs/superpowers/plans/2026-06-26-embedded-files-attachments.md,NO_BUNDLE,842,"842 lines; headings: Embedded Files / Attachments Implementation Plan | Global Constraints | File Structure | Task 1: Write primitive — `buildFilespec` | Task 2: Read primitives — `readFilespec`, `readFilespecBytes`, `readAttachments`, `fil",true,,,,
aspose-pdf-foss/Aspose.PDF-FOSS-for-TypeScript,doc_page,docs/superpowers/plans/2026-06-26-pdfua-validation.md,NO_BUNDLE,1132,"1132 lines; headings: PDF/UA Validation Rules Implementation Plan | Global Constraints | File Structure | Task 1: Artifact-scope tracking in the content walk | Task 2: Report types, engine skeleton, facade, and the Tagged rule",true,,,,
aspose-pdf-foss/Aspose.PDF-FOSS-for-TypeScript,doc_page,docs/superpowers/plans/2026-06-29-linearization.md,NO_BUNDLE,878,878 lines; headings: Linearization (Fast Web View) Implementation Plan | Global Constraints | File Structure | Task 1: `Document.IsLinearized` getter (reader side) | Task 2: Option plumbing + unsupported-combination guards,true,,,,
aspose-pdf-foss/Aspose.PDF-FOSS-for-TypeScript,doc_page,docs/superpowers/plans/2026-06-29-pdfa-conversion.md,NO_BUNDLE,1224,1224 lines; headings: PDF/A Conversion / Remediation Implementation Plan | Global Constraints | Scope refinements (decisions made during planning) | File Structure | Task 1: `pdfaid` support in `xmp.ts`,true,,,,
aspose-pdf-foss/Aspose.PDF-FOSS-for-TypeScript,doc_page,docs/superpowers/plans/2026-06-29-pdfa-validation.md,NO_BUNDLE,1861,"1861 lines; headings: PDF/A Validation Implementation Plan | Global Constraints | File Structure | Task 1: Extract shared validation types into `validation.ts` | Task 2: Engine harness, `ValidatePdfA`, clean fixture, and the `Encryption` ru",true,,,,
aspose-pdf-foss/Aspose.PDF-FOSS-for-TypeScript,doc_page,docs/superpowers/plans/2026-06-29-pdfua-conversion.md,NO_BUNDLE,742,742 lines; headings: PDF/UA Conversion / Remediation Implementation Plan | Global Constraints | File Structure | Task 1: Extract shared conversion types into `conversion.ts` | Task 2: `pdfuaid` read + build in `xmp.ts`,true,,,,
aspose-pdf-foss/Aspose.PDF-FOSS-for-TypeScript,doc_page,docs/superpowers/plans/2026-06-30-filter-image-format-coverage.md,NO_BUNDLE,1242,"1242 lines; headings: Filter & Image-Format Coverage Implementation Plan | Global Constraints | Phase A — Decode pipeline + image-read routing | Task A1: ASCII filters (`ASCIIHexDecode`, `ASCII85Decode`, `RunLengthDecode`) | Task A2: LZW de",true,,,,
aspose-pdf-foss/Aspose.PDF-FOSS-for-TypeScript,doc_page,docs/superpowers/plans/2026-06-30-optional-content-groups.md,NO_BUNDLE,1036,1036 lines; headings: Optional Content Groups (Layers / OCG) Implementation Plan | Global Constraints | Task 1: Fixture builder + module skeleton + layer enumeration | Task 2: Layer visibility (default config) | Task 3: Named configurations,true,,,,
aspose-pdf-foss/Aspose.PDF-FOSS-for-TypeScript,doc_page,docs/superpowers/plans/2026-07-01-ccitt-group3-and-g4-hardening.md,NO_BUNDLE,741,"741 lines; headings: CCITT Group 3 Support + Group 4 Hardening Implementation Plan | Global Constraints | Task 1: Plumb EndOfLine / EndOfBlock params (no behavior change) | Task 2: CCITT encoder test helper | Task 3: Extract `decode2DRow`, ",true,,,,
aspose-pdf-foss/Aspose.PDF-FOSS-for-TypeScript,doc_page,docs/superpowers/plans/2026-07-01-ocg-authoring.md,NO_BUNDLE,544,544 lines; headings: OCG Authoring (hz2) Implementation Plan | Global Constraints | Task 1: `OptionalContent.AddLayer` — create OCGs and wire `/Order` | Task 2: `PageGraphics.BeginLayer` / `EndLayer` + `registerOcProperty` | Task 3: Image `,true,,,,
aspose-pdf-foss/Aspose.PDF-FOSS-for-TypeScript,doc_page,docs/superpowers/plans/2026-07-01-ocmd-ve.md,NO_BUNDLE,403,"403 lines; headings: OCMD `/VE` Interpretation (3sn) Implementation Plan | Global Constraints | Task 1: `/VE` membership in `refMatchesLayer` (RemoveLayer) | Task 2: `LayerConfig.ResolveVisibility` — OCG, `/VE`, and `/P` | Task 3: Docs + fu",true,,,,
aspose-pdf-foss/Aspose.PDF-FOSS-for-TypeScript,doc_page,docs/superpowers/plans/2026-07-01-table-structured-data-extraction.md,NO_BUNDLE,1146,1146 lines; headings: Table / Structured-Data Extraction Implementation Plan | Global Constraints | Module / File map | Task 1: Capture vector paths in the content walker | Task 2: Grid/span algorithm (`buildCells`),true,,,,
aspose-pdf-foss/Aspose.PDF-FOSS-for-TypeScript,doc_page,docs/superpowers/plans/2026-07-01-tagged-table-extraction.md,NO_BUNDLE,900,900 lines; headings: Tagged-PDF `/Table` Structure-Tree Extraction Implementation Plan | Global Constraints | Task 1: Extract the shared table model into `tablemodel.ts` | Task 2: `StructElement.GetBBox()` glyph-union helper | Task 3: Tagge,true,,,,
aspose-pdf-foss/Aspose.PDF-FOSS-for-TypeScript,doc_page,docs/superpowers/plans/2026-07-02-cross-page-table-stitching.md,NO_BUNDLE,528,"528 lines; headings: Cross-Page Table Stitching Implementation Plan | Global Constraints | Task 1: Add `pageSpans` to the `Table` model | Task 2: Pure `stitchTables` engine (signature match, chains, emit) | Task 3: Repeated-header drop",true,,,,
aspose-pdf-foss/Aspose.PDF-FOSS-for-TypeScript,doc_page,docs/superpowers/plans/2026-07-02-geometry-nested-table-extraction.md,NO_BUNDLE,502,502 lines; headings: Geometry-Path Nested Table Extraction Implementation Plan | Global Constraints | Task 1: `buildRuledRegion` seam (pass-through) wired into `extractTables` | Task 2: Nested detection (algorithm) + inset fixture | Task 3:,true,,,,
aspose-pdf-foss/Aspose.PDF-FOSS-for-TypeScript,doc_page,docs/superpowers/plans/2026-07-02-multiple-borderless-tables-per-page.md,NO_BUNDLE,337,337 lines; headings: Multiple Borderless Tables Per Page Implementation Plan | Global Constraints | Task 1: Recursive whitespace segmentation (`segmentBlocks`) | Task 2: Compose borderless tables with the ruled path | Notes for the implemen,true,,,,
aspose-pdf-foss/Aspose.PDF-FOSS-for-TypeScript,doc_page,docs/superpowers/plans/2026-07-02-nested-table-extraction.md,NO_BUNDLE,604,604 lines; headings: Nested Tagged-Table Extraction Implementation Plan | Global Constraints | Task 1: `tables?` model field + nested `toHtml()` | Task 2: `GetText` skip predicate on `StructElement` | Task 3: Nested tagged-table fixture,true,,,,
aspose-pdf-foss/Aspose.PDF-FOSS-for-TypeScript,doc_page,docs/superpowers/plans/2026-07-02-rotated-skewed-table-extraction.md,NO_BUNDLE,587,587 lines; headings: Rotated / Skewed Table Extraction Implementation Plan | Global Constraints | Task 1: Expose glyph/fragment baseline orientation (text layer) | Task 2: Orientation module (`src/tableorient.ts`) | Task 3: Rotated extracti,false,,,,
aspose-pdf-foss/Aspose.PDF-FOSS-for-TypeScript,doc_page,docs/superpowers/plans/2026-07-02-typed-line-square-circle-annotations.md,NO_BUNDLE,848,848 lines; headings: Typed Line / Square / Circle Annotations Implementation Plan | Global Constraints | Task 1: `SquareCircleAnnotation` read model + dispatch + fixture | Task 2: `LineAnnotation` read model + dispatch | Task 3: `AddSquare`,true,,,,
aspose-pdf-foss/Aspose.PDF-FOSS-for-TypeScript,doc_page,docs/superpowers/plans/2026-07-03-autotag-foundation-text.md,NO_BUNDLE,583,583 lines; headings: AutoTag Foundation + Text Structure Implementation Plan | Global Constraints | Task 1: pwi.1 — content-marking primitive (`MarkContent`) | Task 2: pwi.2 — `doc.AutoTag` headings + paragraphs | Task 3: pwi.2 — figures + ,true,,,,
aspose-pdf-foss/Aspose.PDF-FOSS-for-TypeScript,doc_page,docs/superpowers/plans/2026-07-03-autotag-tables.md,NO_BUNDLE,291,291 lines; headings: AutoTag Tables Implementation Plan | Global Constraints | Task 1: tag tables in `autoTag` | Task 2: README + full verify + close | Notes for the implementer,true,,,,
aspose-pdf-foss/Aspose.PDF-FOSS-for-TypeScript,doc_page,docs/superpowers/plans/2026-07-03-page-to-svg.md,NO_BUNDLE,1911,1911 lines; headings: Page → SVG Conversion Implementation Plan | Global Constraints | File Structure | Task 1: PNG encoder (`src/pngencode.ts`) | Task 2: PDF function evaluator (`src/pdffunction.ts`),true,,,,
aspose-pdf-foss/Aspose.PDF-FOSS-for-TypeScript,doc_page,docs/superpowers/plans/2026-07-03-save-time-filter-encoders.md,NO_BUNDLE,546,546 lines; headings: Save-time Filter Encoders Implementation Plan | Global Constraints | Task 1: RunLength + ASCIIHex encoders | Task 2: ASCII85 encoder | Task 3: LZW encoder,true,,,,
aspose-pdf-foss/Aspose.PDF-FOSS-for-TypeScript,doc_page,docs/superpowers/plans/2026-07-03-search-driven-redaction.md,NO_BUNDLE,263,263 lines; headings: Search-driven Redaction (`RedactText`) Implementation Plan | Global Constraints | Task 1: `redactText` + `Page.RedactText` + `Document.RedactText` | Task 2: Public export + README docs + full-suite verification + close ,true,,,,
aspose-pdf-foss/Aspose.PDF-FOSS-for-TypeScript,doc_page,docs/superpowers/plans/2026-07-03-typed-freetext-popup-annotations.md,NO_BUNDLE,1058,1058 lines; headings: Typed FreeText + Popup Annotations Implementation Plan | Global Constraints | Task 1: `FreeTextAnnotation` handle + dispatch + read/setter tests | Task 2: `PopupAnnotation` handle + dispatch + read tests | Task 3: `wra,true,,,,
aspose-pdf-foss/Aspose.PDF-FOSS-for-TypeScript,doc_page,docs/superpowers/plans/2026-07-03-typed-polygon-polyline-ink-annotations.md,NO_BUNDLE,151,151 lines; headings: Typed Polygon / Polyline / Ink Annotations Implementation Plan | Global Constraints | Task 1: `PolyAnnotation` + `InkAnnotation` read model + dispatch + fixture | Task 2: `AddPolygon` / `AddPolyline` create API + appear,true,,,,
aspose-pdf-foss/Aspose.PDF-FOSS-for-TypeScript,doc_page,docs/superpowers/plans/2026-07-06-base14-glyph-outlines.md,NO_BUNDLE,462,462 lines; headings: Base-14 Glyph Outlines Implementation Plan | Global Constraints | Task 1: Font-data generator + generated data module | Task 2: Runtime loader (`src/std14fonts.ts`) | Task 3: Wire the substitute into the raster glyph pa,true,,,,
aspose-pdf-foss/Aspose.PDF-FOSS-for-TypeScript,doc_page,docs/superpowers/plans/2026-07-06-page-to-raster-3sh.2.1-interpreter-sink.md,NO_BUNDLE,815,815 lines; headings: 3sh.2.1 — Interpreter/Sink Refactor Implementation Plan | Global Constraints | Context: what exists today | File Structure | Task 1: Create `pagerender.ts` — interpreter + sink interface,false,,,,
aspose-pdf-foss/Aspose.PDF-FOSS-for-TypeScript,doc_page,docs/superpowers/plans/2026-07-06-save-streamfilter-reencode.md,NO_BUNDLE,673,673 lines; headings: Save({ streamFilter }) Re-encode Pass Implementation Plan | Global Constraints | Task 1: `applyStreamFilter` — replace mode (LZW / RunLength) + eligibility + name validation | Task 2: Armor mode (ASCII85 / ASCIIHex) wit,true,,,,
aspose-pdf-foss/Aspose.PDF-FOSS-for-TypeScript,doc_page,docs/superpowers/plans/2026-07-07-cades-commitment-signer-location.md,NO_BUNDLE,645,"645 lines; headings: CAdES commitment-type + signer-location signed attributes — Implementation Plan | Global Constraints | File Structure | Task 1: Types, OIDs, and the commitment-type attribute (build + parse) | Task 2: The signer-locatio",true,,,,
aspose-pdf-foss/Aspose.PDF-FOSS-for-TypeScript,doc_page,docs/superpowers/plans/2026-07-07-document-timestamp-pades-b-lta.md,NO_BUNDLE,857,857 lines; headings: Document timestamp (`/DocTimeStamp`) + PAdES-B-LTA Implementation Plan | Global Constraints | Task 1: Pure helpers in `signature.ts` — `byteRangeContent` + `buildDocTimeStampDict` | Task 2: Extract shared widget-attach ,true,,,,
aspose-pdf-foss/Aspose.PDF-FOSS-for-TypeScript,doc_page,docs/superpowers/plans/2026-07-07-jpeg-dctdecode.md,NO_BUNDLE,915,915 lines; headings: JPEG (DCTDecode) Baseline Decode Implementation Plan | Global Constraints | File Structure | Task 1: Baseline JPEG encoder (test fixture builder) | Task 2: Baseline JPEG decoder (`src/jpeg.ts`),false,,,,
aspose-pdf-foss/Aspose.PDF-FOSS-for-TypeScript,doc_page,docs/superpowers/plans/2026-07-07-partial-image-redaction.md,NO_BUNDLE,775,775 lines; headings: Partial Image Redaction Implementation Plan | Global Constraints | Task 1: Matrix inverse + image CTM on `ImageEvent` | Task 2: Pure image-redaction core (`imageredact.ts`) | Task 3: Wire re-encode + copy-on-write into ,true,,,,
aspose-pdf-foss/Aspose.PDF-FOSS-for-TypeScript,doc_page,docs/superpowers/plans/2026-07-07-pubsec-security-handler.md,NO_BUNDLE,1164,"1164 lines; headings: Public-key (PubSec) Security Handler Implementation Plan | Global Constraints | Task 1: CMS `EnvelopedData` encode/decode | Task 2: PubSec foundation helpers (`crypto.ts`, `encrypt.ts`) | Task 3: File-key derivation + ",false,,,,
aspose-pdf-foss/Aspose.PDF-FOSS-for-TypeScript,doc_page,docs/superpowers/plans/2026-07-08-jpeg-progressive-sof2.md,NO_BUNDLE,1088,1088 lines; headings: Progressive JPEG (SOF2) Decode Implementation Plan | Global Constraints | File Structure | Task 1: Refactor baseline to raw-coefficient store + dequant-at-reconstruct | Task 2: Extract one-time geometry setup + persist,false,,,,
aspose-pdf-foss/Aspose.PDF-FOSS-for-TypeScript,doc_page,docs/superpowers/plans/2026-07-08-partial-inline-image-redaction.md,NO_BUNDLE,616,616 lines; headings: Partial inline image redaction (BI…EI) Implementation Plan | Global Constraints | Task 1: `inlineImageToStream` — normalize an inline image to a full-key stream | Task 2: `reencodeRedactedInline` + wire the live `Redact,true,,,,
aspose-pdf-foss/Aspose.PDF-FOSS-for-TypeScript,doc_page,docs/superpowers/plans/2026-07-08-redact-preserve-colorspace.md,NO_BUNDLE,547,547 lines; headings: Preserve Colorspace/Bit-Depth in Partial Image Redaction — Implementation Plan | Global Constraints | Task 1: `blankSamples` — in-place sample zeroing (pure) | Task 2: `encodeSamplesXObject` — re-encode preserving color,true,,,,
aspose-pdf-foss/Aspose.PDF-FOSS-for-TypeScript,doc_page,docs/superpowers/plans/2026-07-09-bidi-unicode-phase2.md,NO_BUNDLE,807,807 lines; headings: Bidi + Unicode Data (Phase 2) Implementation Plan | Global Constraints | File Structure | Task 1: UCD generator + generated data module | Task 2: `paragraphLevel` (UAX #9 P2/P3),false,,,,
aspose-pdf-foss/Aspose.PDF-FOSS-for-TypeScript,doc_page,docs/superpowers/plans/2026-07-09-complex-text-shaping-phase1-otlayout.md,NO_BUNDLE,1843,"1843 lines; headings: Complex-text shaping Phase 1 — OpenType layout core (GSUB/GPOS/GDEF) Implementation Plan | Global Constraints | File Structure | Data model (defined in Task 1, referenced everywhere) | Task 1: OT byte reader + Coverage",false,,,,
aspose-pdf-foss/Aspose.PDF-FOSS-for-TypeScript,doc_page,docs/superpowers/plans/2026-07-09-complex-text-shaping-phase3-integration.md,NO_BUNDLE,1087,1087 lines; headings: Complex-text Shaping Phase 3 — Integration Implementation Plan | Global Constraints | Test Harness Conventions (use verbatim — do NOT invent factory APIs) | File Structure | Task 1: Data model + `shapeText` core (Latin,true,,,,
aspose-pdf-foss/Aspose.PDF-FOSS-for-TypeScript,doc_page,docs/superpowers/plans/2026-07-10-jpeg-arithmetic-dct.md,NO_BUNDLE,645,645 lines; headings: JPEG arithmetic-coded DCT decode (SOF9/SOF10) Implementation Plan | Reference & fidelity (READ FIRST) | Global Constraints | File Structure | Task 1: Extract shared scan traversal in `jpeg.ts`,false,,,,
aspose-pdf-foss/Aspose.PDF-FOSS-for-TypeScript,doc_page,docs/superpowers/plans/2026-07-10-uax14-line-breaking.md,NO_BUNDLE,728,728 lines; headings: UAX #14 Line-Breaking Implementation Plan | Global Constraints | Test Harness Conventions | File Structure | Task 1: Data layer — `LineBreak` property + `lineBreak()` accessor,false,,,,
aspose-pdf-foss/Aspose.PDF-FOSS-for-TypeScript,doc_page,docs/superpowers/plans/2026-07-13-cff-subsetting.md,NO_BUNDLE,869,869 lines; headings: CFF/Type2 Charstring Subsetting Implementation Plan | Global Constraints | File structure | Task 1: Export CFF primitives and add the program model parser | Task 2: The `buildRichCff` fixture and the charstring flattene,false,,,,
aspose-pdf-foss/Aspose.PDF-FOSS-for-TypeScript,doc_page,docs/superpowers/plans/2026-07-13-jpeg-differential-hierarchical.md,NO_BUNDLE,877,"877 lines; headings: JPEG differential + hierarchical decode (SOF5-7/13-15, DHP, EXP) Implementation Plan | Global Constraints | Task 1: Refactor `jpeg.ts` — `parseSof` + table parsers, `idct` differential mode, exports, new fields | Task 2",false,,,,
aspose-pdf-foss/Aspose.PDF-FOSS-for-TypeScript,doc_page,docs/superpowers/plans/2026-07-13-jpeg-lossless.md,NO_BUNDLE,893,"893 lines; headings: JPEG lossless decode (SOF3 / SOF11) Implementation Plan | Global Constraints | Task 1: Refactor `jpeg.ts` — export Huffman primitives, extract `combinePlanes`, add lossless fields | Task 2: Refactor `jpegarith.ts` — ext",false,,,,
aspose-pdf-foss/Aspose.PDF-FOSS-for-TypeScript,doc_page,docs/superpowers/plans/2026-07-14-jbig2-decode.md,NO_BUNDLE,1047,1047 lines; headings: JBIG2Decode image decode Implementation Plan | Global Constraints | Bitmap representation (shared across all modules) | Task 1: Arithmetic integer decoders (`jbig2arith.ts`) | Task 2: Segment-header parse + orchestrati,false,,,,
aspose-pdf-foss/Aspose.PDF-FOSS-for-TypeScript,doc_page,docs/superpowers/plans/2026-07-14-jpx-jpeg2000-decode.md,NO_BUNDLE,1606,1606 lines; headings: JPXDecode (JPEG 2000) decode Implementation Plan | Global Constraints | Task 1: MQ arithmetic decoder (`jpxmq.ts`) | Task 2: Fixture generation pipeline + first reference fixture | Task 3: Inverse discrete wavelet tran,false,,,,
aspose-pdf-foss/Aspose.PDF-FOSS-for-TypeScript,doc_page,docs/superpowers/plans/2026-07-14-woff-woff2-ingestion.md,NO_BUNDLE,1207,1207 lines; headings: WOFF / WOFF2 → sfnt Ingestion Implementation Plan | Global Constraints | File Structure | Task 1: WOFF (v1) end-to-end | Task 2: WOFF2 container — null transform,false,,,,
aspose-pdf-foss/Aspose.PDF-FOSS-for-TypeScript,doc_page,docs/superpowers/plans/2026-07-15-document-optimize.md,NO_BUNDLE,1887,1887 lines; headings: Document Optimization (`doc.Optimize`) Implementation Plan | Global Constraints | File Structure | Task 1: Export sfnt assembly helpers from `subset.ts` | Task 2: `fontshrink.ts` — glyf sparse blanking,true,,,,
aspose-pdf-foss/Aspose.PDF-FOSS-for-TypeScript,doc_page,docs/superpowers/plans/2026-07-15-image-optimization.md,NO_BUNDLE,1499,1499 lines; headings: Image Optimization (`doc.Optimize({ images })`) Implementation Plan | Global Constraints | File Structure | Task 1: `resample.ts` — pure box-filter downsample | Task 2: `imageusage.ts` — CTM-tracking scan for max effec,true,,,,
aspose-pdf-foss/Aspose.PDF-FOSS-for-TypeScript,doc_page,docs/superpowers/plans/2026-07-15-jpeg-encoder.md,NO_BUNDLE,1467,1467 lines; headings: Baseline JPEG Encoder Implementation Plan | Global Constraints | Reference Facts (verified against the tree — do not re-derive) | File Structure | Task 1: Transform and quantization (`jpegfdct.ts`),false,,,,
aspose-pdf-foss/Aspose.PDF-FOSS-for-TypeScript,doc_page,docs/superpowers/plans/2026-07-15-post-v3-downgrade.md,NO_BUNDLE,670,670 lines; headings: `post` 2.0 → 3.0 Downgrade Implementation Plan | Global Constraints | Task 1: `rewritePostV3` + `dropGlyphNames` on `shrinkGlyf` | Task 2: Veto set — only Type0-reachable programs lose their names | Task 3: Documentatio,false,,,,
aspose-pdf-foss/Aspose.PDF-FOSS-for-TypeScript,doc_page,docs/superpowers/plans/2026-07-15-simple-cff-subsetting.md,NO_BUNDLE,643,"643 lines; headings: Simple CFF Subsetting Implementation Plan (`4by`, remaining half) | A deliberate deviation, flagged | Global Constraints | Task 1: `src/cffstrings.ts` — the SID→name table | Task 2: `CffFont` reads — charset names and t",true,,,,
aspose-pdf-foss/Aspose.PDF-FOSS-for-TypeScript,doc_page,docs/superpowers/plans/2026-07-16-annotation-appearance-rendering.md,NO_BUNDLE,970,970 lines; headings: Annotation /AP Appearance Rendering Implementation Plan | Global Constraints | File Structure | Task 1: `src/annotappearance.ts` — read-only /AP resolution | Task 2: Refactor `src/flatten.ts` onto the shared module,true,,,,
aspose-pdf-foss/Aspose.PDF-FOSS-for-TypeScript,doc_page,docs/superpowers/plans/2026-07-16-barcode-generation.md,NO_BUNDLE,654,654 lines; headings: Barcode Generation Implementation Plan | Global Constraints | File Structure | Task 1: Module model + Code128 generator | Task 2: EAN-13 / UPC-A / EAN-8 generators,true,,,,
aspose-pdf-foss/Aspose.PDF-FOSS-for-TypeScript,doc_page,docs/superpowers/plans/2026-07-16-html-font-embedding.md,NO_BUNDLE,1126,"1126 lines; headings: PDF → HTML `@font-face` embedding Implementation Plan | Global Constraints | File structure | Task 1: `sfntwrite.ts` — cmap builder, sfnt assembler, table replacement | Task 2: `sfntwrite.ts` — `otfFromCff` (wrap bare ",false,,,,
aspose-pdf-foss/Aspose.PDF-FOSS-for-TypeScript,doc_page,docs/superpowers/plans/2026-07-16-pdf-to-html-fixed.md,NO_BUNDLE,526,"526 lines; headings: PDF → HTML export Phase 2 (fixed mode) Implementation Plan | Global Constraints | Task 1: `htmlfont.ts` — font mapping + class dedup | Task 2: Fixed mode end-to-end — `SvgSink` export, `htmlfixed.ts`, `html.ts` wiring |",true,,,,
aspose-pdf-foss/Aspose.PDF-FOSS-for-TypeScript,doc_page,docs/superpowers/plans/2026-07-16-pdf-to-html-semantic.md,NO_BUNDLE,1140,"1140 lines; headings: PDF → HTML export, Phase 1 (semantic mode) — Implementation Plan | Global Constraints | File Structure | Task 1: Lift `deviceGray` to `colorspace.ts` | Task 2: Lift the `imageHref` family into `src/imagehref.ts`",true,,,,
aspose-pdf-foss/Aspose.PDF-FOSS-for-TypeScript,doc_page,docs/superpowers/plans/2026-07-17-jpeg-cmyk-fixture.md,NO_BUNDLE,573,"573 lines; headings: CMYK / Adobe APP14 JPEG Fixture Implementation Plan | Global Constraints | Task 1: Author the source and generate the two fixtures | Task 2: Add the tests, and prove they are load-bearing | Task 3: Document provenance a",false,,,,
aspose-pdf-foss/Aspose.PDF-FOSS-for-TypeScript,doc_page,docs/superpowers/plans/2026-07-17-jpeg-real-fixtures.md,NO_BUNDLE,622,"622 lines; headings: Real-World JPEG Regression Fixtures Implementation Plan | Global Constraints | Task 1: Vendor the fixtures, licence, and provenance | Task 2: `readPnm` helper | Task 3: Baseline real-bytes tests",false,,,,
aspose-pdf-foss/Aspose.PDF-FOSS-for-TypeScript,doc_page,docs/superpowers/plans/2026-07-17-page-decoration-api.md,NO_BUNDLE,2110,2110 lines; headings: Page Decoration API Implementation Plan | Global Constraints | Task 1: Page range grammar (`pagerange.ts`) | Task 2: Token resolution (`decorate.ts`) | Task 3: Visual frame and preset anchors,true,,,,
aspose-pdf-foss/Aspose.PDF-FOSS-for-TypeScript,doc_page,docs/superpowers/plans/2026-07-17-vector-path-extraction.md,NO_BUNDLE,857,"857 lines; headings: Vector/Path Content Extraction Implementation Plan | Global Constraints | Task 1: Module scaffold — geometry, CTM, device colors, emission | Task 2: Colorspace resolution (cs/CS, sc/scn, Separation/ICC/Indexed/Pattern) ",true,,,,
aspose-pdf-foss/Aspose.PDF-FOSS-for-TypeScript,doc_page,docs/superpowers/plans/2026-07-20-fdf-xfdf-form-data.md,NO_BUNDLE,1761,1761 lines; headings: FDF / XFDF Form-Data Import & Export Implementation Plan | Global Constraints | File Structure | Existing code this plan relies on | Task 1: Minimal XML reader and writer,true,,,,
aspose-pdf-foss/Aspose.PDF-FOSS-for-TypeScript,doc_page,docs/superpowers/plans/2026-07-20-jpx-multilayer-fixture.md,NO_BUNDLE,909,909 lines; headings: JPX Multi-Layer Quality-Layer Fixture Implementation Plan | Global Constraints | Task 1: Packet-header bit writer and tag-tree encoder | Task 2: The re-layering transcoder | Task 3: Generate the fixtures and assert the ,false,,,,
aspose-pdf-foss/Aspose.PDF-FOSS-for-TypeScript,doc_page,docs/superpowers/plans/2026-07-20-woff2-real-fixture.md,NO_BUNDLE,723,723 lines; headings: Real-world WOFF2 Regression Fixture Implementation Plan | Global Constraints | TDD adaptation — read before Task 1 | File Structure | Relevant existing API,true,,,,
aspose-pdf-foss/Aspose.PDF-FOSS-for-TypeScript,doc_page,docs/superpowers/plans/2026-07-20-xfdf-annotation-roundtrip.md,NO_BUNDLE,2620,"2620 lines; headings: XFDF / FDF Annotation Round-Trip Implementation Plan | Global Constraints | Spec Refinement (decided while planning, supersedes the spec on one point) | File Structure | Task 1: Extract appearance generation and drive ",true,,,,
aspose-pdf-foss/Aspose.PDF-FOSS-for-TypeScript,doc_page,docs/superpowers/plans/2026-07-21-isolated-group-blend.md,NO_BUNDLE,487,487 lines; headings: Isolated Group Inner-Blend Buffering Implementation Plan | Global Constraints | Task 1: Buffer isolated groups whose contents blend | Task 2: Assert the SVG markup and register the golden fixture | Task 3: Correct the p,true,,,,
aspose-pdf-foss/Aspose.PDF-FOSS-for-TypeScript,doc_page,docs/superpowers/plans/2026-07-21-non-isolated-group-backdrop-removal.md,NO_BUNDLE,759,759 lines; headings: Non-Isolated Transparency Group Backdrop Removal — Implementation Plan | Global Constraints | Reference values | Task 1: Buffer non-isolated groups (fixes the double-darkening bug) | Task 2: Backdrop seeding and §11.4.6,true,,,,
aspose-pdf-foss/Aspose.PDF-FOSS-for-TypeScript,doc_page,docs/superpowers/plans/2026-07-21-pdfx-validation-conversion.md,NO_BUNDLE,2217,2217 lines; headings: PDF/X Validation + Conversion Implementation Plan | Global Constraints | File Structure | Task 1: Hoist shared scan machinery into `validatectx.ts` | Task 2: XMP `pdfxid` support,false,,,,
aspose-pdf-foss/Aspose.PDF-FOSS-for-TypeScript,doc_page,docs/superpowers/plans/2026-07-21-render-transparency.md,NO_BUNDLE,1743,1743 lines; headings: Render Transparency Implementation Plan | Global Constraints | File Structure | Task 1: `Paint` coverage bundle and blend-mode plumbing (pure refactor) | Task 2: The `gs` operator and constant alpha (`ca` / `CA`),true,,,,
aspose-pdf-foss/Aspose.PDF-FOSS-for-TypeScript,doc_page,docs/superpowers/plans/2026-07-21-svg-clip-isolation.md,NO_BUNDLE,608,608 lines; headings: ToSvg Clip Isolation Implementation Plan | Global Constraints | File Structure | Task 1: Register the failing golden fixture and record the divergence | Task 2: Clips become leaf attributes,true,,,,
aspose-pdf-foss/Aspose.PDF-FOSS-for-TypeScript,doc_page,docs/superpowers/plans/2026-07-21-svg-golden-verification.md,NO_BUNDLE,1004,1004 lines; headings: SVG Transparency Golden Verification Implementation Plan | Global Constraints | Two Spec Deviations Found During Planning | File Structure | Task 1: Decode foreign PNGs,true,,,,
aspose-pdf-foss/Aspose.PDF-FOSS-for-TypeScript,doc_page,docs/superpowers/plans/2026-07-22-knockout-transparency-groups.md,NO_BUNDLE,652,"652 lines; headings: Knockout Transparency Groups Implementation Plan | Global Constraints | Task 1: Isolated knockout groups end-to-end | Task 2: Non-isolated knockout groups | Task 3: Mutation verification, documentation, and close",true,,,,
aspose-pdf-foss/Aspose.PDF-FOSS-for-TypeScript,doc_page,docs/superpowers/plans/2026-07-22-pubsec-envelope-breadth.md,NO_BUNDLE,814,814 lines; headings: PubSec Envelope Breadth Implementation Plan | Global Constraints | File Structure | Phase A — RSAES-OAEP key transport | Task A1: OAEP OIDs + `buildEnvelopedData` write/read for RSA-OAEP,false,,,,
aspose-pdf-foss/Aspose.PDF-FOSS-for-TypeScript,doc_page,docs/superpowers/plans/2026-07-22-table-core-model.md,NO_BUNDLE,437,"437 lines; headings: Table Core Model + Cell/Row Builders + Measurement — Implementation Plan | Global Constraints | Task 1: Builders, types, and validation | Task 2: Natural-height measurement | Task 3: Whole-suite + typecheck gate",true,,,,
aspose-pdf-foss/Aspose.PDF-FOSS-for-TypeScript,doc_page,docs/superpowers/plans/2026-07-23-flow-layout-container.md,NO_BUNDLE,994,994 lines; headings: Flow Layout Container Implementation Plan | Global Constraints | File Structure | Task 1: `PageFormat` class | Task 2: `flowTextBlock` helper in stamp.ts,true,,,,
aspose-pdf-foss/Aspose.PDF-FOSS-for-TypeScript,doc_page,docs/superpowers/plans/2026-07-23-table-addtable-rendering.md,NO_BUNDLE,453,"453 lines; headings: page.AddTable Rendering Implementation Plan | Global Constraints | Task 1: `resolveCellStyle` — export the style cascade with color | Task 2: `drawTable` + `page.AddTable` + blank-page helper | Task 3: README, whole-sui",true,,,,
aspose-pdf-foss/Aspose.PDF-FOSS-for-TypeScript,doc_page,docs/superpowers/plans/2026-07-23-table-column-widths-colspan.md,NO_BUNDLE,486,"486 lines; headings: Column Widths + Colspan Implementation Plan | Global Constraints | Task 1: Column-width specs, `setColumnWidths`, and `colSpan` | Task 2: `resolveColumnWidths` | Task 3: Colspan-aware `measure()`",true,,,,
aspose-pdf-foss/Aspose.PDF-FOSS-for-TypeScript,doc_page,docs/superpowers/plans/2026-07-23-table-image-in-cell.md,NO_BUNDLE,646,646 lines; headings: Table Image-in-Cell Implementation Plan | Global Constraints | Task 1: `drawBuiltImage` helper (refactor `addImage`) | Task 2: `CellImageOptions` + `CellBuilder.setImage` | Task 3: `measure` accounts for image height,true,,,,
aspose-pdf-foss/Aspose.PDF-FOSS-for-TypeScript,doc_page,docs/superpowers/plans/2026-07-23-table-multipage-overflow.md,NO_BUNDLE,735,735 lines; headings: Table Multi-page Overflow / Auto-pagination Implementation Plan | Global Constraints | Task 1: Continuation builder in `tableauthor.ts` | Task 2: Refactor `drawTable` into `placeRows`/`paintPlaced`; add `AddTableResult`,true,,,,
aspose-pdf-foss/Aspose.PDF-FOSS-for-TypeScript,doc_page,docs/superpowers/plans/2026-07-23-table-repeating-header-rows.md,NO_BUNDLE,548,548 lines; headings: Table Repeating Header Rows Implementation Plan | Global Constraints | Task 1: `setRepeatingRowsCount` on `TableBuilder` (state + validation) | Task 2: `continuationFrom` embeds header rows (manual-mode remainder) | Tas,true,,,,
aspose-pdf-foss/Aspose.PDF-FOSS-for-TypeScript,doc_page,docs/superpowers/plans/2026-07-23-table-styles-borders.md,NO_BUNDLE,639,"639 lines; headings: Table Styles, Borders & Backgrounds Implementation Plan | Global Constraints | Task 1: Model — style types, three-level cascade, validation, row style, padding-from-style | Task 2: Renderer — background fills + alignmen",true,,,,
aspose-pdf-foss/Aspose.PDF-FOSS-for-TypeScript,doc_page,docs/superpowers/plans/2026-07-24-flow-floating-boxes.md,NO_BUNDLE,978,"978 lines; headings: Flow Floating Boxes (wrap-around) Implementation Plan | Global Constraints | Task 1: `drawBuiltImage` gains an optional `/Figure` tag | Task 2: `FloatingBox` model — construction, content, validation, measure | Task 3: ",true,,,,
aspose-pdf-foss/Aspose.PDF-FOSS-for-TypeScript,doc_page,docs/superpowers/plans/2026-07-24-flow-images.md,NO_BUNDLE,466,"466 lines; headings: Flow inline images Implementation Plan | Global Constraints | Task 1: `ImageElement` model + `makeImage` factory + options/validation (`flow.ts`) | Task 2: `Flow.AddImage` + integration, tagging & README (`flow.ts`) | S",true,,,,
aspose-pdf-foss/Aspose.PDF-FOSS-for-TypeScript,doc_page,docs/superpowers/plans/2026-07-24-flow-keep-with-next.md,NO_BUNDLE,620,620 lines; headings: Flow heading keep-with-next Implementation Plan | Global Constraints | Task 1: `measureTextBlock` — non-destructive layout measure (`stamp.ts`) | Task 2: `measure()` on flow text elements (`flow.ts`) | Task 3: Keep-with,true,,,,
aspose-pdf-foss/Aspose.PDF-FOSS-for-TypeScript,doc_page,docs/superpowers/plans/2026-07-24-flow-lists.md,NO_BUNDLE,825,"825 lines; headings: Flow Lists (bulleted / numbered) Implementation Plan | Global Constraints | Task 1: List options, validation, and element builder | Task 2: `ListItemElement` — marker + indented body + split continuation (untagged) | Ta",true,,,,
aspose-pdf-foss/Aspose.PDF-FOSS-for-TypeScript,doc_page,docs/superpowers/plans/2026-07-24-flow-nested-lists.md,NO_BUNDLE,623,"623 lines; headings: Flow nested lists Implementation Plan | Global Constraints | Task 1: Marker descriptors + vector rendering + flat-list migration (`flow.ts`) | Task 2: Nested lists — recursive builder, per-depth indent, nested tagging (",true,,,,
aspose-pdf-foss/Aspose.PDF-FOSS-for-TypeScript,doc_page,docs/superpowers/plans/2026-07-24-flow-paragraph-heading.md,NO_BUNDLE,725,"725 lines; headings: Flow Paragraph & Heading Elements Implementation Plan | Global Constraints | File structure | Task 1: Per-element spacing + `TextElement` generalization + engine gap refactor | Task 2: `flow.AddHeading(level, text, opti",true,,,,
aspose-pdf-foss/Aspose.PDF-FOSS-for-TypeScript,doc_page,docs/superpowers/plans/2026-07-24-flow-per-item-list-styling.md,NO_BUNDLE,407,"407 lines; headings: Flow per-item list styling Implementation Plan | Global Constraints | Task 1: Per-item text/marker style (`flow.ts`) | Task 2: Per-item indent + spacing (`flow.ts`), README, verification | Self-Review",true,,,,
aspose-pdf-foss/Aspose.PDF-FOSS-for-TypeScript,doc_page,docs/superpowers/plans/2026-07-25-flow-clear-and-carry.md,NO_BUNDLE,798,798 lines; headings: Flow float clearing and deferred-float carry Implementation Plan | Global Constraints | File Structure | Shared Test Geometry | Task 1: `clearTo` geometry,true,,,,
aspose-pdf-foss/Aspose.PDF-FOSS-for-TypeScript,doc_page,docs/superpowers/plans/2026-07-25-flow-multi-float.md,NO_BUNDLE,886,886 lines; headings: Flow multi-float layout Implementation Plan | Global Constraints | File Structure | Shared Test Geometry | Task 1: Pure float geometry module,true,,,,
aspose-pdf-foss/Aspose.PDF-FOSS-for-TypeScript,doc_page,docs/superpowers/plans/2026-07-27-checkbox-radio-creation.md,NO_BUNDLE,975,975 lines; headings: Checkbox and Radio-Group Creation Implementation Plan | Global Constraints | Facts you will need | Task 1: Extract `buildButtonAP` from the appearance generator | Task 2: Checkbox creation,true,,,,
aspose-pdf-foss/Aspose.PDF-FOSS-for-TypeScript,doc_page,docs/superpowers/plans/2026-07-27-choice-field-creation.md,NO_BUNDLE,1019,1019 lines; headings: Combo Box and List Box Creation Implementation Plan | Global Constraints | Facts you will need | Task 1: Parse `/Opt` into export/display pairs and fix both renderers | Task 2: Combo box and list box creation,true,,,,
aspose-pdf-foss/Aspose.PDF-FOSS-for-TypeScript,doc_page,docs/superpowers/plans/2026-07-27-field-styling.md,NO_BUNDLE,1496,1496 lines; headings: Form Field Styling Implementation Plan | Global Constraints | File Structure | Task 1: The style vocabulary | Task 2: Render all five border styles,true,,,,
aspose-pdf-foss/Aspose.PDF-FOSS-for-TypeScript,doc_page,docs/superpowers/plans/2026-07-27-form-field-creation.md,NO_BUNDLE,1400,1400 lines; headings: AcroForm Field Creation Infrastructure Implementation Plan | Global Constraints | Task 1: Split the field model into `formfield.ts` with typed subclasses | Task 2: AcroForm bootstrap and `/DR` font registration | Task ,true,,,,
aspose-pdf-foss/Aspose.PDF-FOSS-for-TypeScript,doc_page,docs/superpowers/plans/2026-07-27-push-button-creation.md,NO_BUNDLE,1562,1562 lines; headings: Push Button Creation Implementation Plan | Global Constraints | Facts you will need | Task 1: `src/actions.ts` — the shared action model | Task 2: Rewire `annotation.ts` onto `actions.ts`,true,,,,
aspose-pdf-foss/Aspose.PDF-FOSS-for-TypeScript,doc_page,docs/superpowers/plans/2026-07-27-text-field-flags.md,NO_BUNDLE,1016,1016 lines; headings: Text-Field Flags Implementation Plan | Global Constraints | Facts you will need | Task 1: One shared `/Ff` constants module | Task 2: Password masking in the appearance generator,true,,,,
aspose-pdf-foss/Aspose.PDF-FOSS-for-TypeScript,doc_page,docs/superpowers/plans/2026-07-27-toc-page-generation.md,NO_BUNDLE,1183,1183 lines; headings: TOC page generation (`page.AddTOC`) Implementation Plan | Global Constraints | File Structure | Gotcha you must know before writing tests | Task 1: `wrapLines` in stamp.ts,true,,,,
aspose-pdf-foss/Aspose.PDF-FOSS-for-TypeScript,doc_page,docs/superpowers/plans/2026-07-28-booklet-imposition.md,NO_BUNDLE,817,817 lines; headings: Booklet (saddle-stitch) imposition (`doc.Booklet`) Implementation Plan | Global Constraints | File Structure | Things you must know before starting | Task 1: `bookletSides` — padding and the ordering permutation,true,,,,
aspose-pdf-foss/Aspose.PDF-FOSS-for-TypeScript,doc_page,docs/superpowers/plans/2026-07-28-booklet-signatures.md,NO_BUNDLE,515,"515 lines; headings: Booklet `sheetsPerSignature` Implementation Plan | Global Constraints | Task 1: Signature chunking in the pure model | Task 2: `sheetsPerSignature` on `Document.Booklet` | Task 3: Prove the assertions load-bearing, then",true,,,,
aspose-pdf-foss/Aspose.PDF-FOSS-for-TypeScript,doc_page,docs/superpowers/plans/2026-07-28-svg-embedding.md,NO_BUNDLE,2484,2484 lines; headings: SVG-object embedding (`page.AddSVGObject`) Implementation Plan | Global Constraints | File Structure | Things you must know before starting | Task 1: `svgpath.ts` — the `d` grammar and arc conversion,false,,,,
aspose-pdf-foss/Aspose.PDF-FOSS-for-TypeScript,doc_page,docs/superpowers/plans/2026-07-28-text-decoration.md,NO_BUNDLE,1714,1714 lines; headings: Text Decoration Implementation Plan | Global Constraints | Task 1: Font vertical metrics | Task 2: Decoration resolution and rect emission | Task 3: Wire the single-line path in `stamp.ts`,true,,,,
aspose-pdf-foss/Aspose.PDF-FOSS-for-TypeScript,doc_page,docs/superpowers/plans/2026-07-28-toc-structure-tagging.md,NO_BUNDLE,954,954 lines; headings: TOC structure tagging (`/TOC` + `/TOCI`) Implementation Plan | Global Constraints | Task 1: `artifact` marked content in the stamping layer | Task 2: `TocTagger` — the structure subtree and level stack | Task 3: `tagged,true,,,,
aspose-pdf-foss/Aspose.PDF-FOSS-for-TypeScript,doc_page,docs/superpowers/plans/2026-07-29-svg-css.md,NO_BUNDLE,1510,"1510 lines; headings: SVG CSS `<style>` selector support Implementation Plan | Global Constraints | File Structure | Task 1: Stylesheet parsing — comments, at-rules, rules, declarations | Task 2: Selector parsing and specificity",true,,,,
aspose-pdf-foss/Aspose.PDF-FOSS-for-TypeScript,doc_page,docs/superpowers/plans/2026-07-29-svg-gradients.md,NO_BUNDLE,2495,2495 lines; headings: SVG gradients → PDF shadings Implementation Plan | Global Constraints | Deviations from the design doc | File structure | Task 1: `segsBBox` — the tight bounding box of a normalized path,true,,,,
aspose-pdf-foss/Aspose.PDF-FOSS-for-TypeScript,doc_page,docs/superpowers/plans/2026-07-29-svg-pattern.md,NO_BUNDLE,1533,"1533 lines; headings: SVG `<pattern>` embedding Implementation Plan | Global Constraints | File Structure | Task 1: Fix `canon`'s missing `ref` case | Task 2: Build resources inside the walker, per emitter",true,,,,
aspose-pdf-foss/Aspose.PDF-FOSS-for-TypeScript,doc_page,docs/superpowers/plans/2026-07-29-svg-real-fixture.md,NO_BUNDLE,772,"772 lines; headings: Real-world SVG input fixtures Implementation Plan | Global Constraints | The failure protocol (from the spec — read before starting) | File Structure | Task 1: The showcase source, and that we parse it at all",true,,,,
aspose-pdf-foss/Aspose.PDF-FOSS-for-TypeScript,doc_page,docs/superpowers/plans/2026-07-29-svg-text.md,NO_BUNDLE,2341,2341 lines; headings: SVG text (`<text>` / `<tspan>`) Implementation Plan | Global Constraints | File Structure | Task 1: Mixed-content ordering in `xml.ts` | Task 2: `xHeight` in the vertical metrics,true,,,,
aspose-pdf-foss/Aspose.PDF-FOSS-for-TypeScript,doc_page,docs/superpowers/plans/2026-07-30-axial-gradient-fill.md,NO_BUNDLE,1219,"1219 lines; headings: Axial Gradient Fills Implementation Plan | Global Constraints | Task 1: Extract the shared stop core into `src/gradient.ts` | Task 2: Public gradient types, validation, and shading builders | Task 3: `registerShadingPa",true,,,,
aspose-pdf-foss/Aspose.PDF-FOSS-for-TypeScript,doc_page,docs/superpowers/plans/2026-07-30-svg-gradient-alpha.md,NO_BUNDLE,1332,1332 lines; headings: SVG gradient per-stop alpha (luminosity `/SMask`) Implementation Plan | Global Constraints | File Structure | Task 1: Project a stop onto an arbitrary colour vector | Task 2: Build the grayscale alpha twin,true,,,,
aspose-pdf-foss/Aspose.PDF-FOSS-for-TypeScript,doc_page,docs/superpowers/plans/2026-07-30-svg-image-embedding.md,NO_BUNDLE,1206,1206 lines; headings: SVG `<image>` embedding Implementation Plan | Global Constraints | Task 1: Extract `fitBox` from `placementMatrix` | Task 2: `svgimage.ts` — decode a `data:` URI to an Image XObject | Task 3: `svgimage.ts` — the placem,true,,,,
aspose-pdf-foss/Aspose.PDF-FOSS-for-TypeScript,doc_page,docs/superpowers/plans/2026-07-30-svg-markers.md,NO_BUNDLE,1625,1625 lines; headings: SVG Markers Implementation Plan (phase 2 of 5) | Global Constraints | File Structure | Task 1: Extract the y-down viewBox fit | Task 2: `markerVertices` — vertices and tangent angles,true,,,,
aspose-pdf-foss/Aspose.PDF-FOSS-for-TypeScript,doc_page,docs/superpowers/plans/2026-07-30-svg-mask.md,NO_BUNDLE,1644,1644 lines; headings: SVG `<mask>` Implementation Plan (phase 1 of 5) | Global Constraints | File Structure | Task 1: Extract the shared length resolver | Task 2: `subtreeBBox` — an element's bounding box,true,,,,
aspose-pdf-foss/Aspose.PDF-FOSS-for-TypeScript,doc_page,docs/superpowers/plans/2026-07-30-svg-radial-spread.md,NO_BUNDLE,642,642 lines; headings: SVG radial `reflect` / `repeat` spread Implementation Plan | Global Constraints | File Structure | Task 1: Extract `gradientSpaceCorners` | Task 2: `radialSpreadRange`,true,,,,
aspose-pdf-foss/Aspose.PDF-FOSS-for-TypeScript,doc_page,docs/superpowers/plans/2026-07-31-svg-filter-core.md,NO_BUNDLE,3309,"3309 lines; headings: SVG `<filter>` — graph, raster seam and core kernels (phase 3 of 5) | Global Constraints | Invariants this phase introduces | Scope: what this phase deliberately does not do | File Structure",true,,,,
aspose-pdf-foss/Aspose.PDF-FOSS-for-TypeScript,doc_page,docs/superpowers/plans/2026-07-31-svg-filter-fast-paths.md,NO_BUNDLE,1188,1188 lines; headings: SVG `<filter>` Vector Fast Paths Implementation Plan | Global Constraints | File Structure | Background an implementer needs | Task 1: Keep the existing raster coverage on the raster path,true,,,,
aspose-pdf-foss/Aspose.PDF-FOSS-for-TypeScript,doc_page,docs/superpowers/plans/2026-07-31-svg-filter-kernels.md,NO_BUNDLE,2321,"2321 lines; headings: SVG `<filter>` — convolve, displacement, feImage, turbulence, lighting (phase 4 of 5) | Global Constraints | Invariants carried forward from phase 3 | Measured constraints on the goldens — do not re-litigate these | Fi",true,,,,
aspose-pdf-foss/Aspose.PDF-FOSS-for-TypeScript,doc_page,docs/superpowers/plans/2026-07-31-svg-filter-paint-inputs.md,NO_BUNDLE,677,677 lines; headings: SVG `<filter>` FillPaint / StrokePaint Inputs Implementation Plan | Global Constraints | File Structure | Why the first task is not split | Background an implementer needs,true,,,,
aspose-pdf-foss/Aspose.PDF-FOSS-for-TypeScript,doc_page,docs/superpowers/plans/2026-08-03-flow-list-marker-decoration.md,NO_BUNDLE,722,722 lines; headings: Flow List Marker Decoration Implementation Plan | Global Constraints | File Structure | Geometry Reference (used by every test) | Task 1: List options carry decoration to the item body,true,,,,
aspose-pdf-foss/Aspose.PDF-FOSS-for-TypeScript,doc_page,docs/superpowers/plans/2026-08-03-svg-group-opacity.md,NO_BUNDLE,972,972 lines; headings: SVG Group Opacity Implementation Plan | Global Constraints | Task 1: Stop `<text>` re-resolving its own style | Task 2: Unfold group opacity in the cascade | Task 3: Emit the transparency group,true,,,,
aspose-pdf-foss/Aspose.PDF-FOSS-for-TypeScript,doc_page,docs/superpowers/plans/2026-08-03-svg-image-href-resolver.md,NO_BUNDLE,553,553 lines; headings: SVG `<image>` href Resolver Implementation Plan | Global Constraints | File Structure | Task 1: `decodeImage` accepts a resolver | Task 2: Thread `resolveImage` to `<image>` through AddSVGObject,true,,,,
aspose-pdf-foss/Aspose.PDF-FOSS-for-TypeScript,doc_page,docs/superpowers/plans/2026-08-03-svg-nested-image-payload.md,NO_BUNDLE,725,725 lines; headings: Nested SVG `<image>` Payload Implementation Plan | Global Constraints | File Structure | Geometry Reference (used by the integration tests) | Task 1: `decodePayload` discriminates raster from SVG,true,,,,
aspose-pdf-foss/Aspose.PDF-FOSS-for-TypeScript,doc_page,docs/superpowers/plans/2026-08-03-svg-textpath-stretch.md,NO_BUNDLE,1414,"1414 lines; headings: SVG textPath method=""stretch"" Implementation Plan | Global Constraints | Task 1: Move the two flatteners into shared modules | Task 2: `glyphPolys` — one call for glyf and CFF | Task 3: `faceOutline` — characters to ou",true,,,,
aspose-pdf-foss/Aspose.PDF-FOSS-for-TypeScript,doc_page,docs/superpowers/plans/2026-08-03-svg-textpath.md,NO_BUNDLE,1240,1240 lines; headings: SVG textPath Implementation Plan | Global Constraints | Task 1: Rotation-aware text decoration | Task 2: `svgtextpath.ts` — arc-length metrics | Task 3: `mapGlyphsToPath`,true,,,,
aspose-pdf-foss/Aspose.PDF-FOSS-for-TypeScript,doc_page,docs/superpowers/plans/2026-08-04-dr-resource-pruning.md,NO_BUNDLE,1170,"1170 lines; headings: /DR Resource Pruning Implementation Plan | Global Constraints | File Structure | Task 1: The reference collector | Task 2: Fixture builder, and the prune driven by /DA",true,,,,
aspose-pdf-foss/Aspose.PDF-FOSS-for-TypeScript,doc_page,docs/superpowers/plans/2026-08-04-flatten-struct-retag.md,NO_BUNDLE,718,718 lines; headings: Flatten struct-tree retag Implementation Plan | Global Constraints | File Structure | Task 1: Close the leak — untag every annotation that leaves /Annots | Task 2: Re-point the OBJR at the baked marked content,true,,,,
aspose-pdf-foss/Aspose.PDF-FOSS-for-TypeScript,doc_page,docs/superpowers/plans/2026-08-04-form-field-removal.md,NO_BUNDLE,665,665 lines; headings: Form Field Removal Implementation Plan | Global Constraints | File Structure | Shared test preamble | Task 1: Core removal of a merged field/widget,true,,,,
aspose-pdf-foss/Aspose.PDF-FOSS-for-TypeScript,doc_page,docs/superpowers/plans/2026-08-04-stroke-gradient.md,NO_BUNDLE,1002,1002 lines; headings: Gradient stroke paint — implementation plan | Global Constraints | File Structure | Task 1: Channel-scoped `/ExtGState` alpha | Task 2: `setStrokeGradient` over a shared core,true,,,,
aspose-pdf-foss/Aspose.PDF-FOSS-for-TypeScript,doc_page,docs/superpowers/plans/2026-08-05-caret-annotation.md,NO_BUNDLE,736,736 lines; headings: Caret Annotation Implementation Plan | Global Constraints | File Structure | Task 1: Consolidate the `/T` accessor | Task 2: `caretBody`,true,,,,
aspose-pdf-foss/Aspose.PDF-FOSS-for-TypeScript,doc_page,docs/superpowers/plans/2026-08-05-redact-annotation.md,NO_BUNDLE,1611,1611 lines; headings: Redact Annotation Implementation Plan | Global Constraints | File Structure | Task 1: Shared accessors and the `RedactAnnotation` read model | Task 2: The pending-mark outline body,true,,,,
aspose-pdf-foss/Aspose.PDF-FOSS-for-TypeScript,doc_page,docs/superpowers/plans/2026-08-05-redact-annotations.md,NO_BUNDLE,719,"719 lines; headings: Redaction Removes Covered Annotations Implementation Plan | Global Constraints | File Structure | Task 1: The sweep, for non-widget annotations | Task 2: A covered widget takes its whole field",true,,,,
aspose-pdf-foss/Aspose.PDF-FOSS-for-TypeScript,doc_page,docs/superpowers/plans/2026-08-05-redact-overlay-tagging.md,NO_BUNDLE,547,547 lines; headings: Redaction Overlay Tagging Implementation Plan | Global Constraints | File Structure | Task 1: `PageGraphics.BeginArtifact()` | Task 2: The marker box is an artifact in a tagged document,true,,,,
aspose-pdf-foss/Aspose.PDF-FOSS-for-TypeScript,doc_page,docs/superpowers/plans/2026-08-05-tagged-table-authoring.md,NO_BUNDLE,1301,"1301 lines; headings: Tagged Table Authoring Implementation Plan | Global Constraints | Task 1: `header` on `CellOptions` | Task 2: `alt` / `artifact` on cell images, and an artifact path for `drawBuiltImage` | Task 3: `src/tabletag.ts` — t",true,,,,
aspose-pdf-foss/Aspose.PDF-FOSS-for-TypeScript,doc_page,docs/superpowers/plans/2026-08-05-untagged-vector-content.md,NO_BUNDLE,709,"709 lines; headings: Untagged Vector Content Implementation Plan | Global Constraints | File Structure | Task 1: `PathEvent` carries its marking, and the rule reads it | Task 2: The shared marking helper, and `AddBarcode`",true,,,,
aspose-pdf-foss/Aspose.PDF-FOSS-for-TypeScript,doc_page,docs/superpowers/plans/2026-08-06-feature-showcase-example.md,NO_BUNDLE,3079,"3079 lines; headings: Feature Showcase Example Implementation Plan | Global Constraints | Task 1: Scaffolding, runner, and assets | Task 2: theme.ts — shared vocabulary | Task 3: main.ts — document scaffolding, labels, metadata, save",false,,,,
aspose-pdf-foss/Aspose.PDF-FOSS-for-TypeScript,doc_page,docs/superpowers/plans/2026-08-07-showcase-ts-only-sections.md,NO_BUNDLE,1767,1767 lines; headings: Feature Showcase — TypeScript-only sections — Implementation Plan | Global Constraints | File Structure | Task 1: Extract the card grid into `theme.ts` | Task 2: Barcodes & QR Codes,true,,,,
aspose-pdf-foss/Aspose.PDF-FOSS-for-TypeScript,doc_page,docs/superpowers/plans/2026-08-07-xref-recovery.md,NO_BUNDLE,1221,1221 lines; headings: Cross-reference recovery Implementation Plan | Global Constraints | Task 1: The sweep — `src/recover.ts` | Task 2: Damage helpers — `test/helpers/damage-pdf.ts` | Task 3: Recursion guard in `parseEntry`,true,,,,
aspose-pdf-foss/Aspose.PDF-FOSS-for-TypeScript,doc_page,docs/superpowers/plans/2026-08-10-objstm-degradation.md,NO_BUNDLE,1215,1215 lines; headings: Degrading a corrupt /ObjStm Implementation Plan | Global Constraints | File Structure | Task 1: Partial inflate in the filter pipeline | Task 2: `decodeObjStm` degrades per object,true,,,,
aspose-pdf-foss/Aspose.PDF-FOSS-for-TypeScript,doc_page,docs/superpowers/plans/2026-08-10-trailer-rebuild.md,NO_BUNDLE,1444,1444 lines; headings: Trailer Rebuild (dxfk.2) Implementation Plan | Global Constraints | Vocabulary you will need | File Structure | Task 1: `expandObjectStreams`,true,,,,
aspose-pdf-foss/Aspose.PDF-FOSS-for-TypeScript,doc_page,docs/superpowers/plans/2026-08-11-commonmark-parser.md,NO_BUNDLE,1856,1856 lines; headings: CommonMark Parser Implementation Plan | Global Constraints | File Structure | Task 1: Vendor the spec suite and its loader | Task 2: The node model,true,,,,
aspose-pdf-foss/Aspose.PDF-FOSS-for-TypeScript,doc_page,docs/superpowers/plans/2026-08-11-embedded-program-widths.md,NO_BUNDLE,1252,1252 lines; headings: Embedded-Program Glyph Widths Implementation Plan | Global Constraints | File Structure | Task 1: Expose the CFF charstring width | Task 2: `src/glyphprogram.ts`,false,,,,
aspose-pdf-foss/Aspose.PDF-FOSS-for-TypeScript,doc_page,docs/superpowers/plans/2026-08-11-type1-fontfile.md,NO_BUNDLE,2259,"2259 lines; headings: Type 1 `/FontFile` Implementation Plan | Global Constraints | File Structure | Two refinements to the spec, found while planning | Task 1: Annex D code→glyph-name tables",false,,,,
aspose-pdf-foss/Aspose.PDF-FOSS-for-TypeScript,doc_page,docs/superpowers/plans/2026-08-11-type4-function.md,NO_BUNDLE,1018,"1018 lines; headings: Type 4 PostScript Calculator Functions Implementation Plan | Global Constraints | File Structure | Task 1: The interpreter | Task 2: Dispatch, `/Range` clamping and the memo",false,,,,
aspose-pdf-foss/Aspose.PDF-FOSS-for-TypeScript,doc_page,docs/superpowers/plans/2026-08-12-gfm-extensions.md,NO_BUNDLE,2137,2137 lines; headings: GFM Extensions Implementation Plan | Global Constraints | Task 1: Vendor the GFM spec and load its extension examples | Task 2: `MarkdownOptions` plumbing and strikethrough | Task 3: Task list items,true,,,,
aspose-pdf-foss/Aspose.PDF-FOSS-for-TypeScript,doc_page,docs/superpowers/plans/2026-08-12-markdown-flow-blocks.md,NO_BUNDLE,4473,4473 lines; headings: Markdown-to-Flow Blocks Implementation Plan | Global Constraints | Phase 1 — the Flow block vocabulary (Tasks 1-10) | Task 1: Extend the byte-identity fence to lists | Task 2: Extract `flowelement.ts`,true,,,,
aspose-pdf-foss/Aspose.PDF-FOSS-for-TypeScript,doc_page,docs/superpowers/plans/2026-08-12-rich-text-runs.md,NO_BUNDLE,1553,1553 lines; headings: Rich Inline Runs Implementation Plan | Global Constraints | Task 1: Capture the byte-identity corpus | Task 2: `TextRun` in textdecor.ts | Task 3: `layoutRuns` — one wrapping engine,true,,,,
aspose-pdf-foss/Aspose.PDF-FOSS-for-TypeScript,doc_page,docs/superpowers/plans/2026-08-13-link-rect-trailing-space.md,NO_BUNDLE,403,"403 lines; headings: Link Rect Trailing Space Implementation Plan | Global Constraints | Measured baseline | Task 1: Trim the trailing space from a link rect | Task 2: Guard the two traps, and update the docs",true,,,,
aspose-pdf-foss/Aspose.PDF-FOSS-for-TypeScript,doc_page,docs/superpowers/plans/2026-08-13-markdown-lists-code-headings.md,NO_BUNDLE,1784,"1784 lines; headings: PDF→Markdown lists, code blocks and heading inference — Implementation Plan | Global Constraints | File Structure | Task 1: The marker grammar | Task 2: Code lines and page metrics",true,,,,
aspose-pdf-foss/Aspose.PDF-FOSS-for-TypeScript,doc_page,docs/superpowers/plans/2026-08-13-markdown-tables-links.md,NO_BUNDLE,2543,"2543 lines; headings: Markdown Tables and Links Implementation Plan | Global Constraints | Phase 1 — the link half (Tasks 1-6) | Task 1: `TextRun.link` — the vocabulary | Task 2: `segmentBoxes` — one segment walk, corrected for justificatio",true,,,,
aspose-pdf-foss/Aspose.PDF-FOSS-for-TypeScript,doc_page,docs/superpowers/plans/2026-08-13-pdf-to-markdown-export.md,NO_BUNDLE,1483,1483 lines; headings: PDF to Markdown Export Implementation Plan | Global Constraints | Task 1: The HTML byte-identity fence | Task 2: `docmodel.ts` — the neutral document model | Task 3: Rewrite `htmlsemantic.ts` as a serializer,true,,,,
aspose-pdf-foss/Aspose.PDF-FOSS-for-TypeScript,doc_page,docs/superpowers/plans/2026-08-13-per-line-leading.md,NO_BUNDLE,706,706 lines; headings: Per-line Leading Implementation Plan | Global Constraints | Measured baseline | Task 1: `layoutRuns` computes per-line heights | Task 2: Baselines and `usedHeight` follow the line heights,true,,,,
aspose-pdf-foss/Aspose.PDF-FOSS-for-TypeScript,doc_page,docs/superpowers/plans/2026-08-13-table-autofit-columns.md,NO_BUNDLE,625,625 lines; headings: Auto-fit Table Columns Implementation Plan | Global Constraints | Measured baseline | Task 1: Measure and distribute | Task 2: Wire it into Markdown,true,,,,
aspose-pdf-foss/Aspose.PDF-FOSS-for-TypeScript,doc_page,docs/superpowers/plans/2026-08-13-tagged-markdown-pdfua.md,NO_BUNDLE,1160,1160 lines; headings: Tagged Markdown for PDF/UA Implementation Plan | Global Constraints | Shared test helper | Phase 1 — the structure defects (Tasks 1-3) | Task 1: A code block tags its own text,true,,,,
aspose-pdf-foss/Aspose.PDF-FOSS-for-TypeScript,doc_page,docs/superpowers/plans/2026-08-14-docx-flow-mode.md,NO_BUNDLE,2272,2272 lines; headings: DOCX Flow Mode Implementation Plan | Global Constraints | File Structure | Task 1: `fontStyleOf` — one owner for weight and slant | Task 2: `TextFragment` carries `bold`/`italic`,true,,,,
aspose-pdf-foss/Aspose.PDF-FOSS-for-TypeScript,doc_page,docs/superpowers/plans/2026-08-14-ooxml-package-writer.md,NO_BUNDLE,1060,1060 lines; headings: OOXML Package Writer Implementation Plan | Global Constraints | File Structure | Task 1: CRC-32 gets one owner | Task 2: The test-only unzip helper,true,,,,
aspose-pdf-foss/Aspose.PDF-FOSS-for-TypeScript,doc_page,docs/superpowers/plans/2026-08-14-ruled-table-borders.md,NO_BUNDLE,1015,1015 lines; headings: Ruled Table Borders and Shading Implementation Plan | Global Constraints | File Structure | Task 1: `tableink.ts` — collect edges and fills | Task 2: `tableink.ts` — the two lookups,true,,,,
aspose-pdf-foss/Aspose.PDF-FOSS-for-TypeScript,doc_page,docs/superpowers/plans/2026-08-17-annotation-appearance-search.md,NO_BUNDLE,1008,"1008 lines; headings: Annotation Appearance-Text Search Implementation Plan | Global Constraints | File Structure | The Fixture, Once | Task 1: The walk, the search, and the public API",true,,,,
aspose-pdf-foss/Aspose.PDF-FOSS-for-TypeScript,doc_page,docs/superpowers/plans/2026-08-17-docx-textbox-mode.md,NO_BUNDLE,1643,1643 lines; headings: DOCX Textbox Mode Implementation Plan | Global Constraints | Task 1: `GlyphEvent.color` — fill-colour tracking in `text.ts` | Task 2: `docxgroup.ts` — the adaptive merge | Task 3: `docxflow.ts` vocabulary + the flow by,true,,,,
aspose-pdf-foss/Aspose.PDF-FOSS-for-TypeScript,doc_page,docs/superpowers/plans/2026-08-17-export-emphasis.md,NO_BUNDLE,950,950 lines; headings: Export Emphasis Implementation Plan | Global Constraints | File Structure | Task 1: `styledChildren` — the two structural rules | Task 2: `emphasizeMarkdown` — the delimiter spelling,true,,,,
aspose-pdf-foss/Aspose.PDF-FOSS-for-TypeScript,doc_page,docs/superpowers/plans/2026-08-17-whitespace-table-spans.md,NO_BUNDLE,895,895 lines; headings: Whitespace Table Spans Implementation Plan | Global Constraints | File Structure | Task 1: Extract `tablegrid.ts` | Task 2: Extract `tablestream.ts` and characterize it,true,,,,
aspose-pdf-foss/Aspose.PDF-FOSS-for-TypeScript,doc_page,docs/superpowers/plans/2026-08-18-epub-container-package.md,NO_BUNDLE,883,883 lines; headings: EPUB 3 container and package writer — Implementation Plan | Global Constraints | Task 1: XHTML-compatible markup in the shared serializer | Task 2: An injectable image sink on `semanticBody` | Task 3: `epub.ts` — the OC,true,,,,
aspose-pdf-foss/Aspose.PDF-FOSS-for-TypeScript,doc_page,docs/superpowers/plans/2026-08-18-html-form-controls.md,NO_BUNDLE,1259,"1259 lines; headings: HTML Form Controls Implementation Plan | Global Constraints | File Structure | Task 1: `Field.Widgets` | Task 2: `htmlforms.ts` — geometry, styling and the input-like fields",true,,,,
aspose-pdf-foss/Aspose.PDF-FOSS-for-TypeScript,doc_page,docs/superpowers/plans/2026-08-18-html-raster-backdrop.md,NO_BUNDLE,959,959 lines; headings: HTML Raster Backdrop Implementation Plan | Global Constraints | File Structure | Task 1: `renderPageGraphicsToPng` — the glyph-less render | Task 2: Split `HtmlSink.finish` into its two layers,true,,,,
aspose-pdf-foss/Aspose.PDF-FOSS-for-TypeScript,doc_page,docs/superpowers/plans/2026-08-19-jbig2-grrd-consumers.md,NO_BUNDLE,727,727 lines; headings: JBIG2 GRRD consumers — symbol-dict REFAGG and text-region SBREFINE — Implementation Plan | Global Constraints | Background: three things that will not be caught by a round trip | File Structure | Task 1: Text-region SBR,false,,,,
aspose-pdf-foss/Aspose.PDF-FOSS-for-TypeScript,doc_page,docs/superpowers/plans/2026-08-19-jbig2-halftone.md,NO_BUNDLE,634,"634 lines; headings: JBIG2 halftone regions — pattern dictionaries, grayscale planes, placement — Implementation Plan | Global Constraints | Background: what a halftone region actually is | File Structure | Task 1: `ccitt.ts` reports bytes ",true,,,,
aspose-pdf-foss/Aspose.PDF-FOSS-for-TypeScript,doc_page,docs/superpowers/plans/2026-08-19-jbig2-huffman-infrastructure.md,NO_BUNDLE,405,"405 lines; headings: JBIG2 Huffman infrastructure — bit reader, tables B.1–B.15, segment 53 — Implementation Plan | Global Constraints | Background: this child is a transcription problem | The three line kinds, and why they are not intercha",true,,,,
aspose-pdf-foss/Aspose.PDF-FOSS-for-TypeScript,doc_page,docs/superpowers/plans/2026-08-19-jbig2-huffman-symbol-dict.md,NO_BUNDLE,255,"255 lines; headings: JBIG2 Huffman symbol dictionary and the IntSource seam — Implementation Plan | Global Constraints | Background | The seam, and where it stops | The context-sharing question, which this child must decide",true,,,,
aspose-pdf-foss/Aspose.PDF-FOSS-for-TypeScript,doc_page,docs/superpowers/plans/2026-08-19-jbig2-huffman-text-region.md,NO_BUNDLE,123,"123 lines; headings: JBIG2 Huffman text region — runcode symbol IDs and mixed-mode refinement — Implementation Plan | Global Constraints | Background: three Huffman-only differences in a walk that is otherwise shared | The aggregate, which ",true,,,,
aspose-pdf-foss/Aspose.PDF-FOSS-for-TypeScript,doc_page,docs/superpowers/plans/2026-08-19-jbig2-page-assembly.md,NO_BUNDLE,553,553 lines; headings: JBIG2 page assembly and intermediate regions — Implementation Plan | Global Constraints | Background: what is actually wrong today | File Structure | Task 1: `Buffered` and the intermediate generic region (type 36),true,,,,
aspose-pdf-foss/Aspose.PDF-FOSS-for-TypeScript,doc_page,docs/superpowers/plans/2026-08-19-jbig2-refinement-region.md,NO_BUNDLE,892,"892 lines; headings: JBIG2 generic refinement region (GRRD) — Implementation Plan | Global Constraints | Background: the two things that can go wrong silently | File Structure | Task 1: `jbig2refine.ts` — templates, context assembly, and th",true,,,,
aspose-pdf-foss/Aspose.PDF-FOSS-for-TypeScript,doc_page,docs/superpowers/plans/2026-08-20-form-xobject-template.md,NO_BUNDLE,1079,1079 lines; headings: Form XObject Template API Implementation Plan | Global Constraints | File Structure | Task 1: Pin the contain arithmetic | Task 2: Extract `containMatrix`,true,,,,
aspose-pdf-foss/Aspose.PDF-FOSS-for-TypeScript,doc_page,docs/superpowers/plans/2026-08-20-grayscale-conversion.md,NO_BUNDLE,3001,"3001 lines; headings: ConvertToGrayscale Implementation Plan | Global Constraints | Task 1: `grayscale.ts` — the greying rule | Task 2: `grayops.ts` — the content-operator rewriter | Task 3: `grayconvert.ts` — enumeration, entry point, cont",true,,,,
aspose-pdf-foss/Aspose.PDF-FOSS-for-TypeScript,doc_page,docs/superpowers/plans/2026-08-20-open-action-document-js.md,NO_BUNDLE,1238,"1238 lines; headings: Catalog /OpenAction and Document JavaScript Implementation Plan | Global Constraints | Two deviations from the spec, decided while planning | File Structure | Task 1: Extract `nametree.ts`",true,,,,
aspose-pdf-foss/Aspose.PDF-FOSS-for-TypeScript,doc_page,docs/superpowers/plans/2026-08-20-table-rowspan.md,NO_BUNDLE,1862,1862 lines; headings: Table rowSpan Implementation Plan | Global Constraints | File Structure | Task 1: The occupancy grid | Task 2: Span height distribution,true,,,,
aspose-pdf-foss/Aspose.PDF-FOSS-for-TypeScript,doc_page,docs/superpowers/plans/2026-08-20-tiling-pattern-authoring.md,NO_BUNDLE,1609,"1609 lines; headings: Tiling-Pattern Authoring Implementation Plan | Global Constraints | Deviation from the spec, decided while planning | File Structure | Task 1: The byte-identity fence",true,,,,
aspose-pdf-foss/Aspose.PDF-FOSS-for-TypeScript,doc_page,docs/superpowers/plans/2026-08-21-bmp-decode.md,NO_BUNDLE,1629,"1629 lines; headings: BMP Decode Implementation Plan | Global Constraints | Task 1: `bmp.ts` — the container and the 24-bit route, anchored on a published dump | Task 2: The fixture builder and the palette route | Task 3: 16- and 32-bit, bi",false,,,,
aspose-pdf-foss/Aspose.PDF-FOSS-for-TypeScript,doc_page,docs/superpowers/plans/2026-08-21-image-replace-remove.md,NO_BUNDLE,1572,1572 lines; headings: Image replace and remove Implementation Plan | Global Constraints | File Structure | Task 1: Move `imageCutSet` to `content.ts` | Task 2: Extract `sanitizeResources` into `src/resprune.ts`,true,,,,
aspose-pdf-foss/Aspose.PDF-FOSS-for-TypeScript,doc_page,docs/superpowers/plans/2026-08-21-tiff-decode.md,NO_BUNDLE,2247,"2247 lines; headings: TIFF Decode Implementation Plan | Global Constraints | Task 1: `rasterimage.ts`, and the BMP rename | Task 2: The container — endian reader, IFD chain, `tiffPageCount` | Task 3: Uncompressed strips, photometric mapping",true,,,,
aspose-pdf-foss/Aspose.PDF-FOSS-for-TypeScript,doc_page,docs/superpowers/plans/2026-08-24-coefficient-domain-jpeg-greying.md,NO_BUNDLE,1357,1357 lines; headings: Coefficient-domain JPEG greying Implementation Plan | Global Constraints | File Structure | Task 1: The byte-identity fence | Task 2: Extract the encoder's back half into `jpegcoef.ts`,false,,,,
aspose-pdf-foss/Aspose.PDF-FOSS-for-TypeScript,doc_page,docs/superpowers/plans/2026-08-24-font-family-style-matching.md,NO_BUNDLE,1297,1297 lines; headings: Family and style matching (`l1my.3`) Implementation Plan | Global Constraints | Task 1: Style derivation in a new pure leaf | Task 2: The family filter and the CSS §5.2 matcher | Task 3: Wire the chain and the style re,true,,,,
aspose-pdf-foss/Aspose.PDF-FOSS-for-TypeScript,doc_page,docs/superpowers/plans/2026-08-24-font-sourcing-by-name.md,NO_BUNDLE,1296,1296 lines; headings: Font sourcing by name Implementation Plan | Global Constraints | File Structure | Task 1: `fontnames.ts` — the cheap name reader | Task 2: `sfnt.ts` reads names through the new owner,false,,,,
aspose-pdf-foss/Aspose.PDF-FOSS-for-TypeScript,doc_page,docs/superpowers/plans/2026-08-24-type1-embedding.md,NO_BUNDLE,1370,"1370 lines; headings: Type 1 embedding and indexing (`l1my.5`) Implementation Plan | Global Constraints | The exact header grammar, read off the real fixture | Task 1: `type1header.ts` — the cleartext header | Task 2: `type1cff.ts` — outlin",true,,,,
aspose-pdf-foss/Aspose.PDF-FOSS-for-TypeScript,doc_page,docs/superpowers/plans/2026-08-25-dfont-indexing.md,NO_BUNDLE,1042,"1042 lines; headings: `.dfont` indexing and embedding (`l1my.6`) Implementation Plan | Global Constraints | The resource-fork layout, written out once | Task 1: `dfont.ts` — the container reader | Task 2: Dispatch from `parseSfnt`",true,,,,
aspose-pdf-foss/Aspose.PDF-FOSS-for-TypeScript,doc_page,docs/superpowers/plans/2026-08-26-html5-tokenizer.md,NO_BUNDLE,1872,1872 lines; headings: HTML5 Tokenizer Implementation Plan | Global Constraints | File Structure | The error-position convention | Task 1: The legacy semicolon-less spelling rule,true,,,,
aspose-pdf-foss/Aspose.PDF-FOSS-for-TypeScript,doc_page,docs/superpowers/plans/2026-08-26-html5-tree-construction.md,NO_BUNDLE,1213,"1213 lines; headings: HTML5 Tree Construction Implementation Plan | Global Constraints | File Structure | The `.dat` format, confirmed against the corpus | Bucket classification, exact",false,,,,
aspose-pdf-foss/Aspose.PDF-FOSS-for-TypeScript,doc_page,docs/superpowers/plans/2026-08-27-css-selectors.md,NO_BUNDLE,2480,2480 lines; headings: CSS Selectors Implementation Plan | Global Constraints | File Structure | Reference: what the tokenizer actually hands us | Selector constructs,true,,,,
aspose-pdf-foss/Aspose.PDF-FOSS-for-TypeScript,doc_page,docs/superpowers/plans/2026-08-27-css-syntax.md,NO_BUNDLE,1222,1222 lines; headings: CSS Syntax Implementation Plan | Global Constraints | File Structure | Reference: the corpus's JSON shape | Task 1: Vendor the corpus and build its loader,true,,,,
aspose-pdf-foss/Aspose.PDF-FOSS-for-TypeScript,doc_page,docs/superpowers/plans/2026-08-27-html5-foreign-content.md,NO_BUNDLE,1316,1316 lines; headings: HTML5 Foreign Content Implementation Plan | Global Constraints | File Structure | A note on the tables | Task 1: Namespaces in the node model and the serializer,true,,,,
aspose-pdf-foss/Aspose.PDF-FOSS-for-TypeScript,doc_page,docs/superpowers/plans/2026-08-27-html5-fragment-parsing.md,NO_BUNDLE,1018,"1018 lines; headings: HTML5 Fragment Parsing and the `parseHtml` Export Implementation Plan | Global Constraints | File Structure | Reference: what the corpus expects | Task 1: The context type, the loader's parse, and `serializeFragment`",true,,,,
aspose-pdf-foss/Aspose.PDF-FOSS-for-TypeScript,doc_page,docs/superpowers/plans/2026-08-27-html5-template.md,NO_BUNDLE,878,878 lines; headings: HTML5 `<template>` Implementation Plan | Global Constraints | File Structure | Reference: what the corpus expects | Task 1: The content fragment in the node model,true,,,,
aspose-pdf-foss/Aspose.PDF-FOSS-for-TypeScript,doc_page,docs/superpowers/plans/2026-08-28-css-box-model.md,NO_BUNDLE,2619,2619 lines; headings: Box Model Implementation Plan | Global Constraints | File Structure | Reference: what the neighbouring modules actually provide | From `zch2.2.3`,true,,,,
aspose-pdf-foss/Aspose.PDF-FOSS-for-TypeScript,doc_page,docs/superpowers/plans/2026-08-28-css-cascade.md,NO_BUNDLE,4791,4791 lines; headings: CSS Cascade Implementation Plan | Global Constraints | File Structure | Reference: what `cssparse.ts` actually hands us | Declarations,false,,,,
aspose-pdf-foss/Aspose.PDF-FOSS-for-TypeScript,doc_page,docs/superpowers/plans/2026-08-31-css-custom-properties.md,NO_BUNDLE,1634,"1634 lines; headings: CSS custom properties and `var()` — implementation plan | Global Constraints | Task 1: `cssvar.ts` — value shapes, `hasVar`, `varNames` | Task 2: `cssvar.ts` — `substituteValue` | Task 3: `cssvar.ts` — `customPropEnv`,",true,,,,
aspose-pdf-foss/Aspose.PDF-FOSS-for-TypeScript,doc_page,docs/superpowers/plans/2026-08-31-css-flow-lowering.md,NO_BUNDLE,1639,1639 lines; headings: Lowering the styled box tree to FlowElement[] — implementation plan | Global Constraints | Task 1: `cssframe.ts` — the `BoxElement` decorator | Task 2: `cssflow.ts` — the core mapper | Task 3: headings and lists,true,,,,
aspose-pdf-foss/Aspose.PDF-FOSS-for-TypeScript,doc_page,docs/superpowers/plans/2026-08-31-css-tables-images-links.md,NO_BUNDLE,1498,"1498 lines; headings: CSS tables, images and links — implementation plan | Global Constraints | Task 1: `datauri.ts` — one owner for the `data:` decoder | Task 2: `cssbox.ts` — the table descent and §17.2.1 | Task 3: `csstable.ts` — TableBo",true,,,,
aspose-pdf-foss/Aspose.PDF-FOSS-for-TypeScript,doc_page,docs/superpowers/plans/2026-08-31-html-entry-points.md,NO_BUNDLE,1362,1362 lines; headings: The three HTML entry points — implementation plan | Global Constraints | Task 1: Rename `htmlFlowElements` to `lowerHtml` | Task 2: `cssfont.ts` — the FamilyResolver bridge | Task 3: `htmlflow.ts` — the one implementat,true,,,,
aspose-pdf-foss/Aspose.PDF-FOSS-for-TypeScript,doc_page,docs/superpowers/plans/2026-09-01-inline-atomics.md,NO_BUNDLE,1826,1826 lines; headings: Inline atomics in layoutRuns — implementation plan | Global Constraints | File structure | Task 1: `linebox.ts` — the band arithmetic | Task 2: `layout.ts` — an atomic is a character,true,,,,
aspose-pdf-foss/Aspose.PDF-FOSS-for-TypeScript,doc_page,docs/superpowers/plans/2026-09-01-unrenderable-construct-reporting.md,NO_BUNDLE,1559,"1559 lines; headings: Reporting unrenderable constructs — implementation plan | Global Constraints | File structure | Task 1: `htmlreport.ts` — the leaf | Task 2: retype `skipped` end to end, changing no behaviour",true,,,,
aspose-pdf-foss/Aspose.PDF-FOSS-for-TypeScript,doc_page,docs/superpowers/plans/2026-09-02-css-float-placement.md,NO_BUNDLE,1310,"1310 lines; headings: CSS float placement Implementation Plan | Global Constraints | One correction to the spec, settled while pinning signatures | File structure | Task 1: Extract the min/max-content measurer",true,,,,
aspose-pdf-foss/Aspose.PDF-FOSS-for-TypeScript,doc_page,docs/superpowers/plans/2026-09-02-css-float-splitting.md,NO_BUNDLE,709,709 lines; headings: CSS float splitting Implementation Plan | Global Constraints | Task 1: The seam — `FloatContent.splitPaint` and `elementFloat`'s implementation | Task 2: The engine — Render splits instead of degrading | Task 3: End to ,true,,,,
aspose-pdf-foss/Aspose.PDF-FOSS-for-TypeScript,doc_page,docs/superpowers/plans/2026-09-02-inline-svg.md,NO_BUNDLE,1075,"1075 lines; headings: Inline `<svg>` Implementation Plan | Global Constraints | One correction to the spec, and it REMOVES a risk | File structure | Task 1: `svgserialize.ts` — the subtree back to markup",true,,,,
aspose-pdf-foss/Aspose.PDF-FOSS-for-TypeScript,doc_page,docs/superpowers/plans/2026-09-02-over-tall-content.md,NO_BUNDLE,1042,"1042 lines; headings: Over-tall content Implementation Plan | Global Constraints | Task 1: Stop throwing — shrink, else overflow | Task 2: `placeElements` shrinks at the rect top | Task 3: The reports reach the HTML caller",true,,,,
aspose-pdf-foss/Aspose.PDF-FOSS-for-TypeScript,doc_page,docs/superpowers/plans/2026-09-02-undrawable-text-report.md,NO_BUNDLE,1168,"1168 lines; headings: Reporting undrawable text — implementation plan | Global Constraints | Three corrections to the spec, settled while pinning signatures | File structure | Task 1: The `textcoverage.ts` leaf",true,,,,
aspose-pdf-foss/Aspose.PDF-FOSS-for-TypeScript,doc_page,docs/superpowers/plans/2026-09-03-incremental-save.md,NO_BUNDLE,925,925 lines; headings: Incremental save — implementation plan | Global Constraints | Task 1: `incrementaldelta.ts` — the pure diff | Task 2: free xref entries and correct generations in `incremental.ts` | Task 3: retain `OpenOptions` and expo,true,,,,
aspose-pdf-foss/Aspose.PDF-FOSS-for-TypeScript,doc_page,docs/superpowers/plans/2026-09-03-preserve-encryption-on-save.md,NO_BUNDLE,924,"924 lines; headings: Preserving encryption on save — implementation plan | Global Constraints | Task 1: expose the file key, and build an encryptor from it | Task 2: retain the encryptor on Document | Task 3: the rewrite path preserves encr",true,,,,
aspose-pdf-foss/Aspose.PDF-FOSS-for-TypeScript,doc_page,docs/superpowers/plans/2026-09-04-icc-cmyk-transform.md,NO_BUNDLE,1210,1210 lines; headings: ICC CMYK Transform (`85l8.7.2`) Implementation Plan | Global Constraints | Facts measured during the spike — do not re-derive | Task 1: Read a LUT tag | Task 2: Evaluate a LUT,false,,,,
aspose-pdf-foss/Aspose.PDF-FOSS-for-TypeScript,doc_page,docs/superpowers/plans/2026-09-04-icc-profile-container.md,NO_BUNDLE,902,"902 lines; headings: ICC Profile Container (`85l8.7.1`) Implementation Plan | Global Constraints | Task 1: Profile header | Task 2: Tag table | Task 3: `XYZ ` tags, checked against a published constant",false,,,,
aspose-pdf-foss/Aspose.PDF-FOSS-for-TypeScript,doc_page,docs/superpowers/plans/2026-09-04-pdfa4-validation.md,NO_BUNDLE,1926,"1926 lines; headings: PDF/A-4 Validation Implementation Plan | Global Constraints | Task 1: Widen the conformance types and refuse part 4 in the converter | Task 2: Part-4 fixture mode, PDF 2.0 version rule, and identification — a clean doc",true,,,,
aspose-pdf-foss/Aspose.PDF-FOSS-for-TypeScript,doc_page,docs/superpowers/plans/2026-09-07-pdfa-structural-backport.md,NO_BUNDLE,1249,"1249 lines; headings: PDF/A structural backport (`pjy7`) Implementation Plan | Global Constraints | File Structure | Task 1: Per-part helpers, and `extGStateKeysRule` widened | Task 2: `imageKeysRule` and `formXObjectOpiRule`",true,,,,
aspose-pdf-foss/Aspose.PDF-FOSS-for-TypeScript,doc_page,docs/superpowers/plans/2026-09-07-pdfa4-conversion.md,NO_BUNDLE,1966,"1966 lines; headings: PDF/A-4 conversion (`72nc.2`) Implementation Plan | Global Constraints | Divergences from the spec, and why | File Structure | Task 1: `XmpMetadata.pdfaRev`",true,,,,
aspose-pdf-foss/Aspose.PDF-FOSS-for-TypeScript,doc_page,docs/superpowers/plans/2026-09-09-xfa-to-acroform.md,NO_BUNDLE,4058,"4058 lines; headings: XFA read and flatten to AcroForm (`6t2v.3`) Implementation Plan | Global Constraints | Interpretations this plan adds, and why | File structure | Task 1: `xfageom.ts` — measurements, anchors and the y-flip",true,,,,
aspose-pdf-foss/Aspose.PDF-FOSS-for-TypeScript,doc_page,docs/superpowers/plans/2026-09-11-render-font-substitution.md,NO_BUNDLE,1739,1739 lines; headings: Render-Time Font Substitution Sources Implementation Plan | Global Constraints | Task 1: `FontNames` carries the two OS/2 fields coverage scoring needs | Task 2: `peekCmap` — confirm a candidate's real coverage with a ,false,,,,
aspose-pdf-foss/Aspose.PDF-FOSS-for-TypeScript,doc_page,docs/superpowers/plans/2026-09-14-struct-element-remove.md,NO_BUNDLE,1380,1380 lines; headings: Removing a structure element (`q7hc.2`) Implementation Plan | Global Constraints | File Structure | Task 1: The `numbertree.ts` leaf | Task 2: `Remove()` — the object graph,true,,,,
aspose-pdf-foss/Aspose.PDF-FOSS-for-TypeScript,doc_page,docs/superpowers/plans/2026-09-14-struct-move-reorder.md,NO_BUNDLE,1020,"1020 lines; headings: Moving and reordering structure elements (`q7hc.3`) Implementation Plan | Global Constraints | File Structure | Task 1: `MoveTo` — mechanics and refusals | Task 2: The `/Pg` hazard, and the fixture that proves it",true,,,,
aspose-pdf-foss/Aspose.PDF-FOSS-for-TypeScript,doc_page,docs/superpowers/plans/2026-09-14-struct-type-setter.md,NO_BUNDLE,1448,1448 lines; headings: Writable structure type (`q7hc.1`) Implementation Plan | Global Constraints | File Structure | Task 1: The `structtype.ts` leaf | Task 2: Validate the type wherever an element is created,true,,,,
aspose-pdf-foss/Aspose.PDF-FOSS-for-TypeScript,doc_page,docs/superpowers/plans/2026-09-15-pdfua2-annotations-forms.md,NO_BUNDLE,2013,"2013 lines; headings: PDF/UA-2: annotation and form rules (`q7hc.4.2`) Implementation Plan | Global Constraints | Three corrections to the spec, made here | File Structure | Task 1: `uarule.ts` — extract the shared vocabulary",true,,,,
aspose-pdf-foss/Aspose.PDF-FOSS-for-TypeScript,doc_page,docs/superpowers/plans/2026-09-15-pdfua2-core.md,NO_BUNDLE,2012,"2012 lines; headings: PDF/UA-2 core: the part selector, namespaces and type vocabularies (`q7hc.4`) Implementation Plan | Global Constraints | File Structure | Task 1: The pure leaves — `structns.ts` and the PDF 2.0 vocabulary | Task 2: The",true,,,,
aspose-pdf-foss/Aspose.PDF-FOSS-for-TypeScript,doc_page,docs/superpowers/plans/2026-09-15-pdfua2-fonts-cmaps.md,NO_BUNDLE,1296,"1296 lines; headings: PDF/UA-2: font and CMap rules (`q7hc.4.3`) Implementation Plan | Global Constraints | Verified API surface | File Structure | Task 1: `/Tr` reaches `GlyphEvent`, correctly scoped",true,,,,
aspose-pdf-foss/Aspose.PDF-FOSS-for-TypeScript,doc_page,docs/superpowers/plans/2026-09-15-pdfua2-structure-shapes.md,NO_BUNDLE,2221,"2221 lines; headings: PDF/UA-2: per-type structure shape rules (`q7hc.4.1`) Implementation Plan | Global Constraints | One refinement to the spec, made here | File Structure | Task 1: `structgrid.ts` — placement and regularity",true,,,,
aspose-pdf-foss/Aspose.PDF-FOSS-for-TypeScript,doc_page,docs/superpowers/plans/2026-09-16-pdfua2-pua-lang-oc-dests.md,NO_BUNDLE,1918,"1918 lines; headings: PDF/UA-2: PUA, language, optional content, destinations and embedded files (`q7hc.4.4`) Implementation Plan | Global Constraints | Verified API surface | File Structure | Task 1: Extract the glyph walk to `uaglyph.ts`",true,,,,
aspose-pdf-foss/Aspose.PDF-FOSS-for-TypeScript,doc_page,docs/superpowers/plans/2026-09-22-freetext-rich-text.md,NO_BUNDLE,1258,1258 lines; headings: FreeText Rich Text Implementation Plan | Global Constraints | Task 1: `richlayout.ts` — markup and styles to paragraphs | Task 2: `richTextBody` — layout and emission | Task 3: FreeText regeneration draws `/RC`,true,,,,
aspose-pdf-foss/Aspose.PDF-FOSS-for-TypeScript,doc_page,docs/superpowers/plans/2026-09-22-structural-validate-repair.md,NO_BUNDLE,1091,1091 lines; headings: Structural Validate() and Repair() Implementation Plan | Global Constraints | Task 1: Raw page-tree fixture helper + `Validate()` | Task 2: `Repair()` | Task 3: Page edits stop writing stale `/Parent` chains,true,,,,
aspose-pdf-foss/Aspose.PDF-FOSS-for-TypeScript,doc_page,docs/superpowers/plans/2026-09-23-xmp-preserve-on-write.md,NO_BUNDLE,708,708 lines; headings: Preserve Unknown XMP Through SetXmp — Implementation Plan | Global Constraints | Review Focus | File Structure | Task 1: `editXmpPacket` and `buildXmp` over the model,true,,,,
aspose-pdf-foss/Aspose.PDF-FOSS-for-TypeScript,doc_page,docs/superpowers/plans/2026-09-23-xmp-rdf-data-model.md,NO_BUNDLE,1130,1130 lines; headings: XMP RDF Data Model Implementation Plan | Global Constraints | Review Focus | File Structure | Task 1: Acrobat input PDF (started first so the manual re-save can run in parallel),true,,,,
aspose-pdf-foss/Aspose.PDF-FOSS-for-TypeScript,doc_page,docs/superpowers/plans/2026-09-24-pdfa-extension-schema.md,NO_BUNDLE,1553,"1553 lines; headings: PDF/A XMP Extension-Schema Validation Implementation Plan | Global Constraints | Review Focus | Task 1: The generator, the data module and `xmpschemas.ts` | Task 2: `pdfaext.ts` — the rules, pure over `RdfPacket`",false,,,,
aspose-pdf-foss/Aspose.PDF-FOSS-for-TypeScript,doc_page,docs/superpowers/plans/2026-09-24-xmp-info-sync.md,NO_BUNDLE,1362,1362 lines; headings: /Info ↔ XMP Sync and Typed XMP Reads Implementation Plan | Global Constraints | Review Focus | Task 1: `pdfdate.ts` — text-to-text date conversion | Task 2: Fix the `SetMetadata` / `SetXmp` date mirrors,false,,,,
aspose-pdf-foss/Aspose.PDF-FOSS-for-TypeScript,doc_page,docs/superpowers/plans/2026-09-24-xmp-typed-writes.md,NO_BUNDLE,718,718 lines; headings: Typed XMP Writes Implementation Plan | Global Constraints | Review Focus | Task 1: `src/xmpwrite.ts` — validate and convert | Task 2: `doc.SetXmpValue`,true,,,,
aspose-pdf-foss/Aspose.PDF-FOSS-for-TypeScript,doc_page,docs/superpowers/plans/2026-09-24-xmp-value-types.md,NO_BUNDLE,1319,1319 lines; headings: XMP Value-Type Validation Implementation Plan | Global Constraints | Review Focus | Task 1: Generator — typed tables | Task 2: `src/xmptypes.ts` — the validator,false,,,,
aspose-pdf-foss/Aspose.PDF-FOSS-for-TypeScript,doc_page,docs/superpowers/plans/2026-09-28-aform-recognition.md,NO_BUNDLE,2574,"2574 lines; headings: AF* Form-Call Recognition Implementation Plan | Global Constraints | Review Focus | File Structure | Task 1: The recogniser, `afcall.ts`",false,,,,
aspose-pdf-foss/Aspose.PDF-FOSS-for-TypeScript,doc_page,docs/superpowers/plans/2026-09-29-docx-corpus.md,NO_BUNDLE,1631,"1631 lines; headings: Real-world DOCX Corpus Implementation Plan (`m2fp.4`) | Global Constraints | Review Focus | File Structure | Task 1: `wmlbody.ts` records sections, headers, footers, revisions and simple fields",false,,,,
aspose-pdf-foss/Aspose.PDF-FOSS-for-TypeScript,doc_page,docs/superpowers/plans/2026-09-29-opc-read.md,NO_BUNDLE,1079,"1079 lines; headings: OPC Package Reading Implementation Plan (`m2fp.2`) | Global Constraints | Review Focus | File Structure | Task 1: Package open, content types, part lookup",true,,,,
aspose-pdf-foss/Aspose.PDF-FOSS-for-TypeScript,doc_page,docs/superpowers/plans/2026-09-29-wml-model.md,NO_BUNDLE,2658,2658 lines; headings: WordprocessingML Model Implementation Plan (`m2fp.3`) | Global Constraints | Review Focus | File Structure | Task 1: The Word oracle fixture,false,,,,
aspose-pdf-foss/Aspose.PDF-FOSS-for-TypeScript,doc_page,docs/superpowers/plans/2026-09-29-zip-reader.md,NO_BUNDLE,1295,1295 lines; headings: ZIP Reader Under LoadLimits Implementation Plan | Global Constraints | Review Focus | File Structure | Task 1: `writeZip` sets flag bit 11 for a non-ASCII name,false,,,,
aspose-pdf-foss/Aspose.PDF-FOSS-for-TypeScript,doc_page,docs/superpowers/plans/2026-09-30-docx-import.md,NO_BUNDLE,2312,2312 lines; headings: DOCX Import (`AddDocx`) Implementation Plan | Global Constraints | Review Focus | Task 1: Pin Word's paragraph spacing against Word itself (gate) | Task 2: `FlowListItem.label` — an explicit list marker,true,,,,
aspose-pdf-foss/Aspose.PDF-FOSS-for-TypeScript,doc_page,docs/superpowers/plans/2026-10-01-ai-model-client.md,NO_BUNDLE,1193,1193 lines; headings: AI Model Client Implementation Plan | Global Constraints | Review Focus | File Structure | Task 1: The seam and the error type,false,,,,
aspose-pdf-foss/Aspose.PDF-FOSS-for-TypeScript,doc_page,docs/superpowers/plans/2026-10-01-ai-summarize-ask-alt.md,NO_BUNDLE,2018,"2018 lines; headings: Summarize, Ask and GenerateAltText Implementation Plan | Global Constraints | Review Focus | File Structure | Task 1: Text pipeline (`aichunk.ts`) and the scripted model",false,,,,
aspose-pdf-foss/Aspose.PDF-FOSS-for-TypeScript,doc_page,docs/superpowers/plans/2026-10-01-make-searchable.md,NO_BUNDLE,1504,1504 lines; headings: MakeSearchable Implementation Plan | Global Constraints | Review Focus | File Structure | Task 1: The glyphless font,true,,,,
aspose-pdf-foss/Aspose.PDF-FOSS-for-TypeScript,doc_page,docs/superpowers/plans/2026-10-05-ligature-aware-replace.md,NO_BUNDLE,935,"935 lines; headings: Global Constraints | Deviation from the spec, recorded | Review Focus | File Structure | Task 1: `refs` aligned with `text` per UTF-16 code unit",true,,,,
aspose-pdf-foss/Aspose.PDF-FOSS-for-TypeScript,doc_page,docs/superpowers/plans/2026-10-05-paragraph-reflow.md,NO_BUNDLE,1893,"1893 lines; headings: Paragraph Reflow After Replace Implementation Plan | Global Constraints | Review Focus | File Structure | Task 1: Foundations — matrices on glyphs, insert pieces, chain gaps, the option",true,,,,
aspose-pdf-foss/Aspose.PDF-FOSS-for-TypeScript,doc_page,docs/superpowers/plans/2026-10-05-replace-font-fallback.md,NO_BUNDLE,1707,1707 lines; headings: Replacement Font Fallback Implementation Plan | Global Constraints | Review Focus | File Structure | Task 1: `GlyphEvent` reports the `Tf` key and size,true,,,,
aspose-pdf-foss/Aspose.PDF-FOSS-for-TypeScript,doc_page,docs/superpowers/plans/2026-10-06-hyphenation.md,NO_BUNDLE,1513,"1513 lines; headings: Opt-in Hyphenation (v9j3.2) Implementation Plan | Global Constraints | Deviations from the spec, stated | Review Focus | Task 1: Pattern data generator and `src/hyphdata.ts`",false,,,,
aspose-pdf-foss/Aspose.PDF-FOSS-for-TypeScript,doc_page,docs/superpowers/plans/2026-10-06-reflow-hyphenation.md,NO_BUNDLE,1677,1677 lines; headings: Reflow Hyphenation Implementation Plan | Global Constraints | Review Focus | File Structure | Task 1: Identity fence and the `hyphenate` option,true,,,,
aspose-pdf-foss/Aspose.PDF-FOSS-for-TypeScript,doc_page,docs/superpowers/plans/2026-10-06-restyle-text.md,NO_BUNDLE,964,"964 lines; headings: Restyle Found Text Implementation Plan | Global Constraints | Review Focus | File Structure | Task 1: The restyle engine and colour, size, font",true,,,,
aspose-pdf-foss/Aspose.PDF-FOSS-for-TypeScript,doc_page,docs/superpowers/plans/2026-10-07-docx-footnotes.md,NO_BUNDLE,1613,1613 lines; headings: DOCX Footnotes and Endnotes (v9j3.3.2) Implementation Plan | Global Constraints | Review Focus | Task 1: Engine — per-section restart (`flow.RestartNotes`) and the byte-identity fence | Task 2: Engine — per-page footno,true,,,,
aspose-pdf-foss/Aspose.PDF-FOSS-for-TypeScript,doc_page,docs/superpowers/plans/2026-10-07-footnotes-endnotes.md,NO_BUNDLE,1789,"1789 lines; headings: Footnotes and Endnotes in Flow (v9j3.3) Implementation Plan | Global Constraints | Review Focus | Task 1: `TextRun.rise` and the note-key guard | Task 2: `flownotes.ts` core — lowering, references, marks, options",true,,,,
aspose-pdf-foss/Aspose.PDF-FOSS-for-TypeScript,doc_page,docs/superpowers/plans/2026-10-07-markdown-footnotes.md,NO_BUNDLE,1081,1081 lines; headings: Markdown Footnotes (v9j3.3.1) Implementation Plan | Global Constraints | Review Focus | Task 1: Block phase — footnote definitions | Task 2: Inline phase — footnote references,true,,,,
aspose-pdf-foss/Aspose.PDF-FOSS-for-TypeScript,doc_page,docs/superpowers/plans/2026-10-07-note-links.md,NO_BUNDLE,632,"632 lines; headings: Internal Links Between Note Marks and Notes (v9j3.3.4) Implementation Plan | Global Constraints | Review Focus | Task 1: Deferred run links (`runlink.ts`, `stamp.ts`, `tableauthor.ts`) | Task 2: `NoteLinks` — marks link",true,,,,
aspose-pdf-foss/Aspose.PDF-FOSS-for-TypeScript,doc_page,docs/superpowers/plans/2026-10-07-table-cell-notes.md,NO_BUNDLE,798,"798 lines; headings: Footnotes and Endnotes in Flow Table Cells (v9j3.3.3) Implementation Plan | Global Constraints | Review Focus | Task 1: Rebase atomics past note marks (paragraphs, headings, list items) | Task 2: The engine — cited tabl",true,,,,
aspose-pdf-foss/Aspose.PDF-FOSS-for-TypeScript,doc_page,docs/superpowers/plans/2026-10-08-box-radius-background.md,NO_BUNDLE,1704,"1704 lines; headings: Rounded Corners and Background Images on Boxes Implementation Plan | Global Constraints | Review Focus | File Structure | Task 1: `boxpaint.ts` — radii, paths and wedges",true,,,,
aspose-pdf-foss/Aspose.PDF-FOSS-for-TypeScript,doc_page,docs/superpowers/plans/2026-10-08-tab-stops.md,NO_BUNDLE,1358,"1358 lines; headings: Tab Stops Implementation Plan | Global Constraints | Review Focus | File Structure | Task 1: `src/tabstops.ts`, the vocabulary",true,,,,
aspose-pdf-foss/Aspose.PDF-FOSS-for-TypeScript,doc_page,docs/superpowers/plans/2026-10-08-xfa-flow-layout.md,NO_BUNDLE,2143,"2143 lines; headings: XFA Fixed-Size Flow Layout Implementation Plan | Global Constraints | Review Focus | File Structure | Task 1: The engine — model, positioned layout, `tb`, `lr-tb`, presence",true,,,,
aspose-pdf-foss/Aspose.PDF-FOSS-for-TypeScript,doc_page,docs/superpowers/plans/2026-10-09-xfa-growable-sizes.md,NO_BUNDLE,2162,2162 lines; headings: XFA Growable Sizes Implementation Plan | Global Constraints | Review Focus | Task 1: `xfarich.ts` — a leaf's template XML to `LeafText` | Task 2: `xfatext.ts` — measure a `LeafText` at a box,true,,,,
aspose-pdf-foss/Aspose.PDF-FOSS-for-TypeScript,doc_page,docs/superpowers/plans/2026-10-09-xfa-occur.md,NO_BUNDLE,913,913 lines; headings: XFA `<occur>` and Data-Driven Repetition Implementation Plan | Global Constraints | Review Focus | File Structure | Task 1: Data groups (`xfadata.ts`),true,,,,
aspose-pdf-foss/Aspose.PDF-FOSS-for-TypeScript,license_notice,LICENSE,NO_BUNDLE,22,22 lines,true,,,,
aspose-pdf-foss/Aspose.PDF-FOSS-for-TypeScript,license_notice,THIRD-PARTY-NOTICES.md,NO_BUNDLE,43,notice file,false,,,,
aspose-pdf-foss/Aspose.PDF-FOSS-for-TypeScript,target_framework,node engine >=22,NO_BUNDLE,0,node; declared in 1 file(s): package.json,true,,,,
aspose-pdf-foss/Aspose.PDF-FOSS-for-TypeScript,target_framework,tsconfig target ES2022,NO_BUNDLE,0,ts; declared in 1 file(s): tsconfig.json,false,,,,
aspose-pdf-foss/Aspose.PDF-FOSS-for-TypeScript,example_file,examples/feature-showcase/annotations.ts,NO_BUNDLE,237,237 lines,true,,,,
aspose-pdf-foss/Aspose.PDF-FOSS-for-TypeScript,example_file,examples/feature-showcase/assets.ts,NO_BUNDLE,33,33 lines,false,,,,
aspose-pdf-foss/Aspose.PDF-FOSS-for-TypeScript,example_file,examples/feature-showcase/assets/PROVENANCE.md,NO_BUNDLE,29,29 lines,false,,,,
aspose-pdf-foss/Aspose.PDF-FOSS-for-TypeScript,example_file,examples/feature-showcase/barcodes.ts,NO_BUNDLE,73,73 lines,true,,,,
aspose-pdf-foss/Aspose.PDF-FOSS-for-TypeScript,example_file,examples/feature-showcase/bill.ts,NO_BUNDLE,78,78 lines,false,,,,
aspose-pdf-foss/Aspose.PDF-FOSS-for-TypeScript,example_file,examples/feature-showcase/compliance.ts,NO_BUNDLE,134,134 lines,true,,,,
aspose-pdf-foss/Aspose.PDF-FOSS-for-TypeScript,example_file,examples/feature-showcase/contents.ts,NO_BUNDLE,67,67 lines,true,,,,
aspose-pdf-foss/Aspose.PDF-FOSS-for-TypeScript,example_file,examples/feature-showcase/cover.ts,NO_BUNDLE,77,77 lines,false,,,,
aspose-pdf-foss/Aspose.PDF-FOSS-for-TypeScript,example_file,examples/feature-showcase/flatten.ts,NO_BUNDLE,54,54 lines,true,,,,
aspose-pdf-foss/Aspose.PDF-FOSS-for-TypeScript,example_file,examples/feature-showcase/flowshowcase.ts,NO_BUNDLE,116,116 lines,false,,,,
aspose-pdf-foss/Aspose.PDF-FOSS-for-TypeScript,example_file,examples/feature-showcase/forms.ts,NO_BUNDLE,101,101 lines,true,,,,
aspose-pdf-foss/Aspose.PDF-FOSS-for-TypeScript,example_file,examples/feature-showcase/furniture.ts,NO_BUNDLE,43,43 lines,true,,,,
aspose-pdf-foss/Aspose.PDF-FOSS-for-TypeScript,example_file,examples/feature-showcase/htmlexport.ts,NO_BUNDLE,87,87 lines,true,,,,
aspose-pdf-foss/Aspose.PDF-FOSS-for-TypeScript,example_file,examples/feature-showcase/image.ts,NO_BUNDLE,31,31 lines,true,,,,
aspose-pdf-foss/Aspose.PDF-FOSS-for-TypeScript,example_file,examples/feature-showcase/landscape.ts,NO_BUNDLE,66,66 lines,false,,,,
aspose-pdf-foss/Aspose.PDF-FOSS-for-TypeScript,example_file,examples/feature-showcase/layers.ts,NO_BUNDLE,101,101 lines,true,,,,
aspose-pdf-foss/Aspose.PDF-FOSS-for-TypeScript,example_file,examples/feature-showcase/main.ts,NO_BUNDLE,277,277 lines,true,,,,
aspose-pdf-foss/Aspose.PDF-FOSS-for-TypeScript,example_file,examples/feature-showcase/redaction.ts,NO_BUNDLE,93,93 lines,true,,,,
aspose-pdf-foss/Aspose.PDF-FOSS-for-TypeScript,example_file,examples/feature-showcase/render.ts,NO_BUNDLE,82,82 lines,true,,,,
aspose-pdf-foss/Aspose.PDF-FOSS-for-TypeScript,example_file,examples/feature-showcase/sales.ts,NO_BUNDLE,144,144 lines,false,,,,
aspose-pdf-foss/Aspose.PDF-FOSS-for-TypeScript,example_file,examples/feature-showcase/signcred.ts,NO_BUNDLE,49,49 lines,true,,,,
aspose-pdf-foss/Aspose.PDF-FOSS-for-TypeScript,example_file,examples/feature-showcase/signing.ts,NO_BUNDLE,131,131 lines,true,,,,
aspose-pdf-foss/Aspose.PDF-FOSS-for-TypeScript,example_file,examples/feature-showcase/tagged.ts,NO_BUNDLE,143,143 lines,true,,,,
aspose-pdf-foss/Aspose.PDF-FOSS-for-TypeScript,example_file,examples/feature-showcase/text.ts,NO_BUNDLE,118,118 lines,false,,,,
aspose-pdf-foss/Aspose.PDF-FOSS-for-TypeScript,example_file,examples/feature-showcase/theme.ts,NO_BUNDLE,187,187 lines,true,,,,
aspose-pdf-foss/Aspose.PDF-FOSS-for-TypeScript,example_file,examples/feature-showcase/vector.ts,NO_BUNDLE,134,134 lines,false,,,,
aspose-pdf-foss/Aspose.PDF-FOSS-for-TypeScript,example_file,examples/feature-showcase/verify.ts,NO_BUNDLE,235,235 lines,true,,,,
aspose-pdf-foss/Aspose.PDF-FOSS-for-TypeScript,test_suite,test,NO_BUNDLE,1191,1191 test file(s),false,,,,
aspose-pdf-foss/Aspose.PDF-FOSS-for-TypeScript,build_command,npm build,NO_BUNDLE,0,1 source(s): manifest:package.json,true,,,,
aspose-pdf-foss/Aspose.PDF-FOSS-for-TypeScript,test_command,npm test,NO_BUNDLE,0,1 source(s): manifest:package.json,true,,,,
aspose-psd-foss/Aspose.PSD-FOSS-for-.NET,readme_unit,Aspose.PSD.FOSS for .NET,NO_BUNDLE,5,5 lines,n/a,,,,
aspose-psd-foss/Aspose.PSD-FOSS-for-.NET,readme_unit,Who This Project Is For,NO_BUNDLE,15,15 lines,n/a,,,,
aspose-psd-foss/Aspose.PSD-FOSS-for-.NET,readme_unit,Common Workflows,NO_BUNDLE,6,6 lines,n/a,,,,
aspose-psd-foss/Aspose.PSD-FOSS-for-.NET,readme_unit,Mental Model,NO_BUNDLE,7,7 lines,n/a,,,,
aspose-psd-foss/Aspose.PSD-FOSS-for-.NET,readme_unit,Highlights,NO_BUNDLE,11,11 lines,n/a,,,,
aspose-psd-foss/Aspose.PSD-FOSS-for-.NET,readme_unit,Requirements,NO_BUNDLE,3,3 lines,n/a,,,,
aspose-psd-foss/Aspose.PSD-FOSS-for-.NET,readme_unit,Installation,NO_BUNDLE,18,18 lines,n/a,,,,
aspose-psd-foss/Aspose.PSD-FOSS-for-.NET,readme_unit,Quick Start,NO_BUNDLE,39,39 lines,n/a,,,,
aspose-psd-foss/Aspose.PSD-FOSS-for-.NET,readme_unit,Choosing Between Aspose.PSD.FOSS and Commercial Aspose.PSD,NO_BUNDLE,5,5 lines,n/a,,,,
aspose-psd-foss/Aspose.PSD-FOSS-for-.NET,readme_unit,Samples,NO_BUNDLE,44,44 lines,n/a,,,,
aspose-psd-foss/Aspose.PSD-FOSS-for-.NET,readme_unit,Documentation,NO_BUNDLE,8,8 lines,n/a,,,,
aspose-psd-foss/Aspose.PSD-FOSS-for-.NET,readme_unit,Supported Scope,NO_BUNDLE,8,8 lines,n/a,,,,
aspose-psd-foss/Aspose.PSD-FOSS-for-.NET,readme_unit,Out of Scope,NO_BUNDLE,9,9 lines,n/a,,,,
aspose-psd-foss/Aspose.PSD-FOSS-for-.NET,doc_page,documentation/README.md,NO_BUNDLE,49,49 lines; headings: Aspose.PSD.FOSS Documentation | Contents | Samples,true,,,,
aspose-psd-foss/Aspose.PSD-FOSS-for-.NET,doc_page,documentation/developer-guide/basic-psd-operations.md,NO_BUNDLE,95,95 lines; headings: Basic PSD Operations | Supported Workflows | Load a PSD or PSB Document | Inspect Layers | Modify Layers,true,,,,
aspose-psd-foss/Aspose.PSD-FOSS-for-.NET,doc_page,documentation/getting-started.md,NO_BUNDLE,103,103 lines; headings: Getting Started | What the Library Is For | Requirements | Build the Package Locally | First 5 Minutes,true,,,,
aspose-psd-foss/Aspose.PSD-FOSS-for-.NET,doc_page,documentation/limitations.md,NO_BUNDLE,37,37 lines; headings: Supported Features and Limitations | Supported in the Current Product Scope | Not Supported | Important Scope Notes,true,,,,
aspose-psd-foss/Aspose.PSD-FOSS-for-.NET,target_framework,target framework net10.0,NO_BUNDLE,0,dotnet; declared in 1 file(s): src/Aspose.PSD.FOSS/Aspose.PSD.FOSS.csproj,true,,,,
aspose-psd-foss/Aspose.PSD-FOSS-for-.NET,example_file,samples/Aspose.PSD.FOSS.Samples.Basic/Program.cs,NO_BUNDLE,98,98 lines,true,,,,
aspose-psd-foss/Aspose.PSD-FOSS-for-.NET,example_file,samples/Aspose.PSD.FOSS.Samples.Layers/Program.cs,NO_BUNDLE,100,100 lines,true,,,,
aspose-psd-foss/Aspose.PSD-FOSS-for-.NET,example_file,samples/Aspose.PSD.FOSS.Samples.Streams/Program.cs,NO_BUNDLE,93,93 lines,true,,,,
aspose-psd-foss/Aspose.PSD-FOSS-for-.NET,example_file,samples/Aspose.PSD.FOSS.Samples.StructuralEditing/Program.cs,NO_BUNDLE,129,129 lines,true,,,,
aspose-psd-foss/Aspose.PSD-FOSS-for-.NET,example_file,samples/Aspose.PSD.NuGet.Samples.Basic/Program.cs,NO_BUNDLE,98,98 lines,true,,,,
aspose-psd-foss/Aspose.PSD-FOSS-for-.NET,example_file,samples/Aspose.PSD.NuGet.Samples.Layers/Program.cs,NO_BUNDLE,100,100 lines,true,,,,
aspose-psd-foss/Aspose.PSD-FOSS-for-.NET,example_file,samples/Aspose.PSD.NuGet.Samples.Streams/Program.cs,NO_BUNDLE,93,93 lines,true,,,,
aspose-psd-foss/Aspose.PSD-FOSS-for-.NET,example_file,samples/Aspose.PSD.NuGet.Samples.StructuralEditing/Program.cs,NO_BUNDLE,129,129 lines,true,,,,
aspose-psd-foss/Aspose.PSD-FOSS-for-.NET,example_file,samples/Common/SampleOutputHelper.cs,NO_BUNDLE,57,57 lines,true,,,,
aspose-psd-foss/Aspose.PSD-FOSS-for-.NET,example_file,samples/Common/SamplePathHelper.cs,NO_BUNDLE,48,48 lines,true,,,,
aspose-psd-foss/Aspose.PSD-FOSS-for-.NET,test_suite,src/Aspose.PSD.FOSS.Test,NO_BUNDLE,25,25 test file(s),false,,,,
aspose-psd-foss/Aspose.PSD-FOSS-for-.NET,build_command,dotnet build,NO_BUNDLE,0,2 source(s): convention:Aspose.PSD-FOSS-for-.NET.sln; convention:src/Aspose.PSD.FOSS/Aspose.PSD.FOSS.csproj,false,,,,
aspose-psd-foss/Aspose.PSD-FOSS-for-.NET,test_command,dotnet test,NO_BUNDLE,0,2 source(s): convention:Aspose.PSD-FOSS-for-.NET.sln; convention:src/Aspose.PSD.FOSS/Aspose.PSD.FOSS.csproj,false,,,,
aspose-psd-foss/Aspose.PSD-FOSS-for-Python,readme_unit,Aspose.PSD-FOSS-for-Python,NO_BUNDLE,1,1 lines,n/a,,,,
aspose-psd-foss/Aspose.PSD-FOSS-for-Python,test_suite,aspose_psd_foss_test,NO_BUNDLE,24,24 test file(s),false,,,,
aspose-slides-foss/Aspose.Slides-FOSS-for-.NET,readme_unit,Aspose.Slides FOSS for .NET,PRESENT_IN_README,17,17 lines,n/a,sealed_readme,heading+overlap,0.49,
aspose-slides-foss/Aspose.Slides-FOSS-for-.NET,readme_unit,At a glance,PRESENT_IN_README,38,38 lines,n/a,sealed_readme,heading+overlap,0.54,
aspose-slides-foss/Aspose.Slides-FOSS-for-.NET,readme_unit,Requirements,PRESENT_IN_FACTS,11,11 lines,n/a,facts,heading+overlap,1.00,OMIT_UNSUPPORTED->- x1
aspose-slides-foss/Aspose.Slides-FOSS-for-.NET,readme_unit,Installation,PRESENT_IN_FACTS,10,10 lines,n/a,facts,heading+overlap,1.00,OMIT_UNSUPPORTED->- x1
aspose-slides-foss/Aspose.Slides-FOSS-for-.NET,readme_unit,Build from source,PRESENT_IN_FACTS,15,15 lines,n/a,facts,heading+overlap,1.00,OMIT_UNSUPPORTED->- x1
aspose-slides-foss/Aspose.Slides-FOSS-for-.NET,readme_unit,Install the package CI built,PRESENT_IN_FACTS,25,25 lines,n/a,facts,heading+overlap,1.00,OMIT_UNSUPPORTED->- x1
aspose-slides-foss/Aspose.Slides-FOSS-for-.NET,readme_unit,Quick start,PRESENT_IN_FACTS,33,33 lines,n/a,facts,heading+overlap,1.00,OMIT_UNSUPPORTED->- x1
aspose-slides-foss/Aspose.Slides-FOSS-for-.NET,readme_unit,Why the `!`,PRESENT_IN_FACTS,9,9 lines,n/a,facts,heading+overlap,1.00,OMIT_UNSUPPORTED->- x1
aspose-slides-foss/Aspose.Slides-FOSS-for-.NET,readme_unit,Examples,PRESENT_IN_FACTS,22,22 lines,n/a,facts,heading+overlap,1.00,OMIT_UNSUPPORTED->- x1
aspose-slides-foss/Aspose.Slides-FOSS-for-.NET,readme_unit,Text and formatting,PRESENT_IN_FACTS,23,23 lines,n/a,facts,heading+overlap,1.00,OMIT_UNSUPPORTED->- x1
aspose-slides-foss/Aspose.Slides-FOSS-for-.NET,readme_unit,Tables,PRESENT_IN_FACTS,18,18 lines,n/a,facts,heading+overlap,1.00,OMIT_UNSUPPORTED->- x1
aspose-slides-foss/Aspose.Slides-FOSS-for-.NET,readme_unit,Pictures,PRESENT_IN_FACTS,19,19 lines,n/a,facts,heading+overlap,1.00,OMIT_UNSUPPORTED->- x1
aspose-slides-foss/Aspose.Slides-FOSS-for-.NET,readme_unit,Effects,PRESENT_IN_FACTS,21,21 lines,n/a,facts,heading+overlap,1.00,OMIT_UNSUPPORTED->- x1
aspose-slides-foss/Aspose.Slides-FOSS-for-.NET,readme_unit,Notes and comments,PRESENT_IN_FACTS,18,18 lines,n/a,facts,heading+overlap,1.00,OMIT_UNSUPPORTED->- x1
aspose-slides-foss/Aspose.Slides-FOSS-for-.NET,readme_unit,Sections,PRESENT_IN_FACTS,16,16 lines,n/a,facts,heading+overlap,1.00,OMIT_UNSUPPORTED->- x1
aspose-slides-foss/Aspose.Slides-FOSS-for-.NET,readme_unit,Streams,PRESENT_IN_FACTS,17,17 lines,n/a,facts,heading+overlap,1.00,OMIT_UNSUPPORTED->- x1
aspose-slides-foss/Aspose.Slides-FOSS-for-.NET,readme_unit,What it can do,PRESENT_IN_FACTS,43,43 lines,n/a,facts,heading+overlap,1.00,SUPERSEDE_REDUNDANT->key_capabilities x1
aspose-slides-foss/Aspose.Slides-FOSS-for-.NET,readme_unit,What it cannot do,PRESENT_IN_FACTS,4,4 lines,n/a,facts,heading+overlap,1.00,SUPERSEDE_REDUNDANT->scope_limitations x1
aspose-slides-foss/Aspose.Slides-FOSS-for-.NET,readme_unit,Not in the public API,PRESENT_IN_FACTS,19,19 lines,n/a,facts,heading+overlap,1.00,OMIT_UNSUPPORTED->- x1
aspose-slides-foss/Aspose.Slides-FOSS-for-.NET,readme_unit,Save formats,PRESENT_IN_FACTS,31,31 lines,n/a,facts,heading+overlap,1.00,OMIT_UNSUPPORTED->- x1
aspose-slides-foss/Aspose.Slides-FOSS-for-.NET,readme_unit,"What ""round-trip"" does and does not mean",PRESENT_IN_FACTS,21,21 lines,n/a,facts,heading+overlap,1.00,OMIT_UNSUPPORTED->- x1
aspose-slides-foss/Aspose.Slides-FOSS-for-.NET,readme_unit,Text language,PRESENT_IN_FACTS,7,7 lines,n/a,facts,heading+overlap,1.00,OMIT_UNSUPPORTED->- x1
aspose-slides-foss/Aspose.Slides-FOSS-for-.NET,readme_unit,Choosing an edition,PRESENT_IN_FACTS,38,38 lines,n/a,facts,heading+overlap,1.00,OMIT_UNSUPPORTED->- x1
aspose-slides-foss/Aspose.Slides-FOSS-for-.NET,readme_unit,Documentation and support,PRESENT_IN_README,23,23 lines,n/a,sealed_readme,content_overlap,0.62,
aspose-slides-foss/Aspose.Slides-FOSS-for-.NET,readme_unit,Contributing,PRESENT_IN_FACTS,12,12 lines,n/a,facts,heading+overlap,1.00,OMIT_UNSUPPORTED->- x1
aspose-slides-foss/Aspose.Slides-FOSS-for-.NET,readme_unit,Security,PRESENT_IN_FACTS,5,5 lines,n/a,facts,heading+overlap,1.00,OMIT_UNSUPPORTED->- x1
aspose-slides-foss/Aspose.Slides-FOSS-for-.NET,readme_unit,License,PRESENT_IN_README,3,3 lines,n/a,sealed_readme,heading+overlap,0.60,
aspose-slides-foss/Aspose.Slides-FOSS-for-.NET,changelog,CHANGELOG.md,PRESENT_IN_FACTS,149,149 lines; headings: Changelog | [Unreleased] | Changed | Fixed | [26.9.0] - 2026-09-10,true,facts,path,1.00,
aspose-slides-foss/Aspose.Slides-FOSS-for-.NET,code_of_conduct,CODE_OF_CONDUCT.md,PRESENT_IN_FACTS,158,158 lines; headings: Contributor Covenant Code of Conduct | Our Pledge | Our Standards | Enforcement Responsibilities | Scope,true,facts,path,1.00,
aspose-slides-foss/Aspose.Slides-FOSS-for-.NET,contributing,CONTRIBUTING.md,PRESENT_IN_FACTS,186,186 lines; headings: Contributing | The one rule that is particular to this project | Prerequisites | Build | Test,true,facts,path,1.00,
aspose-slides-foss/Aspose.Slides-FOSS-for-.NET,root_doc,PUBLISHING.md,MISSING,183,"183 lines; headings: Publishing | Cutting a release | The release-commit checklist | What the workflow checks, in order | Verifying by hand",false,,,,
aspose-slides-foss/Aspose.Slides-FOSS-for-.NET,security_policy,SECURITY.md,PRESENT_IN_FACTS,60,60 lines; headings: Security policy | Supported versions | Reporting a vulnerability | What is in scope | What is out of scope,true,facts,path,1.00,
aspose-slides-foss/Aspose.Slides-FOSS-for-.NET,doc_page,docs/nuget/README.md,PRESENT_IN_README,104,104 lines; headings: Aspose.Slides FOSS for .NET | Install | Quick start | What it does | What it does not do,false,sealed_readme,dir_pointer,0.00,
aspose-slides-foss/Aspose.Slides-FOSS-for-.NET,license_notice,LICENSE,PRESENT_IN_README,21,21 lines,true,sealed_readme,pattern,1.00,
aspose-slides-foss/Aspose.Slides-FOSS-for-.NET,github_release,release v26.9.0,MISSING,6412,latest release v26.9.0 published 2026-09-10; 6412 chars,false,,,,
aspose-slides-foss/Aspose.Slides-FOSS-for-.NET,target_framework,target framework net10.0,MISSING,0,dotnet; declared in 1 file(s): src/Aspose.Slides.Foss/Aspose.Slides.Foss.csproj,true,,,,
aspose-slides-foss/Aspose.Slides-FOSS-for-.NET,target_framework,target framework net8.0,PRESENT_IN_README,0,dotnet; declared in 1 file(s): src/Aspose.Slides.Foss/Aspose.Slides.Foss.csproj,true,sealed_readme,pattern,1.00,
aspose-slides-foss/Aspose.Slides-FOSS-for-.NET,ci_matrix,"os: ubuntu, windows, macos",MISSING,0,matrix axis in .github/workflows/ci.yml,true,,,,
aspose-slides-foss/Aspose.Slides-FOSS-for-.NET,test_suite,tests,PRESENT_IN_README,136,136 test file(s),false,sealed_readme,dir_pointer,0.00,
aspose-slides-foss/Aspose.Slides-FOSS-for-.NET,build_command,dotnet build,MISSING,0,3 source(s): ci:.github/workflows/ci.yml; convention:Aspose.Slides.Foss.sln; convention:src/Aspose.Slides.Foss/Aspose.Slides.Foss.csproj,true,,,,
aspose-slides-foss/Aspose.Slides-FOSS-for-.NET,build_command,dotnet pack,MISSING,0,1 source(s): ci:.github/workflows/ci.yml,false,,,,
aspose-slides-foss/Aspose.Slides-FOSS-for-.NET,test_command,dotnet test,MISSING,0,3 source(s): ci:.github/workflows/ci.yml; convention:Aspose.Slides.Foss.sln; convention:src/Aspose.Slides.Foss/Aspose.Slides.Foss.csproj,false,,,,
aspose-slides-foss/Aspose.Slides-FOSS-for-Cpp,readme_unit,Aspose.Slides FOSS for C++,PRESENT_IN_FACTS,7,7 lines,n/a,facts,heading+overlap,1.00,SUPERSEDE_REDUNDANT->badges x1; SUPERSEDE_REDUNDANT->banner x1; SUPERSEDE_REDUNDANT->dependencies x1; SUPERSEDE_REDUNDANT->identity x1; SUPERSEDE_REDUNDANT->installation x1; SUPERSEDE_REDUNDANT->license x1; SUPERSEDE_REDUNDANT->navigation x1; SUPERSEDE_REDUNDANT->opening x1; VERIFIED_MOVE->additional_examples x1; VERIFIED_MOVE->api_reference x1; VERIFIED_MOVE->quick_start x1; VERIFIED_PRESERVE->at_a_glance x1; VERIFIED_PRESERVE->development_testing x1; VERIFIED_PRESERVE->documentation_resources x1; VERIFIED_PRESERVE->key_capabilities x1; VERIFIED_PRESERVE->scope_limitations x1
aspose-slides-foss/Aspose.Slides-FOSS-for-Cpp,readme_unit,Navigation,PRESENT_IN_README,13,13 lines,n/a,sealed_readme,heading+overlap,0.89,
aspose-slides-foss/Aspose.Slides-FOSS-for-Cpp,readme_unit,At a Glance,PRESENT_IN_README,33,33 lines,n/a,sealed_readme,heading+overlap,0.65,
aspose-slides-foss/Aspose.Slides-FOSS-for-Cpp,readme_unit,Key Capabilities,PRESENT_IN_README,42,42 lines,n/a,sealed_readme,heading+overlap,0.46,
aspose-slides-foss/Aspose.Slides-FOSS-for-Cpp,readme_unit,Installation,PRESENT_IN_FACTS,4,4 lines,n/a,facts,heading+overlap,1.00,SUPERSEDE_REDUNDANT->installation x1
aspose-slides-foss/Aspose.Slides-FOSS-for-Cpp,readme_unit,Build From Source,PRESENT_IN_FACTS,14,14 lines,n/a,facts,heading+overlap,1.00,SUPERSEDE_REDUNDANT->installation x1
aspose-slides-foss/Aspose.Slides-FOSS-for-Cpp,readme_unit,Consume via CMake FetchContent,PRESENT_IN_FACTS,17,17 lines,n/a,facts,heading+overlap,1.00,SUPERSEDE_REDUNDANT->installation x1
aspose-slides-foss/Aspose.Slides-FOSS-for-Cpp,readme_unit,Install and Use the Installed Package,PRESENT_IN_FACTS,44,44 lines,n/a,facts,heading+overlap,1.00,SUPERSEDE_REDUNDANT->installation x1
aspose-slides-foss/Aspose.Slides-FOSS-for-Cpp,readme_unit,Install From NuGet on Windows,PRESENT_IN_FACTS,26,26 lines,n/a,facts,heading+overlap,1.00,SUPERSEDE_REDUNDANT->installation x1
aspose-slides-foss/Aspose.Slides-FOSS-for-Cpp,readme_unit,Required Package Dependencies,PRESENT_IN_FACTS,9,9 lines,n/a,facts,heading+overlap,1.00,SUPERSEDE_REDUNDANT->dependencies x1
aspose-slides-foss/Aspose.Slides-FOSS-for-Cpp,readme_unit,Native and System Requirements,PRESENT_IN_FACTS,9,9 lines,n/a,facts,heading+overlap,1.00,OMIT_UNSUPPORTED->- x1
aspose-slides-foss/Aspose.Slides-FOSS-for-Cpp,readme_unit,Development Dependencies,PRESENT_IN_README,4,4 lines,n/a,sealed_readme,heading+overlap,0.40,
aspose-slides-foss/Aspose.Slides-FOSS-for-Cpp,readme_unit,Quick Start,PRESENT_IN_FACTS,39,39 lines,n/a,facts,heading+overlap,1.00,VERIFIED_MOVE->quick_start x1
aspose-slides-foss/Aspose.Slides-FOSS-for-Cpp,readme_unit,Format Text and Apply a Fill Effect,PRESENT_IN_FACTS,30,30 lines,n/a,facts,heading+overlap,1.00,SUPERSEDE_REDUNDANT->additional_examples x1
aspose-slides-foss/Aspose.Slides-FOSS-for-Cpp,readme_unit,"Table With a Colored, Bordered Cell",PRESENT_IN_FACTS,25,25 lines,n/a,facts,heading+overlap,1.00,SUPERSEDE_REDUNDANT->additional_examples x1
aspose-slides-foss/Aspose.Slides-FOSS-for-Cpp,readme_unit,Connector Between Two Shapes,PRESENT_IN_FACTS,25,25 lines,n/a,facts,heading+overlap,1.00,SUPERSEDE_REDUNDANT->additional_examples x1
aspose-slides-foss/Aspose.Slides-FOSS-for-Cpp,readme_unit,Outer Shadow Effect,PRESENT_IN_FACTS,26,26 lines,n/a,facts,heading+overlap,1.00,SUPERSEDE_REDUNDANT->additional_examples x1
aspose-slides-foss/Aspose.Slides-FOSS-for-Cpp,readme_unit,Speaker Notes,PRESENT_IN_FACTS,18,18 lines,n/a,facts,heading+overlap,1.00,SUPERSEDE_REDUNDANT->additional_examples x1
aspose-slides-foss/Aspose.Slides-FOSS-for-Cpp,readme_unit,Comments and Replies,PRESENT_IN_README,34,34 lines,n/a,sealed_readme,content_overlap,0.62,
aspose-slides-foss/Aspose.Slides-FOSS-for-Cpp,readme_unit,Document Properties,PRESENT_IN_README,17,17 lines,n/a,sealed_readme,content_overlap,1.00,
aspose-slides-foss/Aspose.Slides-FOSS-for-Cpp,readme_unit,API Reference,PRESENT_IN_README,8,8 lines,n/a,sealed_readme,heading+overlap,0.86,
aspose-slides-foss/Aspose.Slides-FOSS-for-Cpp,readme_unit,Foss,PRESENT_IN_README,109,109 lines,n/a,sealed_readme,heading+overlap,0.66,
aspose-slides-foss/Aspose.Slides-FOSS-for-Cpp,readme_unit,Structs,PRESENT_IN_FACTS,19,19 lines,n/a,facts,heading+overlap,1.00,OMIT_UNSUPPORTED->- x1
aspose-slides-foss/Aspose.Slides-FOSS-for-Cpp,readme_unit,Enumerations,PRESENT_IN_README,48,48 lines,n/a,sealed_readme,heading+overlap,0.84,
aspose-slides-foss/Aspose.Slides-FOSS-for-Cpp,readme_unit,Presentation and Slides,PRESENT_IN_FACTS,19,19 lines,n/a,facts,heading+overlap,1.00,VERIFIED_MOVE->api_reference x1
aspose-slides-foss/Aspose.Slides-FOSS-for-Cpp,readme_unit,Shapes,PRESENT_IN_FACTS,19,19 lines,n/a,facts,heading+overlap,1.00,SUPERSEDE_REDUNDANT->api_reference x1
aspose-slides-foss/Aspose.Slides-FOSS-for-Cpp,readme_unit,Text,PRESENT_IN_FACTS,13,13 lines,n/a,facts,heading+overlap,1.00,SUPERSEDE_REDUNDANT->api_reference x1
aspose-slides-foss/Aspose.Slides-FOSS-for-Cpp,readme_unit,"Fill, Line, Effects, and 3D",PRESENT_IN_FACTS,12,12 lines,n/a,facts,heading+overlap,1.00,SUPERSEDE_REDUNDANT->api_reference x1
aspose-slides-foss/Aspose.Slides-FOSS-for-Cpp,readme_unit,"Document Properties, Notes, and Comments",PRESENT_IN_README,8,8 lines,n/a,sealed_readme,content_overlap,0.61,
aspose-slides-foss/Aspose.Slides-FOSS-for-Cpp,readme_unit,Images,PRESENT_IN_FACTS,6,6 lines,n/a,facts,heading+overlap,1.00,SUPERSEDE_REDUNDANT->api_reference x1
aspose-slides-foss/Aspose.Slides-FOSS-for-Cpp,readme_unit,Documentation & Resources,PRESENT_IN_README,18,18 lines,n/a,sealed_readme,heading+overlap,0.58,
aspose-slides-foss/Aspose.Slides-FOSS-for-Cpp,readme_unit,Scope and Limitations,PRESENT_IN_FACTS,79,79 lines,n/a,facts,heading+overlap,1.00,VERIFIED_PRESERVE->scope_limitations x1
aspose-slides-foss/Aspose.Slides-FOSS-for-Cpp,readme_unit,Development and Testing,PRESENT_IN_FACTS,46,46 lines,n/a,facts,heading+overlap,1.00,VERIFIED_PRESERVE->development_testing x1
aspose-slides-foss/Aspose.Slides-FOSS-for-Cpp,readme_unit,License,PRESENT_IN_README,4,4 lines,n/a,sealed_readme,heading+overlap,1.00,
aspose-slides-foss/Aspose.Slides-FOSS-for-Cpp,changelog,CHANGELOG.md,PRESENT_IN_FACTS,294,294 lines; headings: Changelog | [Unreleased] | Changed | Fixed | [26.9.0] - 2026-09-14,true,facts,path,1.00,
aspose-slides-foss/Aspose.Slides-FOSS-for-Cpp,code_of_conduct,CODE_OF_CONDUCT.md,PRESENT_IN_FACTS,147,147 lines; headings: Contributor Covenant Code of Conduct | Our Pledge | Our Standards | Enforcement Responsibilities | Scope,true,facts,path,1.00,
aspose-slides-foss/Aspose.Slides-FOSS-for-Cpp,contributing,CONTRIBUTING.md,PRESENT_IN_FACTS,256,256 lines; headings: Contributing | The one rule that is particular to this project | Prerequisites | Build | Test,true,facts,path,1.00,
aspose-slides-foss/Aspose.Slides-FOSS-for-Cpp,root_doc,PUBLISHING.md,PRESENT_IN_README,178,"178 lines; headings: Publishing | The two things this repository cannot do for itself | Cutting a release | The release-commit checklist | What the workflow checks, in order",true,sealed_readme,path,1.00,
aspose-slides-foss/Aspose.Slides-FOSS-for-Cpp,security_policy,SECURITY.md,PRESENT_IN_FACTS,89,89 lines; headings: Security policy | Supported versions | Reporting a vulnerability | What is in scope | What is out of scope,true,facts,path,1.00,
aspose-slides-foss/Aspose.Slides-FOSS-for-Cpp,doc_page,docs/nuget/README.md,PRESENT_IN_FACTS,130,130 lines; headings: Aspose.Slides FOSS for C++ | Install | What is in the package | Quick start | What it does,true,facts,path,1.00,
aspose-slides-foss/Aspose.Slides-FOSS-for-Cpp,license_notice,LICENSE,PRESENT_IN_README,22,22 lines,true,sealed_readme,pattern,1.00,
aspose-slides-foss/Aspose.Slides-FOSS-for-Cpp,license_notice,THIRD_PARTY_NOTICES,PRESENT_IN_README,87,notice file,false,sealed_readme,heading,0.00,
aspose-slides-foss/Aspose.Slides-FOSS-for-Cpp,github_release,release v26.9.0,MISSING,17719,latest release v26.9.0 published 2026-09-14; 17719 chars,false,,,,
aspose-slides-foss/Aspose.Slides-FOSS-for-Cpp,target_framework,C++ standard 20,PRESENT_IN_README,0,cxx; declared in 1 file(s): CMakeLists.txt,true,sealed_readme,pattern,1.00,
aspose-slides-foss/Aspose.Slides-FOSS-for-Cpp,ci_matrix,"os: ubuntu, macos, windows",MISSING,0,matrix axis in .github/workflows/ci.yml,true,,,,
aspose-slides-foss/Aspose.Slides-FOSS-for-Cpp,ci_matrix,"cc: gcc, clang",MISSING,0,matrix axis in .github/workflows/ci.yml,true,,,,
aspose-slides-foss/Aspose.Slides-FOSS-for-Cpp,ci_matrix,"cxx: g++, clang++",MISSING,0,matrix axis in .github/workflows/ci.yml,false,,,,
aspose-slides-foss/Aspose.Slides-FOSS-for-Cpp,example_file,examples/consumer/main.cpp,PRESENT_IN_FACTS,41,41 lines,true,facts,path,1.00,
aspose-slides-foss/Aspose.Slides-FOSS-for-Cpp,example_file,examples/nuget-consumer/README.md,PRESENT_IN_FACTS,56,56 lines,true,facts,path,1.00,
aspose-slides-foss/Aspose.Slides-FOSS-for-Cpp,example_file,examples/nuget-consumer/main.cpp,PRESENT_IN_FACTS,50,50 lines,true,facts,path,1.00,
aspose-slides-foss/Aspose.Slides-FOSS-for-Cpp,test_suite,tests,PRESENT_IN_README,134,134 test file(s),true,sealed_readme,dir_pointer,0.00,
aspose-slides-foss/Aspose.Slides-FOSS-for-Cpp,build_command,cmake --build,MISSING,0,2 source(s): ci:.github/workflows/ci.yml; convention:CMakeLists.txt,true,,,,
aspose-slides-foss/Aspose.Slides-FOSS-for-Cpp,test_command,ctest,MISSING,0,1 source(s): ci:.github/workflows/ci.yml,true,,,,
aspose-slides-foss/Aspose.Slides-FOSS-for-Java,readme_unit,Aspose.Slides FOSS for Java,PRESENT_IN_FACTS,16,16 lines,n/a,facts,heading+overlap,1.00,CORRECT_WITH_EVIDENCE->scope_limitations x1; SUPERSEDE_REDUNDANT->badges x1; SUPERSEDE_REDUNDANT->banner x1; SUPERSEDE_REDUNDANT->dependencies x2; SUPERSEDE_REDUNDANT->development_testing x1; SUPERSEDE_REDUNDANT->documentation_resources x1; SUPERSEDE_REDUNDANT->identity x1; SUPERSEDE_REDUNDANT->installation x1; SUPERSEDE_REDUNDANT->license x1; SUPERSEDE_REDUNDANT->navigation x1; SUPERSEDE_REDUNDANT->opening x1; SUPERSEDE_REDUNDANT->scope_limitations x1; VERIFIED_PRESERVE->additional_examples x1; VERIFIED_PRESERVE->api_reference x1; VERIFIED_PRESERVE->at_a_glance x1; VERIFIED_PRESERVE->key_capabilities x1; VERIFIED_PRESERVE->quick_start x1
aspose-slides-foss/Aspose.Slides-FOSS-for-Java,readme_unit,Navigation,PRESENT_IN_README,13,13 lines,n/a,sealed_readme,heading+overlap,1.00,
aspose-slides-foss/Aspose.Slides-FOSS-for-Java,readme_unit,At a Glance,PRESENT_IN_README,33,33 lines,n/a,sealed_readme,heading+overlap,0.65,
aspose-slides-foss/Aspose.Slides-FOSS-for-Java,readme_unit,Key Capabilities,PRESENT_IN_FACTS,26,26 lines,n/a,facts,heading+overlap,1.00,VERIFIED_PRESERVE->key_capabilities x1
aspose-slides-foss/Aspose.Slides-FOSS-for-Java,readme_unit,Installation,PRESENT_IN_FACTS,37,37 lines,n/a,facts,heading+overlap,1.00,SUPERSEDE_REDUNDANT->installation x1
aspose-slides-foss/Aspose.Slides-FOSS-for-Java,readme_unit,Required Package Dependencies,PRESENT_IN_README,3,3 lines,n/a,sealed_readme,heading+overlap,1.00,
aspose-slides-foss/Aspose.Slides-FOSS-for-Java,readme_unit,Native and System Requirements,PRESENT_IN_FACTS,8,8 lines,n/a,facts,heading+overlap,1.00,SUPERSEDE_REDUNDANT->dependencies x1
aspose-slides-foss/Aspose.Slides-FOSS-for-Java,readme_unit,Development Dependencies,PRESENT_IN_README,6,6 lines,n/a,sealed_readme,heading+overlap,0.71,
aspose-slides-foss/Aspose.Slides-FOSS-for-Java,readme_unit,Quick Start,PRESENT_IN_FACTS,37,37 lines,n/a,facts,heading+overlap,1.00,VERIFIED_PRESERVE->quick_start x1
aspose-slides-foss/Aspose.Slides-FOSS-for-Java,readme_unit,Additional Examples,PRESENT_IN_README,29,29 lines,n/a,sealed_readme,heading+overlap,0.59,
aspose-slides-foss/Aspose.Slides-FOSS-for-Java,readme_unit,Add a Threaded Comment to a Slide,PRESENT_IN_README,19,19 lines,n/a,sealed_readme,heading+overlap,1.00,
aspose-slides-foss/Aspose.Slides-FOSS-for-Java,readme_unit,Set Document Properties,PRESENT_IN_README,17,17 lines,n/a,sealed_readme,content_overlap,1.00,
aspose-slides-foss/Aspose.Slides-FOSS-for-Java,readme_unit,Apply an Outer Shadow Effect to a Shape,PRESENT_IN_README,23,23 lines,n/a,sealed_readme,heading+overlap,1.00,
aspose-slides-foss/Aspose.Slides-FOSS-for-Java,readme_unit,Add Speaker Notes to a Slide,PRESENT_IN_README,14,14 lines,n/a,sealed_readme,heading+overlap,1.00,
aspose-slides-foss/Aspose.Slides-FOSS-for-Java,readme_unit,Embed an Image as a Picture Frame,PRESENT_IN_README,14,14 lines,n/a,sealed_readme,content_overlap,0.64,
aspose-slides-foss/Aspose.Slides-FOSS-for-Java,readme_unit,Clone a Slide,PRESENT_IN_README,12,12 lines,n/a,sealed_readme,content_overlap,1.00,
aspose-slides-foss/Aspose.Slides-FOSS-for-Java,readme_unit,Open an Existing Presentation,PRESENT_IN_README,10,10 lines,n/a,sealed_readme,content_overlap,1.00,
aspose-slides-foss/Aspose.Slides-FOSS-for-Java,readme_unit,Save a Presentation to an In-Memory Stream,PRESENT_IN_README,12,12 lines,n/a,sealed_readme,heading+overlap,1.00,
aspose-slides-foss/Aspose.Slides-FOSS-for-Java,readme_unit,"Format a Text Portion's Font Size, Weight, and Color",PRESENT_IN_README,21,21 lines,n/a,sealed_readme,heading+overlap,1.00,
aspose-slides-foss/Aspose.Slides-FOSS-for-Java,readme_unit,Create a Table and Set Cell Text,PRESENT_IN_README,15,15 lines,n/a,sealed_readme,heading+overlap,1.00,
aspose-slides-foss/Aspose.Slides-FOSS-for-Java,readme_unit,Save a Subset of Slides,PRESENT_IN_README,15,15 lines,n/a,sealed_readme,content_overlap,0.61,
aspose-slides-foss/Aspose.Slides-FOSS-for-Java,readme_unit,API Reference,PRESENT_IN_README,6,6 lines,n/a,sealed_readme,heading+overlap,0.87,
aspose-slides-foss/Aspose.Slides-FOSS-for-Java,readme_unit,Foss,PRESENT_IN_README,99,99 lines,n/a,sealed_readme,content_overlap,1.00,
aspose-slides-foss/Aspose.Slides-FOSS-for-Java,readme_unit,Interfaces,PRESENT_IN_README,105,105 lines,n/a,sealed_readme,content_overlap,1.00,
aspose-slides-foss/Aspose.Slides-FOSS-for-Java,readme_unit,Enumerations,PRESENT_IN_README,48,48 lines,n/a,sealed_readme,heading+overlap,1.00,
aspose-slides-foss/Aspose.Slides-FOSS-for-Java,readme_unit,Detailed Member Reference,PRESENT_IN_README,41,41 lines,n/a,sealed_readme,heading+overlap,0.56,
aspose-slides-foss/Aspose.Slides-FOSS-for-Java,readme_unit,Documentation & Resources,PRESENT_IN_README,16,16 lines,n/a,sealed_readme,heading+overlap,0.51,
aspose-slides-foss/Aspose.Slides-FOSS-for-Java,readme_unit,Choosing an Edition,PRESENT_IN_FACTS,34,34 lines,n/a,facts,heading+overlap,1.00,SUPERSEDE_REDUNDANT->enterprise_relationship x1
aspose-slides-foss/Aspose.Slides-FOSS-for-Java,readme_unit,Scope and Limitations,PRESENT_IN_FACTS,51,51 lines,n/a,facts,heading+overlap,1.00,SUPERSEDE_REDUNDANT->scope_limitations x1
aspose-slides-foss/Aspose.Slides-FOSS-for-Java,readme_unit,Development and Testing,PRESENT_IN_FACTS,36,36 lines,n/a,facts,heading+overlap,1.00,SUPERSEDE_REDUNDANT->development_testing x1
aspose-slides-foss/Aspose.Slides-FOSS-for-Java,readme_unit,License,PRESENT_IN_README,2,2 lines,n/a,sealed_readme,heading+overlap,1.00,
aspose-slides-foss/Aspose.Slides-FOSS-for-Java,changelog,CHANGELOG.md,PRESENT_IN_FACTS,240,240 lines; headings: Changelog | Unreleased | Changed | Fixed | [26.8.0] - 2026-08-16,true,facts,path,1.00,
aspose-slides-foss/Aspose.Slides-FOSS-for-Java,code_of_conduct,CODE_OF_CONDUCT.md,PRESENT_IN_FACTS,147,147 lines; headings: Contributor Covenant Code of Conduct | Our Pledge | Our Standards | Enforcement Responsibilities | Scope,true,facts,path,1.00,
aspose-slides-foss/Aspose.Slides-FOSS-for-Java,contributing,CONTRIBUTING.md,PRESENT_IN_FACTS,198,198 lines; headings: Contributing | The one rule that is particular to this project | Prerequisites | Build | Test,true,facts,path,1.00,
aspose-slides-foss/Aspose.Slides-FOSS-for-Java,root_doc,PUBLISHING.md,PRESENT_IN_README,145,"145 lines; headings: Publishing to Maven Central | Cutting a release | What the release job does, and what fails it | Re-running a release that half-failed | Credentials",true,sealed_readme,path,1.00,
aspose-slides-foss/Aspose.Slides-FOSS-for-Java,security_policy,SECURITY.md,PRESENT_IN_FACTS,80,80 lines; headings: Security policy | Supported versions | Reporting a vulnerability | What is in scope | What is out of scope,true,facts,path,1.00,
aspose-slides-foss/Aspose.Slides-FOSS-for-Java,license_notice,LICENSE,PRESENT_IN_README,21,21 lines,true,sealed_readme,pattern,1.00,
aspose-slides-foss/Aspose.Slides-FOSS-for-Java,github_release,release v26.7.0,PRESENT_IN_README,101,latest release v26.7.0 published 2026-07-27; 101 chars,true,sealed_readme,content_overlap,0.67,
aspose-slides-foss/Aspose.Slides-FOSS-for-Java,target_framework,java release 21,PRESENT_IN_README,0,java; declared in 1 file(s): pom.xml,true,sealed_readme,pattern,1.00,
aspose-slides-foss/Aspose.Slides-FOSS-for-Java,ci_matrix,"os: ubuntu, windows, macos",MISSING,0,matrix axis in .github/workflows/build.yml,true,,,,
aspose-slides-foss/Aspose.Slides-FOSS-for-Java,ci_matrix,"java: 21, 25",PRESENT_IN_README,0,matrix axis in .github/workflows/build.yml,true,sealed_readme,values,1.00,
aspose-slides-foss/Aspose.Slides-FOSS-for-Java,test_suite,src/test,MISSING,101,101 test file(s),false,,,,
aspose-slides-foss/Aspose.Slides-FOSS-for-Java,test_suite,tests,PRESENT_IN_README,42,42 test file(s),false,sealed_readme,dir_pointer,0.00,
aspose-slides-foss/Aspose.Slides-FOSS-for-Java,build_command,mvn package,MISSING,0,1 source(s): ci:.github/workflows/build.yml,false,,,,
aspose-slides-foss/Aspose.Slides-FOSS-for-Java,test_command,mvn test,MISSING,0,1 source(s): convention:pom.xml,false,,,,
aspose-slides-foss/Aspose.Slides-FOSS-for-Java,test_command,mvn verify,PRESENT_IN_README,0,2 source(s): ci:.github/workflows/build.yml; ci:.github/workflows/maven-central-release.yml,true,sealed_readme,command,1.00,
aspose-slides-foss/Aspose.Slides-FOSS-for-Python,readme_unit,Aspose.Slides FOSS for Python,PRESENT_IN_README,10,10 lines,n/a,sealed_readme,heading+overlap,0.60,
aspose-slides-foss/Aspose.Slides-FOSS-for-Python,readme_unit,Navigation,PRESENT_IN_README,13,13 lines,n/a,sealed_readme,heading+overlap,1.00,
aspose-slides-foss/Aspose.Slides-FOSS-for-Python,readme_unit,At a Glance,PRESENT_IN_README,37,37 lines,n/a,sealed_readme,heading+overlap,0.61,
aspose-slides-foss/Aspose.Slides-FOSS-for-Python,readme_unit,Key Capabilities,PRESENT_IN_README,54,54 lines,n/a,sealed_readme,heading+overlap,0.51,
aspose-slides-foss/Aspose.Slides-FOSS-for-Python,readme_unit,Installation,PRESENT_IN_FACTS,28,28 lines,n/a,facts,heading+overlap,0.92,SUPERSEDE_REDUNDANT->installation x1
aspose-slides-foss/Aspose.Slides-FOSS-for-Python,readme_unit,Required Package Dependencies,PRESENT_IN_FACTS,4,4 lines,n/a,facts,content_overlap,0.62,
aspose-slides-foss/Aspose.Slides-FOSS-for-Python,readme_unit,Native and System Requirements,PRESENT_IN_FACTS,6,6 lines,n/a,facts,content_overlap,0.84,
aspose-slides-foss/Aspose.Slides-FOSS-for-Python,readme_unit,Development Dependencies,MISSING,5,5 lines,n/a,,,,
aspose-slides-foss/Aspose.Slides-FOSS-for-Python,readme_unit,Quick Start,PRESENT_IN_README,18,18 lines,n/a,sealed_readme,heading+overlap,0.92,
aspose-slides-foss/Aspose.Slides-FOSS-for-Python,readme_unit,Add a Shape With Text,PRESENT_IN_README,16,16 lines,n/a,sealed_readme,content_overlap,1.00,
aspose-slides-foss/Aspose.Slides-FOSS-for-Python,readme_unit,Format Text,PRESENT_IN_README,18,18 lines,n/a,sealed_readme,content_overlap,1.00,
aspose-slides-foss/Aspose.Slides-FOSS-for-Python,readme_unit,Add a Table,PRESENT_IN_README,12,12 lines,n/a,sealed_readme,content_overlap,0.95,
aspose-slides-foss/Aspose.Slides-FOSS-for-Python,readme_unit,Connect Two Shapes,PRESENT_IN_README,18,18 lines,n/a,sealed_readme,content_overlap,1.00,
aspose-slides-foss/Aspose.Slides-FOSS-for-Python,readme_unit,Fill a Shape,PRESENT_IN_README,14,14 lines,n/a,sealed_readme,content_overlap,1.00,
aspose-slides-foss/Aspose.Slides-FOSS-for-Python,readme_unit,Embed an Image,PRESENT_IN_README,17,17 lines,n/a,sealed_readme,content_overlap,0.63,
aspose-slides-foss/Aspose.Slides-FOSS-for-Python,readme_unit,Add Speaker Notes,PRESENT_IN_README,11,11 lines,n/a,sealed_readme,content_overlap,1.00,
aspose-slides-foss/Aspose.Slides-FOSS-for-Python,readme_unit,Add a Threaded Comment,PRESENT_IN_README,14,14 lines,n/a,sealed_readme,content_overlap,0.96,
aspose-slides-foss/Aspose.Slides-FOSS-for-Python,readme_unit,Set Document Properties,PRESENT_IN_README,12,12 lines,n/a,sealed_readme,content_overlap,1.00,
aspose-slides-foss/Aspose.Slides-FOSS-for-Python,readme_unit,Build a Chart From Scratch,PRESENT_IN_README,49,49 lines,n/a,sealed_readme,content_overlap,0.82,
aspose-slides-foss/Aspose.Slides-FOSS-for-Python,readme_unit,Apply a Slide Transition,PRESENT_IN_README,14,14 lines,n/a,sealed_readme,content_overlap,0.95,
aspose-slides-foss/Aspose.Slides-FOSS-for-Python,readme_unit,Group Shapes,PRESENT_IN_README,15,15 lines,n/a,sealed_readme,content_overlap,1.00,
aspose-slides-foss/Aspose.Slides-FOSS-for-Python,readme_unit,Export to Markdown,PRESENT_IN_FACTS,28,28 lines,n/a,facts,content_overlap,0.98,
aspose-slides-foss/Aspose.Slides-FOSS-for-Python,readme_unit,API Reference,PRESENT_IN_README,7,7 lines,n/a,sealed_readme,heading+overlap,0.84,
aspose-slides-foss/Aspose.Slides-FOSS-for-Python,readme_unit,Core API,PRESENT_IN_README,82,82 lines,n/a,sealed_readme,heading+overlap,0.96,
aspose-slides-foss/Aspose.Slides-FOSS-for-Python,readme_unit,Enumerations,PRESENT_IN_README,49,49 lines,n/a,sealed_readme,heading+overlap,1.00,
aspose-slides-foss/Aspose.Slides-FOSS-for-Python,readme_unit,Animation,PRESENT_IN_README,29,29 lines,n/a,sealed_readme,content_overlap,1.00,
aspose-slides-foss/Aspose.Slides-FOSS-for-Python,readme_unit,Enumerations #2,PRESENT_IN_README,31,31 lines,n/a,sealed_readme,heading+overlap,1.00,
aspose-slides-foss/Aspose.Slides-FOSS-for-Python,readme_unit,Charts,PRESENT_IN_README,45,45 lines,n/a,sealed_readme,content_overlap,1.00,
aspose-slides-foss/Aspose.Slides-FOSS-for-Python,readme_unit,Enumerations #3,PRESENT_IN_README,28,28 lines,n/a,sealed_readme,heading+overlap,1.00,
aspose-slides-foss/Aspose.Slides-FOSS-for-Python,readme_unit,Drawing,PRESENT_IN_README,10,10 lines,n/a,sealed_readme,content_overlap,1.00,
aspose-slides-foss/Aspose.Slides-FOSS-for-Python,readme_unit,Effects,PRESENT_IN_README,15,15 lines,n/a,sealed_readme,content_overlap,1.00,
aspose-slides-foss/Aspose.Slides-FOSS-for-Python,readme_unit,Export,PRESENT_IN_README,7,7 lines,n/a,sealed_readme,content_overlap,1.00,
aspose-slides-foss/Aspose.Slides-FOSS-for-Python,readme_unit,Slideshow,PRESENT_IN_README,11,11 lines,n/a,sealed_readme,content_overlap,0.94,
aspose-slides-foss/Aspose.Slides-FOSS-for-Python,readme_unit,Theme,PRESENT_IN_README,9,9 lines,n/a,sealed_readme,content_overlap,1.00,
aspose-slides-foss/Aspose.Slides-FOSS-for-Python,readme_unit,Presentation and Slides,MISSING,22,22 lines,n/a,,,,
aspose-slides-foss/Aspose.Slides-FOSS-for-Python,readme_unit,Shapes,PRESENT_IN_FACTS,14,14 lines,n/a,facts,heading+overlap,0.54,VERIFIED_MOVE->additional_examples x1
aspose-slides-foss/Aspose.Slides-FOSS-for-Python,readme_unit,Text,MISSING,12,12 lines,n/a,,,,
aspose-slides-foss/Aspose.Slides-FOSS-for-Python,readme_unit,Charts #2,PRESENT_IN_README,12,12 lines,n/a,sealed_readme,content_overlap,0.77,
aspose-slides-foss/Aspose.Slides-FOSS-for-Python,readme_unit,Animation #2,PRESENT_IN_README,9,9 lines,n/a,sealed_readme,content_overlap,0.82,
aspose-slides-foss/Aspose.Slides-FOSS-for-Python,readme_unit,Slide Transitions,PRESENT_IN_README,7,7 lines,n/a,sealed_readme,content_overlap,0.62,
aspose-slides-foss/Aspose.Slides-FOSS-for-Python,readme_unit,Styling,MISSING,28,28 lines,n/a,,,,
aspose-slides-foss/Aspose.Slides-FOSS-for-Python,readme_unit,3D,PRESENT_IN_README,5,5 lines,n/a,sealed_readme,content_overlap,0.60,
aspose-slides-foss/Aspose.Slides-FOSS-for-Python,readme_unit,"Document Properties, Notes, and Comments",PRESENT_IN_README,16,16 lines,n/a,sealed_readme,content_overlap,0.65,
aspose-slides-foss/Aspose.Slides-FOSS-for-Python,readme_unit,Images,MISSING,6,6 lines,n/a,,,,
aspose-slides-foss/Aspose.Slides-FOSS-for-Python,readme_unit,Enums,MISSING,9,9 lines,n/a,,,,
aspose-slides-foss/Aspose.Slides-FOSS-for-Python,readme_unit,Documentation & Resources,MISSING,15,15 lines,n/a,,,,
aspose-slides-foss/Aspose.Slides-FOSS-for-Python,readme_unit,Scope and Limitations,PRESENT_IN_README,38,38 lines,n/a,sealed_readme,heading+overlap,0.55,
aspose-slides-foss/Aspose.Slides-FOSS-for-Python,readme_unit,Development and Testing,PRESENT_IN_FACTS,23,23 lines,n/a,facts,content_overlap,0.64,
aspose-slides-foss/Aspose.Slides-FOSS-for-Python,readme_unit,License,PRESENT_IN_README,6,6 lines,n/a,sealed_readme,heading+overlap,0.77,
aspose-slides-foss/Aspose.Slides-FOSS-for-Python,changelog,CHANGELOG.md,PRESENT_IN_README,205,205 lines; headings: Changelog | [Unreleased] | Changed | Added | Fixed,true,sealed_readme,path,1.00,
aspose-slides-foss/Aspose.Slides-FOSS-for-Python,code_of_conduct,CODE_OF_CONDUCT.md,PRESENT_IN_README,158,158 lines; headings: Contributor Covenant Code of Conduct | Our Pledge | Our Standards | Enforcement Responsibilities | Scope,true,sealed_readme,path,1.00,
aspose-slides-foss/Aspose.Slides-FOSS-for-Python,contributing,CONTRIBUTING.md,PRESENT_IN_README,260,260 lines; headings: Contributing | The one rule that is particular to this project | Prerequisites | A virtual environment is not optional here | Build,true,sealed_readme,path,1.00,
aspose-slides-foss/Aspose.Slides-FOSS-for-Python,root_doc,PUBLISHING.md,MISSING,110,110 lines; headings: Publishing a release | Before the first release: two things a maintainer must do by hand | 1. Register the trusted publisher on PyPI | 2. Create the `pypi` environment in this repository | Before every release: the vers,true,,,,
aspose-slides-foss/Aspose.Slides-FOSS-for-Python,security_policy,SECURITY.md,PRESENT_IN_README,84,84 lines; headings: Security policy | Supported versions | Reporting a vulnerability | What is in scope | What is out of scope,true,sealed_readme,path,1.00,
aspose-slides-foss/Aspose.Slides-FOSS-for-Python,license_notice,LICENSE,PRESENT_IN_README,21,21 lines,true,sealed_readme,pattern,1.00,
aspose-slides-foss/Aspose.Slides-FOSS-for-Python,github_release,release 26.8.0,MISSING,1620,latest release 26.8.0 published 2026-07-28; 1620 chars,false,,,,
aspose-slides-foss/Aspose.Slides-FOSS-for-Python,target_framework,requires-python >=3.10,PRESENT_IN_README,0,python; declared in 1 file(s): pyproject.toml,true,sealed_readme,pattern,1.00,
aspose-slides-foss/Aspose.Slides-FOSS-for-Python,ci_matrix,"os: ubuntu, windows, macos",MISSING,0,matrix axis in .github/workflows/ci.yml,true,,,,
aspose-slides-foss/Aspose.Slides-FOSS-for-Python,ci_matrix,"python-version: 3.10, 3.11, 3.12, 3.13, 3.14",MISSING,0,matrix axis in .github/workflows/ci.yml,true,,,,
aspose-slides-foss/Aspose.Slides-FOSS-for-Python,test_suite,tests,PRESENT_IN_README,52,52 test file(s),false,sealed_readme,dir_pointer,0.00,
aspose-slides-foss/Aspose.Slides-FOSS-for-Python,build_command,python -m build,MISSING,0,1 source(s): ci:.github/workflows/ci.yml,false,,,,
aspose-slides-foss/Aspose.Slides-FOSS-for-Python,test_command,pytest,PRESENT_IN_README,0,3 source(s): ci:.github/workflows/ci.yml; convention:pyproject.toml; convention:tests/conftest.py,true,sealed_readme,command,1.00,
aspose-tex-foss/Aspose.TeX-FOSS-for-Python,readme_unit,Aspose.TeX FOSS for Python,NO_BUNDLE,10,10 lines,n/a,,,,
aspose-tex-foss/Aspose.TeX-FOSS-for-Python,readme_unit,Navigation,NO_BUNDLE,13,13 lines,n/a,,,,
aspose-tex-foss/Aspose.TeX-FOSS-for-Python,readme_unit,At a Glance,NO_BUNDLE,24,24 lines,n/a,,,,
aspose-tex-foss/Aspose.TeX-FOSS-for-Python,readme_unit,Key Capabilities,NO_BUNDLE,20,20 lines,n/a,,,,
aspose-tex-foss/Aspose.TeX-FOSS-for-Python,readme_unit,Installation,NO_BUNDLE,17,17 lines,n/a,,,,
aspose-tex-foss/Aspose.TeX-FOSS-for-Python,readme_unit,Required Package Dependencies,NO_BUNDLE,4,4 lines,n/a,,,,
aspose-tex-foss/Aspose.TeX-FOSS-for-Python,readme_unit,Native and System Requirements,NO_BUNDLE,3,3 lines,n/a,,,,
aspose-tex-foss/Aspose.TeX-FOSS-for-Python,readme_unit,Development Dependencies,NO_BUNDLE,6,6 lines,n/a,,,,
aspose-tex-foss/Aspose.TeX-FOSS-for-Python,readme_unit,Quick Start,NO_BUNDLE,24,24 lines,n/a,,,,
aspose-tex-foss/Aspose.TeX-FOSS-for-Python,readme_unit,Additional Examples,NO_BUNDLE,4,4 lines,n/a,,,,
aspose-tex-foss/Aspose.TeX-FOSS-for-Python,readme_unit,DVI Output,NO_BUNDLE,22,22 lines,n/a,,,,
aspose-tex-foss/Aspose.TeX-FOSS-for-Python,readme_unit,SVG Output,NO_BUNDLE,35,35 lines,n/a,,,,
aspose-tex-foss/Aspose.TeX-FOSS-for-Python,readme_unit,Job Options,NO_BUNDLE,11,11 lines,n/a,,,,
aspose-tex-foss/Aspose.TeX-FOSS-for-Python,readme_unit,Messages and Logging,NO_BUNDLE,25,25 lines,n/a,,,,
aspose-tex-foss/Aspose.TeX-FOSS-for-Python,readme_unit,API Reference,NO_BUNDLE,7,7 lines,n/a,,,,
aspose-tex-foss/Aspose.TeX-FOSS-for-Python,readme_unit,Core API,NO_BUNDLE,8,8 lines,n/a,,,,
aspose-tex-foss/Aspose.TeX-FOSS-for-Python,readme_unit,Presentation,NO_BUNDLE,10,10 lines,n/a,,,,
aspose-tex-foss/Aspose.TeX-FOSS-for-Python,readme_unit,Enumerations,NO_BUNDLE,7,7 lines,n/a,,,,
aspose-tex-foss/Aspose.TeX-FOSS-for-Python,readme_unit,Processing,NO_BUNDLE,12,12 lines,n/a,,,,
aspose-tex-foss/Aspose.TeX-FOSS-for-Python,readme_unit,Output Devices,NO_BUNDLE,10,10 lines,n/a,,,,
aspose-tex-foss/Aspose.TeX-FOSS-for-Python,readme_unit,Input Sources,NO_BUNDLE,4,4 lines,n/a,,,,
aspose-tex-foss/Aspose.TeX-FOSS-for-Python,readme_unit,Exceptions,NO_BUNDLE,8,8 lines,n/a,,,,
aspose-tex-foss/Aspose.TeX-FOSS-for-Python,readme_unit,Documentation & Resources,NO_BUNDLE,6,6 lines,n/a,,,,
aspose-tex-foss/Aspose.TeX-FOSS-for-Python,readme_unit,Scope and Limitations,NO_BUNDLE,21,21 lines,n/a,,,,
aspose-tex-foss/Aspose.TeX-FOSS-for-Python,readme_unit,Development and Testing,NO_BUNDLE,21,21 lines,n/a,,,,
aspose-tex-foss/Aspose.TeX-FOSS-for-Python,readme_unit,License,NO_BUNDLE,6,6 lines,n/a,,,,
aspose-tex-foss/Aspose.TeX-FOSS-for-Python,license_notice,LICENSE,NO_BUNDLE,22,22 lines,true,,,,
aspose-tex-foss/Aspose.TeX-FOSS-for-Python,license_notice,LICENSE-FONTS,NO_BUNDLE,12,12 lines,true,,,,
aspose-tex-foss/Aspose.TeX-FOSS-for-Python,target_framework,requires-python >=3.10,NO_BUNDLE,0,python; declared in 1 file(s): pyproject.toml,true,,,,
aspose-tex-foss/Aspose.TeX-FOSS-for-Python,test_suite,tests,NO_BUNDLE,74,74 test file(s),false,,,,
aspose-tex-foss/Aspose.TeX-FOSS-for-Python,test_command,pytest,NO_BUNDLE,0,1 source(s): convention:pyproject.toml,true,,,,
aspose-words-foss/Aspose.Words-FOSS-for-.NET,readme_unit,Aspose.Words FOSS for .NET,PRESENT_IN_README,5,5 lines,n/a,sealed_readme,heading+overlap,0.73,
aspose-words-foss/Aspose.Words-FOSS-for-.NET,readme_unit,At a Glance,PRESENT_IN_README,35,35 lines,n/a,sealed_readme,heading+overlap,0.59,
aspose-words-foss/Aspose.Words-FOSS-for-.NET,readme_unit,Navigation,PRESENT_IN_README,17,17 lines,n/a,sealed_readme,heading+overlap,0.45,
aspose-words-foss/Aspose.Words-FOSS-for-.NET,readme_unit,What it can do,PRESENT_IN_FACTS,14,14 lines,n/a,facts,heading+overlap,1.00,SUPERSEDE_REDUNDANT->key_capabilities x1
aspose-words-foss/Aspose.Words-FOSS-for-.NET,readme_unit,Supported formats,PRESENT_IN_FACTS,10,10 lines,n/a,facts,heading+overlap,1.00,SUPERSEDE_REDUNDANT->scope_limitations x1
aspose-words-foss/Aspose.Words-FOSS-for-.NET,readme_unit,Getting started,PRESENT_IN_FACTS,19,19 lines,n/a,facts,heading+overlap,1.00,SUPERSEDE_REDUNDANT->installation x1
aspose-words-foss/Aspose.Words-FOSS-for-.NET,readme_unit,Required Package Dependencies,PRESENT_IN_FACTS,6,6 lines,n/a,facts,heading+overlap,1.00,SUPERSEDE_REDUNDANT->dependencies x1
aspose-words-foss/Aspose.Words-FOSS-for-.NET,readme_unit,Native and System Requirements,PRESENT_IN_FACTS,4,4 lines,n/a,facts,heading+overlap,1.00,SUPERSEDE_REDUNDANT->dependencies x1
aspose-words-foss/Aspose.Words-FOSS-for-.NET,readme_unit,Development Dependencies,PRESENT_IN_FACTS,6,6 lines,n/a,facts,heading+overlap,1.00,SUPERSEDE_REDUNDANT->dependencies x1
aspose-words-foss/Aspose.Words-FOSS-for-.NET,readme_unit,A quick example,PRESENT_IN_FACTS,23,23 lines,n/a,facts,heading+overlap,1.00,SUPERSEDE_REDUNDANT->quick_start x1
aspose-words-foss/Aspose.Words-FOSS-for-.NET,readme_unit,Additional Examples,PRESENT_IN_FACTS,3,3 lines,n/a,facts,heading+overlap,1.00,VERIFIED_PRESERVE->additional_examples x1
aspose-words-foss/Aspose.Words-FOSS-for-.NET,readme_unit,Accept All Tracked Changes,PRESENT_IN_README,12,12 lines,n/a,sealed_readme,content_overlap,0.61,
aspose-words-foss/Aspose.Words-FOSS-for-.NET,readme_unit,Merge Two Documents,PRESENT_IN_README,10,10 lines,n/a,sealed_readme,content_overlap,0.60,
aspose-words-foss/Aspose.Words-FOSS-for-.NET,readme_unit,Convert Markdown to DOCX,PRESENT_IN_README,8,8 lines,n/a,sealed_readme,content_overlap,0.70,
aspose-words-foss/Aspose.Words-FOSS-for-.NET,readme_unit,Read and Adjust an Embedded Chart's Data Labels,PRESENT_IN_README,22,22 lines,n/a,sealed_readme,content_overlap,0.61,
aspose-words-foss/Aspose.Words-FOSS-for-.NET,readme_unit,API Reference,PRESENT_IN_README,6,6 lines,n/a,sealed_readme,heading+overlap,0.67,
aspose-words-foss/Aspose.Words-FOSS-for-.NET,readme_unit,Core API,PRESENT_IN_README,383,383 lines,n/a,sealed_readme,heading+overlap,0.97,
aspose-words-foss/Aspose.Words-FOSS-for-.NET,readme_unit,Interfaces,PRESENT_IN_README,30,30 lines,n/a,sealed_readme,content_overlap,0.99,
aspose-words-foss/Aspose.Words-FOSS-for-.NET,readme_unit,Enumerations,PRESENT_IN_README,216,216 lines,n/a,sealed_readme,heading+overlap,0.99,
aspose-words-foss/Aspose.Words-FOSS-for-.NET,readme_unit,Document and DocumentBuilder,PRESENT_IN_FACTS,22,22 lines,n/a,facts,heading+overlap,1.00,VERIFIED_PRESERVE->api_reference x1
aspose-words-foss/Aspose.Words-FOSS-for-.NET,readme_unit,Document Structure,PRESENT_IN_FACTS,9,9 lines,n/a,facts,heading+overlap,1.00,VERIFIED_PRESERVE->api_reference x1
aspose-words-foss/Aspose.Words-FOSS-for-.NET,readme_unit,"Fields, Tracked Changes, Protection, and Signatures",PRESENT_IN_README,6,6 lines,n/a,sealed_readme,content_overlap,0.62,
aspose-words-foss/Aspose.Words-FOSS-for-.NET,readme_unit,Charts,PRESENT_IN_FACTS,11,11 lines,n/a,facts,heading+overlap,1.00,VERIFIED_PRESERVE->api_reference x1
aspose-words-foss/Aspose.Words-FOSS-for-.NET,readme_unit,What's not included (and where to get it),PRESENT_IN_README,11,11 lines,n/a,sealed_readme,content_overlap,0.64,
aspose-words-foss/Aspose.Words-FOSS-for-.NET,readme_unit,Development and Testing,PRESENT_IN_FACTS,10,10 lines,n/a,facts,heading+overlap,1.00,VERIFIED_MOVE->development_testing x1
aspose-words-foss/Aspose.Words-FOSS-for-.NET,readme_unit,The story behind this code,PRESENT_IN_FACTS,9,9 lines,n/a,facts,heading+overlap,1.00,OMIT_UNSUPPORTED->- x1
aspose-words-foss/Aspose.Words-FOSS-for-.NET,readme_unit,Documentation & Resources,PRESENT_IN_README,8,8 lines,n/a,sealed_readme,heading+overlap,0.72,
aspose-words-foss/Aspose.Words-FOSS-for-.NET,readme_unit,Enjoying it? Star it ⭐,PRESENT_IN_FACTS,7,7 lines,n/a,facts,heading+overlap,1.00,OMIT_UNSUPPORTED->- x1
aspose-words-foss/Aspose.Words-FOSS-for-.NET,readme_unit,Contributing,PRESENT_IN_FACTS,3,3 lines,n/a,facts,heading+overlap,1.00,SUPERSEDE_REDUNDANT->documentation_resources x1
aspose-words-foss/Aspose.Words-FOSS-for-.NET,readme_unit,License,PRESENT_IN_README,2,2 lines,n/a,sealed_readme,heading+overlap,0.80,
aspose-words-foss/Aspose.Words-FOSS-for-.NET,license_notice,LICENSE,PRESENT_IN_README,22,22 lines,true,sealed_readme,pattern,1.00,
aspose-words-foss/Aspose.Words-FOSS-for-.NET,github_release,release v26.3.0,MISSING,2500,latest release v26.3.0 published 2026-09-01; 2500 chars,false,,,,
aspose-words-foss/Aspose.Words-FOSS-for-.NET,target_framework,target framework net462,MISSING,0,dotnet; declared in 2 file(s): Aspose.Foundation/Aspose.Foundation/Aspose.Foundation.csproj,false,,,,
aspose-words-foss/Aspose.Words-FOSS-for-.NET,target_framework,target framework net8.0,MISSING,0,dotnet; declared in 2 file(s): Aspose.Foundation/Aspose.Foundation/Aspose.Foundation.csproj,true,,,,
aspose-words-foss/Aspose.Words-FOSS-for-.NET,target_framework,target framework netstandard2.0,PRESENT_IN_README,0,dotnet; declared in 3 file(s): Aspose.Foundation/Aspose.Foundation/Aspose.Foundation.csproj,false,sealed_readme,pattern,1.00,
aspose-words-foss/Aspose.Words-FOSS-for-.NET,test_suite,Aspose.Foundation/Aspose.Foundation.Tests,MISSING,91,91 test file(s),false,,,,
aspose-words-foss/Aspose.Words-FOSS-for-.NET,test_suite,Aspose.JavaMs.Tests,MISSING,77,77 test file(s),false,,,,
aspose-words-foss/Aspose.Words-FOSS-for-.NET,test_suite,Aspose.Words.Tests,MISSING,343,343 test file(s),true,,,,
aspose-words-foss/Aspose.Words-FOSS-for-.NET,test_suite,TestData/Data/xsd,MISSING,1,1 test file(s),false,,,,
aspose-words-foss/Aspose.Words-FOSS-for-.NET,test_suite,TestData/Model/Markup,MISSING,1,1 test file(s),false,,,,
aspose-words-foss/Aspose.Words-FOSS-for-.NET,test_suite,TestData/Model/Shape/Ole/InsertOleObject,MISSING,1,1 test file(s),false,,,,
aspose-words-foss/Aspose.Words-FOSS-for-.NET,build_command,dotnet build,MISSING,0,15 source(s): convention:Aspose.Foundation/Aspose.Foundation/Aspose.Foundation.csproj; convention:Aspose.Foundation/Aspose.TestFx/Aspose.TestFx.csproj; convention:Aspose.Foundation/Tools/XMLUnit/XMLUnit.NetStandard2.0.csproj,true,,,,
aspose-words-foss/Aspose.Words-FOSS-for-.NET,test_command,dotnet test,MISSING,0,15 source(s): convention:Aspose.Foundation/Aspose.Foundation/Aspose.Foundation.csproj; convention:Aspose.Foundation/Aspose.TestFx/Aspose.TestFx.csproj; convention:Aspose.Foundation/Tools/XMLUnit/XMLUnit.NetStandard2.0.csproj,true,,,,
aspose-words-foss/Aspose.Words-FOSS-for-Python,readme_unit,Aspose.Words FOSS for Python,PRESENT_IN_README,11,11 lines,n/a,sealed_readme,heading+overlap,0.69,
aspose-words-foss/Aspose.Words-FOSS-for-Python,readme_unit,Navigation,PRESENT_IN_README,13,13 lines,n/a,sealed_readme,heading+overlap,0.79,
aspose-words-foss/Aspose.Words-FOSS-for-Python,readme_unit,At a Glance,PRESENT_IN_README,29,29 lines,n/a,sealed_readme,heading+overlap,0.62,
aspose-words-foss/Aspose.Words-FOSS-for-Python,readme_unit,Key Capabilities,PRESENT_IN_README,29,29 lines,n/a,sealed_readme,heading+overlap,0.52,
aspose-words-foss/Aspose.Words-FOSS-for-Python,readme_unit,Installation,PRESENT_IN_FACTS,22,22 lines,n/a,facts,heading+overlap,1.00,OMIT_UNSUPPORTED->- x1
aspose-words-foss/Aspose.Words-FOSS-for-Python,readme_unit,Required Package Dependencies,PRESENT_IN_README,5,5 lines,n/a,sealed_readme,heading+overlap,0.41,
aspose-words-foss/Aspose.Words-FOSS-for-Python,readme_unit,Native and System Requirements,PRESENT_IN_README,3,3 lines,n/a,sealed_readme,heading+overlap,0.64,
aspose-words-foss/Aspose.Words-FOSS-for-Python,readme_unit,Development Dependencies,PRESENT_IN_README,7,7 lines,n/a,sealed_readme,heading+overlap,0.45,
aspose-words-foss/Aspose.Words-FOSS-for-Python,readme_unit,Quick Start,PRESENT_IN_README,23,23 lines,n/a,sealed_readme,content_overlap,0.69,
aspose-words-foss/Aspose.Words-FOSS-for-Python,readme_unit,Additional Examples,PRESENT_IN_FACTS,4,4 lines,n/a,facts,heading+overlap,1.00,OMIT_UNSUPPORTED->- x1
aspose-words-foss/Aspose.Words-FOSS-for-Python,readme_unit,Save With Markdown and PDF Options,PRESENT_IN_README,28,28 lines,n/a,sealed_readme,content_overlap,0.65,
aspose-words-foss/Aspose.Words-FOSS-for-Python,readme_unit,Extract Plain Text,PRESENT_IN_README,9,9 lines,n/a,sealed_readme,content_overlap,0.69,
aspose-words-foss/Aspose.Words-FOSS-for-Python,readme_unit,Convert Every Input Format to PDF,PRESENT_IN_README,9,9 lines,n/a,sealed_readme,content_overlap,0.74,
aspose-words-foss/Aspose.Words-FOSS-for-Python,readme_unit,Load From a Stream,PRESENT_IN_FACTS,17,17 lines,n/a,facts,heading+overlap,1.00,SUPERSEDE_REDUNDANT->additional_examples x1
aspose-words-foss/Aspose.Words-FOSS-for-Python,readme_unit,Preserve a UTF-8 BOM in Markdown Output,PRESENT_IN_README,10,10 lines,n/a,sealed_readme,content_overlap,0.63,
aspose-words-foss/Aspose.Words-FOSS-for-Python,readme_unit,Pretty-Print DOCX XML,PRESENT_IN_README,10,10 lines,n/a,sealed_readme,content_overlap,0.65,
aspose-words-foss/Aspose.Words-FOSS-for-Python,readme_unit,Set DOCX Compression Level,PRESENT_IN_FACTS,10,10 lines,n/a,facts,heading+overlap,1.00,SUPERSEDE_REDUNDANT->additional_examples x1
aspose-words-foss/Aspose.Words-FOSS-for-Python,readme_unit,Convert Image-Containing Documents to Every Output Format,PRESENT_IN_FACTS,21,21 lines,n/a,facts,heading+overlap,1.00,SUPERSEDE_REDUNDANT->additional_examples x1
aspose-words-foss/Aspose.Words-FOSS-for-Python,readme_unit,Load Markdown From In-Memory Content,PRESENT_IN_FACTS,42,42 lines,n/a,facts,heading+overlap,1.00,SUPERSEDE_REDUNDANT->additional_examples x1
aspose-words-foss/Aspose.Words-FOSS-for-Python,readme_unit,API Reference,PRESENT_IN_README,10,10 lines,n/a,sealed_readme,heading+overlap,0.63,
aspose-words-foss/Aspose.Words-FOSS-for-Python,readme_unit,Core API,PRESENT_IN_README,73,73 lines,n/a,sealed_readme,heading+overlap,0.98,
aspose-words-foss/Aspose.Words-FOSS-for-Python,readme_unit,Enumerations,PRESENT_IN_README,7,7 lines,n/a,sealed_readme,heading+overlap,1.00,
aspose-words-foss/Aspose.Words-FOSS-for-Python,readme_unit,Converters,PRESENT_IN_README,7,7 lines,n/a,sealed_readme,content_overlap,0.92,
aspose-words-foss/Aspose.Words-FOSS-for-Python,readme_unit,DOC Reader,PRESENT_IN_README,19,19 lines,n/a,sealed_readme,heading+overlap,1.00,
aspose-words-foss/Aspose.Words-FOSS-for-Python,readme_unit,DOCX Reader,PRESENT_IN_README,29,29 lines,n/a,sealed_readme,heading+overlap,0.97,
aspose-words-foss/Aspose.Words-FOSS-for-Python,readme_unit,DOCX Writer,PRESENT_IN_README,9,9 lines,n/a,sealed_readme,heading+overlap,0.93,
aspose-words-foss/Aspose.Words-FOSS-for-Python,readme_unit,Model,PRESENT_IN_README,19,19 lines,n/a,sealed_readme,heading+overlap,0.98,
aspose-words-foss/Aspose.Words-FOSS-for-Python,readme_unit,Parsers,PRESENT_IN_README,9,9 lines,n/a,sealed_readme,content_overlap,0.95,
aspose-words-foss/Aspose.Words-FOSS-for-Python,readme_unit,PDF Writer,PRESENT_IN_README,12,12 lines,n/a,sealed_readme,heading+overlap,0.91,
aspose-words-foss/Aspose.Words-FOSS-for-Python,readme_unit,Document Loading and Saving,PRESENT_IN_FACTS,14,14 lines,n/a,facts,heading+overlap,1.00,VERIFIED_MOVE->api_reference x1
aspose-words-foss/Aspose.Words-FOSS-for-Python,readme_unit,Format Readers,PRESENT_IN_README,9,9 lines,n/a,sealed_readme,content_overlap,0.73,
aspose-words-foss/Aspose.Words-FOSS-for-Python,readme_unit,Markdown Export,PRESENT_IN_FACTS,7,7 lines,n/a,facts,heading+overlap,1.00,VERIFIED_MOVE->api_reference x1
aspose-words-foss/Aspose.Words-FOSS-for-Python,readme_unit,PDF Export,PRESENT_IN_FACTS,11,11 lines,n/a,facts,heading+overlap,1.00,VERIFIED_MOVE->api_reference x1
aspose-words-foss/Aspose.Words-FOSS-for-Python,readme_unit,DOCX Round-Trip Writing,PRESENT_IN_FACTS,8,8 lines,n/a,facts,heading+overlap,1.00,VERIFIED_MOVE->api_reference x1
aspose-words-foss/Aspose.Words-FOSS-for-Python,readme_unit,Document Object Model,PRESENT_IN_FACTS,10,10 lines,n/a,facts,heading+overlap,1.00,VERIFIED_MOVE->api_reference x1
aspose-words-foss/Aspose.Words-FOSS-for-Python,readme_unit,Enums,PRESENT_IN_README,7,7 lines,n/a,sealed_readme,content_overlap,1.00,
aspose-words-foss/Aspose.Words-FOSS-for-Python,readme_unit,Documentation & Resources,PRESENT_IN_README,9,9 lines,n/a,sealed_readme,heading+overlap,0.77,
aspose-words-foss/Aspose.Words-FOSS-for-Python,readme_unit,Scope and Limitations,PRESENT_IN_README,19,19 lines,n/a,sealed_readme,heading+overlap,0.50,
aspose-words-foss/Aspose.Words-FOSS-for-Python,readme_unit,Development and Testing,PRESENT_IN_README,17,17 lines,n/a,sealed_readme,heading+overlap,0.97,
aspose-words-foss/Aspose.Words-FOSS-for-Python,readme_unit,License,PRESENT_IN_README,4,4 lines,n/a,sealed_readme,heading+overlap,1.00,
aspose-words-foss/Aspose.Words-FOSS-for-Python,license_notice,LICENSE,PRESENT_IN_README,22,22 lines,true,sealed_readme,pattern,1.00,
aspose-words-foss/Aspose.Words-FOSS-for-Python,target_framework,"requires-python >=3.10,<3.13",PRESENT_IN_README,0,python; declared in 1 file(s): pyproject.toml,true,sealed_readme,pattern,1.00,
aspose-words-foss/Aspose.Words-FOSS-for-Python,test_suite,ApiExamples,PRESENT_IN_README,2,2 test file(s),true,sealed_readme,dir_pointer,0.00,
aspose-words-foss/Aspose.Words-FOSS-for-Python,test_suite,tests,PRESENT_IN_README,3,3 test file(s),false,sealed_readme,dir_pointer,0.00,
aspose-words-foss/Aspose.Words-FOSS-for-Python,test_command,pytest,PRESENT_IN_README,0,3 source(s): convention:ApiExamples/conftest.py; convention:ApiExamples/pytest.ini; convention:pyproject.toml,true,sealed_readme,command,1.00,
